id,result,status,true_status,transcript,duration,call_status,prompt
139006,автоответчик,недозвон,,"bot: Добрый день! Это компания t2, корпоративный отдел, Ольга. Минуту уделите, пожалуйста?; human: к сожалению абонент сейчас не может ответить возможно он занят его телефон разрядился",11,200 OK,hello_main
186030,автоответчик,недозвон,,"bot: Добрый день! Это компания t2, корпоративный отдел, Ольга. Минуту уделите, пожалуйста?; human: абонент сейчас не может ответить на ваш звонок его фон выключен или находится вне зоны действия сети",15,200 OK,hello_main
201802,автоответчик,недозвон,,"bot: Добрый день! Корпоративный отдел компании t2, меня зову Ольга. Меня слышно, да?; bot: Алло, слышно меня?; bot: Аааллооо.; human: дело в том что сейчас линия занята у вас срочный вопрос к абоненту",29,200 OK,"hello_main, hello_null_1, hello_null_2"
202343,автоответчик,недозвон,,"bot: Добрый день! Компания t2, меня зовут Ольга. Звоню по корпоративному договору, меня хорошо слышно?; human: оставайтесь на линии",30,200 OK,hello_main
202807,автоответчик Олег,недозвон,,"bot: Добрый день! Это компания t2, корпоративный отдел, Ольга. Минуту уделите, пожалуйста?; human: ну это тоже здоровались опять; bot: У меня один короткий вопрос по вашему договору. Мм…; bot: Дело в том, что мы заметили снижение трафика по вашему контракту.; bot: Подскажите, пожалуйста, планируете ли вы пользоваться нашими услугами дальше?; bot: Алло?; bot: Вас не слышно; human: с моей стороны; bot: Мы видим, что вы стали меньше пользоваться корпоративной связью. Уточните, пожалуйста, планируете ли продолжить пользоваться нашими услугами?; human: вас очень приятный голос вы живой человек или робот",49,200 OK,"hello_main, hello_default, clarification_main, clarification_main_tail, clarification_null_1, clarification_null_2, clarification_default_1"
237950,автоответчик Олег,недозвон,,"bot: Добрый день! Корпоративный отдел компании t2, меня зову Ольга. Меня слышно, да?; bot: Алло, слышно меня?; human: поинтересоваться о чем вы хотите рассказать; bot: У меня один короткий вопрос по вашему договору. Мм…; bot: Дело в том, что мы заметили снижение трафика по вашему контракту.; bot: Подскажите, пожалуйста, планируете ли вы пользоваться нашими услугами дальше?; human: можете рассказать подробнее я все передам абоненту",37,200 OK,"hello_main, hello_null_1, hello_default, clarification_main, clarification_main_tail"
238240,автоответчик,недозвон,,"bot: Добрый день! Это компания t2, корпоративный отдел, Ольга. Минуту уделите, пожалуйста?; human: к сожалению абонент сейчас не может ответить возможно он занят его телефон разрядился",12,200 OK,hello_main
240155,автоответчик,недозвон,,"bot: Добрый день! Компания t2, меня зовут Ольга. Звоню по корпоративному договору, меня хорошо слышно?; human: к сожалению абонент сейчас не может ответить возможно он занят его телефон разрядился",12,200 OK,hello_main
246919,автоответчик,недозвон,,"bot: Добрый день! Компания t2, меня зовут Ольга. Звоню по корпоративному договору, меня хорошо слышно?; human: приветствует в данный момент номер на который вы звоните находится в свободной если вы хотите приобрести данный номер или узнать больше наших",17,200 OK,hello_main
251231,автоответчик,недозвон,,"bot: Добрый день! Меня зовут Ольга, корпоративный отдел компании t2. Вам удобно сейчас минуту уделить?; human: приветствует в данный момент номер на который вы звоните находится в свободной продаже вы хотите приобрести данный номер или узнать больше о наших",15,200 OK,hello_main
261349,автоответчик,недозвон,,"bot: Добрый день! Корпоративный отдел компании t2, меня зову Ольга. Меня слышно, да?; human: абонент сейчас не может ответить возможно он занят его телефон разрядился",13,200 OK,hello_main
262529,автоответчик,недозвон,,"bot: Добрый день! Это компания t2, корпоративный отдел, Ольга. Минуту уделите, пожалуйста?; human: сейчас не может ответить на ваш звонок его телефон занят попробуйте перезвонить позднее если хотите отправить бесплатное смс с просьбой перезвонить нажмите 1; human: всего доброго",42,200 OK,hello_main
265659,автоответчик,недозвон,,"bot: Добрый день! Корпоративный отдел компании t2, меня зову Ольга. Меня слышно, да?; human: к сожалению абонент сейчас не может ответить возможно он занят его телефон разрядился",12,200 OK,hello_main
393443,автоответчик,недозвон,,"bot: Добрый день! Корпоративный отдел компании t2, меня зову Ольга. Меня слышно, да?; human: к сожалению абонент сейчас не может ответить возможно он занят его телефон разрядился",12,200 OK,hello_main
395536,автоответчик Олег,недозвон,,"bot: Добрый день! Корпоративный отдел компании t2, меня зову Ольга. Меня слышно, да?; human: все записано понимаете сейчас абонент не может принять звонок меня зовут ми и голосовой ассистент давайте я передам от вас что то еще",20,200 OK,hello_main
400672,автоответчик,недозвон,,"bot: Добрый день! Корпоративный отдел компании t2, меня зову Ольга. Меня слышно, да?; human: сейчас не может ответить возможно он занят его телефон разрядился",12,200 OK,hello_main
419362,автоответчик,недозвон,,"bot: Добрый день! Меня зовут Ольга, корпоративный отдел компании t2. Вам удобно сейчас минуту уделить?; human: абонент сейчас не может ответить на ваш звонок его телефонон занят попробуйте перезвонить позднее если хотите отправить бесплатное смс сообщение с просьбой перезвонить нажмите 1; human: спасибо всего доброго",41,200 OK,hello_main
795537,автоответчик,недозвон,,"bot: Добрый день! Корпоративный отдел компании t2, меня зову Ольга. Меня слышно, да?; human: к сожалению абонент сейчас не может ответить возможно он занят его телефон разрядился",12,200 OK,hello_main
797956,автоответчик,недозвон,,"bot: Добрый день! Корпоративный отдел компании t2, меня зову Ольга. Меня слышно, да?; human: абонент сейчас не может ответить на ваш звонок его фон выключен или находится вне зоны действия сети",14,200 OK,hello_main
817235,автоответчик Олег,недозвон,,"bot: Добрый день! Корпоративный отдел компании t2, меня зову Ольга. Меня слышно, да?; bot: Алло, слышно меня?; human: я не знаю говорите вы или нет но я не слышу",25,200 OK,"hello_main, hello_null_1"
842436,автоответчик,недозвон,,"bot: Добрый день! Меня зовут Ольга, корпоративный отдел компании t2. Вам удобно сейчас минуту уделить?; human: абонент сейчас не может ответить на ваш",9,200 OK,hello_main
842533,автоответчик,недозвон,,"bot: Добрый день! Меня зовут Ольга, корпоративный отдел компании t2. Вам удобно сейчас минуту уделить?; bot: Алло, слышно меня?; human: занят оставьте сообщение на автоответчик",18,200 OK,"hello_main, hello_null_1"
846937,автоответчик,недозвон,,"bot: Добрый день! Компания t2, меня зовут Ольга. Звоню по корпоративному договору, меня хорошо слышно?; human: абонент не может ответить на ваш звонок его телефон занят попробуйте перезвонить позднее если хотите отправить бесплатное смс с просьбой перезвонить нажмите 1; human: спасибо всего доброго",39,200 OK,hello_main
847683,автоответчик,недозвон,,"bot: Добрый день! Корпоративный отдел компании t2, меня зову Ольга. Меня слышно, да?; human: к сожалению абонент сейчас не может ответить",15,200 OK,hello_main
901663,автоответчик,недозвон,,"bot: Добрый день! Меня зовут Ольга, корпоративный отдел компании t2. Вам удобно сейчас минуту уделить?; human: к сожалению абонент сейчас не может ответить",12,200 OK,hello_main
978333,автоответчик,недозвон,,"bot: Добрый день! Корпоративный отдел компании t2, меня зову Ольга. Меня слышно, да?; human: к сожалению абонент сейчас не может ответить возможно он занят его телефон разрядился",12,200 OK,hello_main
980462,автоответчик Олег,недозвон,,"bot: Добрый день! Меня зовут Ольга, корпоративный отдел компании t2. Вам удобно сейчас минуту уделить?; human: так у меня как раз есть несколько свободных минут я слушаю",17,200 OK,hello_main
1001410,автоответчик Олег,недозвон,,"bot: Добрый день! Компания t2, меня зовут Ольга. Звоню по корпоративному договору, меня хорошо слышно?; bot: Алло, слышно меня?; human: выдайте говорить вместо вас что вы сказали; bot: Компания ""t2"", ваш сотовый оператор. Ранее вы нас знали как ""Теле2"".; bot: Дело в том, что мы заметили снижение трафика по вашему контракту.; bot: Подскажите, пожалуйста, планируете ли вы пользоваться нашими услугами дальше?; human: боже мой я как будто выберите слов где выход объясните; bot: Мм, мои коллеги заметили, что по вашему договору корпоративной связи снизился трафик. Ну то есть меньше звонков стало совершаться, активность уменьшилась. Поэтому хотим уточнить, планируете ли вы пользоваться нашими услугами дальше?; bot: Алло?; human: это сергу сосредоточиться; bot: Мы видим, что вы стали меньше пользоваться корпоративной связью. Уточните, пожалуйста, планируете ли продолжить пользоваться нашими услугами?; human: тут кто то в космосу вас; bot: Видим, что корпоративную связь оплачиваете, а пользуетесь сейчас редко. Мм, планируете вернуться к прежней активности?; human: у вас чайно не улиткой языке повторите; bot: Мы видим, что в рамках корпоративного договора стали меньше пользоваться связью. Подскажите, пожалуйста, всё хорошо работает, вы планируете дальше с нами сотрудничать?; human: алло кто то поезд под водой повторите ваше сообщение; bot: Сейчас вы стали реже пользоваться услугами t2. Уточните, пожалуйста, вы продолжите пользоваться нашей корпоративной связью?; bot: Вас не слышно; human: извините но меня тут муравьиной ни слова; bot: Слушаю.; human: у вас случайно не улитке повторите",136,200 OK,"hello_main, hello_null_1, hello_repeat, clarification_main, clarification_main_tail, clarification_dont_understand_1, clarification_null_1, clarification_default_1, clarification_default_2, clarification_dont_understand_2, clarification_dont_understand_3, clarification_null_2, clarification_interruption_1"
1013374,автоответчик,недозвон,,"bot: Добрый день! Это компания t2, корпоративный отдел, Ольга. Минуту уделите, пожалуйста?; human: для соединения с отделом продаж нажмите 1; human: т поддержкой 2 с бухгалтерией 3 ждите на линии пока выполняется перевод вызова оператору",35,200 OK,hello_main
1017717,автоответчик,недозвон,,"bot: Добрый день! Корпоративный отдел компании t2, меня зову Ольга. Меня слышно, да?; human: возможно он занят его разрядился или находится в беззвучном режиме; bot: У меня короткий вопрос по вашему договору, буквально минута.; bot: Дело в том, что мы заметили снижение трафика по вашему контракту.; human: после звукового сигнала",22,200 OK,"hello_main, hello_wrong_time, clarification_main"
1018270,автоответчик,недозвон,,"bot: Добрый день! Корпоративный отдел компании t2, меня зову Ольга. Меня слышно, да?; human: семейной для соединения с главным врачом нажмите 1 со старшими медсестрой 2 с заместителем генерального директора наберите; human: для соединения с главным врачом наберите 1 старший медсестрой набе наберите заместителем генерального директора наберите 3; human: мы не получили действительный ответ подождите идет соединение",42,200 OK,hello_main
1029540,автоответчик,недозвон,,"bot: Добрый день! Меня зовут Ольга, корпоративный отдел компании t2. Вам удобно сейчас минуту уделить?; human: абонент сейчас не может ответить можно он занят его телефон разрядился",14,200 OK,hello_main
1031263,автоответчик,недозвон,,"bot: Добрый день! Меня зовут Ольга, корпоративный отдел компании t2. Вам удобно сейчас минуту уделить?; human: к сожалению абонент сейчас не может ответить можно он занят его телефон разрядился",12,200 OK,hello_main
1032221,автоответчик,недозвон,,"bot: Добрый день! Это компания t2, корпоративный отдел, Ольга. Минуту уделите, пожалуйста?; human: к сожалению абонент сейчас не может ответить возможно он занят его телефон разрядился",12,200 OK,hello_main
1044775,автоответчик,недозвон,,"bot: Добрый день! Меня зовут Ольга, корпоративный отдел компании t2. Вам удобно сейчас минуту уделить?; human: продолжается попытка дозвониться до нента который пока что не успел ответить на ваш вызов",12,200 OK,hello_main
1050751,автоответчик Олег,недозвон,,"bot: Добрый день! Компания t2, меня зовут Ольга. Звоню по корпоративному договору, меня хорошо слышно?; human: запомнила и сохранила всю информацию моя алгоритма подсказывает что это что то важное поэтому я уже отправляю ваше сообщение абоненту ничего не забыли я готова записать что нибудь еще",24,200 OK,hello_main
1054857,автоответчик Олег,недозвон,,"bot: Добрый день! Это компания t2, корпоративный отдел, Ольга. Минуту уделите, пожалуйста?; human: алло что вы хотели; bot: У меня короткий вопрос по вашему договору, буквально минута.; bot: Дело в том, что мы заметили снижение трафика по вашему контракту.; bot: Подскажите, пожалуйста, планируете ли вы пользоваться нашими услугами дальше?; human: подробнее расскажите",35,200 OK,"hello_main, hello_wrong_time, clarification_main, clarification_main_tail"
1100802,автоответчик,недозвон,,"bot: Добрый день! Компания t2, меня зовут Ольга. Звоню по корпоративному договору, меня хорошо слышно?; human: абонент сейчас не может ответить на ваш звонок его телефон выключен или находится вне зоны действия сети попробуйте перезвонить позднее если вы хотите отправить ему бесплатное смс с просьбой перезвонить нажмите 1; human: спасибо всего доброго",45,200 OK,hello_main
1137862,автоответчик,недозвон,,"bot: Добрый день! Это компания t2, корпоративный отдел, Ольга. Минуту уделите, пожалуйста?; human: соединение установлено пожалуйста подождите",10,200 OK,hello_main
1174665,автоответчик,недозвон,,"bot: Добрый день! Компания t2, меня зовут Ольга. Звоню по корпоративному договору, меня хорошо слышно?; human: к сожалению абонент сейчас не может ответить возможно он занят его телефон разрядился",12,200 OK,hello_main
1199474,автоответчик,недозвон,,"bot: Добрый день! Компания t2, меня зовут Ольга. Звоню по корпоративному договору, меня хорошо слышно?; human: продолжается попытка дозвониться до который пока что не успел ответить на ваш вызов",12,200 OK,hello_main
1199519,автоответчик Олег,недозвон,,"bot: Добрый день! Меня зовут Ольга, корпоративный отдел компании t2. Вам удобно сейчас минуту уделить?; human: алло я у телефона; bot: У меня один короткий вопрос по вашему договору. Мм…; bot: Дело в том, что мы заметили снижение трафика по вашему контракту.; bot: Подскажите, пожалуйста, планируете ли вы пользоваться нашими услугами дальше?; human: принимаю; bot: Мы видим, что вы стали меньше пользоваться корпоративной связью. Уточните, пожалуйста, планируете ли продолжить пользоваться нашими услугами?; human: слышу хорошо продолжайте",47,200 OK,"hello_main, hello_default, clarification_main, clarification_main_tail, clarification_default_1"
1200625,автоответчик,недозвон,,"bot: Добрый день! Корпоративный отдел компании t2, меня зову Ольга. Меня слышно, да?; human: занят его телефон разрядился; bot: У меня короткий вопрос по вашему договору, буквально минута.; bot: Дело в том, что мы заметили снижение трафика по вашему контракту.; human: записать вас после звукового сигнала",24,200 OK,"hello_main, hello_wrong_time, clarification_main"
1202063,автоответчик,недозвон,,"bot: Добрый день! Меня зовут Ольга, корпоративный отдел компании t2. Вам удобно сейчас минуту уделить?; human: продолжается попытка дозвониться до нента который пока что не успел ответить на ваш вызов",13,200 OK,hello_main
1203490,автоответчик,недозвон,,"bot: Добрый день! Корпоративный отдел компании t2, меня зову Ольга. Меня слышно, да?; human: или находится вне зоны доступа к сожалению мы не можем оставить голосовое сообщение для данного потому что у него отключена услуга голосовой почты",16,200 OK,hello_main
1204125,автоответчик Олег,недозвон,,"bot: Добрый день! Корпоративный отдел компании t2, меня зову Ольга. Меня слышно, да?; human: слушаю слушаю; bot: Отлично!; bot: Дело в том, что мы заметили снижение трафика по вашему контракту.; bot: Подскажите, пожалуйста, планируете ли вы пользоваться нашими услугами дальше?; human: слушаю слушаю; bot: Мы видим, что вы стали меньше пользоваться корпоративной связью. Уточните, пожалуйста, планируете ли продолжить пользоваться нашими услугами?; human: давайте подробнее; bot: Мм, мои коллеги заметили, что по вашему договору корпоративной связи снизился трафик. Ну то есть меньше звонков стало совершаться, активность уменьшилась. Поэтому хотим уточнить, планируете ли вы пользоваться нашими услугами дальше?; human: уточните ключевой момент пожалуйста",60,200 OK,"hello_main, hello_thanks, clarification_main, clarification_main_tail, clarification_default_1, clarification_dont_understand_1"
1239135,автоответчик Олег,недозвон,,"bot: Добрый день! Корпоративный отдел компании t2, меня зову Ольга. Меня слышно, да?; human: к сожалению абонент сейчас не может возможно он занят его телефон разрядился",12,200 OK,hello_main
1239956,автоответчик Олег,недозвон,,"bot: Добрый день! Это компания t2, корпоративный отдел, Ольга. Минуту уделите, пожалуйста?; human: здравствуйте по какому вопросу; bot: У меня короткий вопрос по вашему договору, буквально минута.; bot: Дело в том, что мы заметили снижение трафика по вашему контракту.; bot: Подскажите, пожалуйста, планируете ли вы пользоваться нашими услугами дальше?; human: говорите далее; bot: Мы видим, что вы стали меньше пользоваться корпоративной связью. Уточните, пожалуйста, планируете ли продолжить пользоваться нашими услугами?; human: слушаю дальше; bot: Видим, что корпоративную связь оплачиваете, а пользуетесь сейчас редко. Мм, планируете вернуться к прежней активности?; human: не совсем понял этот пункт поясните; bot: Мм, мои коллеги заметили, что по вашему договору корпоративной связи снизился трафик. Ну то есть меньше звонков стало совершаться, активность уменьшилась. Поэтому хотим уточнить, планируете ли вы пользоваться нашими услугами дальше?; human: в чем заключается основная мысль",86,200 OK,"hello_main, hello_wrong_time, clarification_main, clarification_main_tail, clarification_default_1, clarification_default_2, clarification_dont_understand_1"
1245101,автоответчик,недозвон,,"bot: Добрый день! Компания t2, меня зовут Ольга. Звоню по корпоративному договору, меня хорошо слышно?; human: продолжается попытка дозвониться до нента который пока что не успел ответить на ваш вызов",12,200 OK,hello_main
1249957,автоответчик,недозвон,,"bot: Добрый день! Компания t2, меня зовут Ольга. Звоню по корпоративному договору, меня хорошо слышно?; human: спасибо за звонок вас приветствует управляющая федеральной сети клиник центр ко",13,200 OK,hello_main
1252276,автоответчик Олег,недозвон,,"bot: Добрый день! Компания t2, меня зовут Ольга. Звоню по корпоративному договору, меня хорошо слышно?; human: алло я у телефона; bot: У меня один короткий вопрос по вашему договору. Мм…; bot: Дело в том, что мы заметили снижение трафика по вашему контракту.; bot: Подскажите, пожалуйста, планируете ли вы пользоваться нашими услугами дальше?; human: да слушаю; bot: Мы видим, что вы стали меньше пользоваться корпоративной связью. Уточните, пожалуйста, планируете ли продолжить пользоваться нашими услугами?; human: продолжайте я на проводе что именно вы имели в виду; bot: Видим, что корпоративную связь оплачиваете, а пользуетесь сейчас редко. Мм, планируете вернуться к прежней активности?; human: что именно вы хотите подчеркнуть; bot: Отметили, что сейчас вы реже пользуетесь нашими услугами. Скажите, пожалуйста, планируете по корпоративной связи и дальше сотрудничать с нами?; human: скажу вау вам по секрету это не абонент а умная защита от спа мтс защитник я что вы скажете и передам своему абоненту",84,200 OK,"hello_main, hello_default, clarification_main, clarification_main_tail, clarification_default_1, clarification_default_2, clarification_default_3"
1252873,автоответчик,недозвон,,"bot: Добрый день! Это компания t2, корпоративный отдел, Ольга. Минуту уделите, пожалуйста?; human: алло слушаю; bot: Отлично!; bot: Дело в том, что мы заметили снижение трафика по вашему контракту.; human: да; bot: Подскажите, пожалуйста, планируете ли вы пользоваться нашими услугами дальше?; human: вы звоните; bot: Мы видим, что вы стали меньше пользоваться корпоративной связью. Уточните, пожалуйста, планируете ли продолжить пользоваться нашими услугами?; human: к сожалению абонент сейчас не может ответить но давайте я ему детали которые вы желаете сообщить",39,200 OK,"hello_main, hello_thanks, clarification_main, clarification_main_tail, clarification_default_1"
1283573,автоответчик,недозвон,,"bot: Добрый день! Это компания t2, корпоративный отдел, Ольга. Минуту уделите, пожалуйста?; human: будет направлен на вашего персонального номер оставьте сообщение на автоответчик",14,200 OK,hello_main
1288205,автоответчик,недозвон,,"bot: Добрый день! Компания t2, меня зовут Ольга. Звоню по корпоративному договору, меня хорошо слышно?; human: абонент сейчас не может ответить на ваш звонок его телефон занят попробуйте перезвонить позднее если хотите отправить бесплатное смс сообщение с просьбой перезвонить нажмите 1; human: спасибо всего доброго",41,200 OK,hello_main
1288381,автоответчик,недозвон,,"bot: Добрый день! Корпоративный отдел компании t2, меня зову Ольга. Меня слышно, да?; human: абонент сейчас не может ответить на ваш звонок его телефон выключен или находится вне зоны действия сети попробуйте перезвонить позднее если вы хотите отправить ему беплатное смс сообщение с просьбой перезвонить нажмите",24,200 OK,hello_main
1290982,автоответчик Олег,недозвон,,"bot: Добрый день! Корпоративный отдел компании t2, меня зову Ольга. Меня слышно, да?; human: слушаю; bot: Отлично!; bot: Дело в том, что мы заметили снижение трафика по вашему контракту.; bot: Подскажите, пожалуйста, планируете ли вы пользоваться нашими услугами дальше?; human: слушаю слушаю; bot: Мы видим, что вы стали меньше пользоваться корпоративной связью. Уточните, пожалуйста, планируете ли продолжить пользоваться нашими услугами?; human: секундочку; bot: Слушаю.; human: уточните ключевой момент пожалуйста",49,200 OK,"hello_main, hello_thanks, clarification_main, clarification_main_tail, clarification_default_1, clarification_interruption_1"
1292062,автоответчик Олег,недозвон,,"bot: Добрый день! Корпоративный отдел компании t2, меня зову Ольга. Меня слышно, да?; human: алло слушаю; bot: Отлично!; bot: Дело в том, что мы заметили снижение трафика по вашему контракту.; bot: Подскажите, пожалуйста, планируете ли вы пользоваться нашими услугами дальше?; human: ну интересно; bot: Мы видим, что вы стали меньше пользоваться корпоративной связью. Уточните, пожалуйста, планируете ли продолжить пользоваться нашими услугами?; human: слушаю дальше; bot: Видим, что корпоративную связь оплачиваете, а пользуетесь сейчас редко. Мм, планируете вернуться к прежней активности?; human: поясните пожалуйста этот аспект; bot: Мм, мои коллеги заметили, что по вашему договору корпоративной связи снизился трафик. Ну то есть меньше звонков стало совершаться, активность уменьшилась. Поэтому хотим уточнить, планируете ли вы пользоваться нашими услугами дальше?; human: не уловил ключевую идею поясните",75,200 OK,"hello_main, hello_thanks, clarification_main, clarification_main_tail, clarification_default_1, clarification_default_2, clarification_dont_understand_1"
1294518,автоответчик Олег,недозвон,,"bot: Добрый день! Компания t2, меня зовут Ольга. Звоню по корпоративному договору, меня хорошо слышно?; human: ална связи; bot: У меня один короткий вопрос по вашему договору. Мм…; bot: Дело в том, что мы заметили снижение трафика по вашему контракту.; bot: Подскажите, пожалуйста, планируете ли вы пользоваться нашими услугами дальше?; human: я вас слышу; bot: Мы видим, что вы стали меньше пользоваться корпоративной связью. Уточните, пожалуйста, планируете ли продолжить пользоваться нашими услугами?; human: продолжайте я на проводе; bot: Видим, что корпоративную связь оплачиваете, а пользуетесь сейчас редко. Мм, планируете вернуться к прежней активности?; human: проясните пожалуйста этот аспект",60,200 OK,"hello_main, hello_default, clarification_main, clarification_main_tail, clarification_default_1, clarification_default_2"
1296470,автоответчик Олег,недозвон,,"bot: Добрый день! Корпоративный отдел компании t2, меня зову Ольга. Меня слышно, да?; human: алло говорите; bot: Отлично!; bot: Дело в том, что мы заметили снижение трафика по вашему контракту.; bot: Подскажите, пожалуйста, планируете ли вы пользоваться нашими услугами дальше?; human: слушаю внимательно; bot: Мы видим, что вы стали меньше пользоваться корпоративной связью. Уточните, пожалуйста, планируете ли продолжить пользоваться нашими услугами?; human: слышу хорошо продолжайте",40,200 OK,"hello_main, hello_thanks, clarification_main, clarification_main_tail, clarification_default_1"
1309833,автоответчик Олег,недозвон,,"bot: Добрый день! Меня зовут Ольга, корпоративный отдел компании t2. Вам удобно сейчас минуту уделить?; bot: Алло, слышно меня?; human: внимательно алло; bot: У меня один короткий вопрос по вашему договору. Мм…; bot: Дело в том, что мы заметили снижение трафика по вашему контракту.; bot: Подскажите, пожалуйста, планируете ли вы пользоваться нашими услугами дальше?; human: вас плохо слышно повторите пожалуйста; bot: Мм, мои коллеги заметили, что по вашему договору корпоративной связи снизился трафик. Ну то есть меньше звонков стало совершаться, активность уменьшилась. Поэтому хотим уточнить, планируете ли вы пользоваться нашими услугами дальше?; human: пока нент не может ответить а на связи я; bot: Угу, а тогда соедините, пожалуйста, с сотрудником, который занимается вопросами корпоративной связи? Ну или номер продиктуйте, я запишу.; human: хотите передать я все запишу я все записала что то еще хотите передать",72,200 OK,"hello_main, hello_null_1, hello_default, clarification_main, clarification_main_tail, clarification_dont_understand_1, search_mdp_main"
1336731,автоответчик Олег,недозвон,,"bot: Добрый день! Меня зовут Ольга, корпоративный отдел компании t2. Вам удобно сейчас минуту уделить?; human: добрый день что вы хотели; bot: У меня короткий вопрос по вашему договору, буквально минута.; bot: Дело в том, что мы заметили снижение трафика по вашему контракту.; bot: Подскажите, пожалуйста, планируете ли вы пользоваться нашими услугами дальше?; human: продолжайте; bot: Мы видим, что вы стали меньше пользоваться корпоративной связью. Уточните, пожалуйста, планируете ли продолжить пользоваться нашими услугами?; human: так сейчас тише сделаю слушаю",46,200 OK,"hello_main, hello_wrong_time, clarification_main, clarification_main_tail, clarification_default_1"
1338651,автоответчик,недозвон,,"bot: Добрый день! Это компания t2, корпоративный отдел, Ольга. Минуту уделите, пожалуйста?; human: абонент сейчас не может ответить на ваш звонок его телефон занят попробуйте перезвонить позднее если хотите отправить бесплатное смс с просьбой перезвонить нажмите 1; human: спасибо всего доброго",41,200 OK,hello_main
1353158,автоответчик,недозвон,,"bot: Добрый день! Меня зовут Ольга, корпоративный отдел компании t2. Вам удобно сейчас минуту уделить?; human: я для вашего бизнеса у нас всегда большой выбор оборудование вы хотите приобрести оборудование получить помощь в выборе нажмите цифру 1; human: если вам нужна техническая поддержка нажмите цифру 2 иркутск цифра 3 братск цифра 4 красноярск цифра или дождитесь ответа оператора",40,200 OK,hello_main
1372675,автоответчик,недозвон,,"bot: Добрый день! Корпоративный отдел компании t2, меня зову Ольга. Меня слышно, да?; human: почтовый вы можете оставить сообщение после звукового сигнала",12,200 OK,hello_main
1374315,автоответчик,недозвон,,"bot: Добрый день! Это компания t2, корпоративный отдел, Ольга. Минуту уделите, пожалуйста?; human: к сожалению абонент сейчас не может ответить возможно он занят его телефон разрядился",12,200 OK,hello_main
1389003,автоответчик,недозвон,,"bot: Добрый день! Компания t2, меня зовут Ольга. Звоню по корпоративному договору, меня хорошо слышно?; human: к сожалению абонент сейчас не может ответить",9,200 OK,hello_main
1433661,автоответчик Олег,недозвон,,"bot: Добрый день! Меня зовут Ольга, корпоративный отдел компании t2. Вам удобно сейчас минуту уделить?; bot: Алло, слышно меня?; human: говорите; bot: Отлично!; bot: Дело в том, что мы заметили снижение трафика по вашему контракту.; bot: Подскажите, пожалуйста, планируете ли вы пользоваться нашими услугами дальше?; human: а так; bot: Мы видим, что вы стали меньше пользоваться корпоративной связью. Уточните, пожалуйста, планируете ли продолжить пользоваться нашими услугами?; human: извините я не очень внимательно слушаю честно говоря в чем но бонусы заключаются еще раз",47,200 OK,"hello_main, hello_null_1, hello_thanks, clarification_main, clarification_main_tail, clarification_default_1"
1468736,автоответчик,недозвон,,"bot: Добрый день! Меня зовут Ольга, корпоративный отдел компании t2. Вам удобно сейчас минуту уделить?; human: соединение установлено пожалуйста подождите",10,200 OK,hello_main
1470302,автоответчик,недозвон,,"bot: Добрый день! Это Ольга из компании t2. Мы с вами созванивались уже, но разговор прервался. Удобно сейчас?; human: здравствуйте в настоящее время мы не можем вам ответить сейчас вы можете отправить факс; human: голосовое перезвоните позже спасибо",35,200 OK,hello_main_recall
1473207,автоответчик,недозвон,,"bot: Добрый день! Корпоративный отдел компании t2, меня зову Ольга. Меня слышно, да?; human: к сожалению абонент сейчас не может ответить возможно он занят его телефон разрядился",12,200 OK,hello_main
1477892,автоответчик Олег,недозвон,,"bot: Добрый день! Это компания t2, корпоративный отдел, Ольга. Минуту уделите, пожалуйста?; bot: Алло, слышно меня?; human: я не знаю в космосе повторите еще раз; bot: Компания ""t2"", ваш сотовый оператор. Ранее вы нас знали как ""Теле2"".; bot: Дело в том, что мы заметили снижение трафика по вашему контракту.; bot: Подскажите, пожалуйста, планируете ли вы пользоваться нашими услугами дальше?; human: так извините но как то смысл ваших слов от меня вообще ускользает как вода сквозь пальцы объясните подробнее",44,200 OK,"hello_main, hello_null_1, hello_repeat, clarification_main, clarification_main_tail"
1500269,автоответчик,недозвон,,"bot: Добрый день! Корпоративный отдел компании t2, меня зову Ольга. Меня слышно, да?; human: вы позвонили в компанию гидроимпульс для соединения с приемной компании нажмите цифру 1 с бухгалтерией 2 с главным технологом 3 с геологом 4 со старшим механиком 5 с главным энергетиком 7 если вы хотите отправить факс нажмите цифру",47,200 OK,hello_main
1513978,автоответчик,недозвон,,"bot: Добрый день! Это компания t2, корпоративный отдел, Ольга. Минуту уделите, пожалуйста?; bot: Алло, слышно меня?; human: занят оставьте сообщение на автоответчик",18,200 OK,"hello_main, hello_null_1"
1516081,автоответчик,недозвон,,"bot: Добрый день! Это компания t2, корпоративный отдел, Ольга. Минуту уделите, пожалуйста?; human: к сожалению абонент сейчас не может ответить",12,200 OK,hello_main
1516187,автоответчик,недозвон,,"bot: Добрый день! Это компания t2, корпоративный отдел, Ольга. Минуту уделите, пожалуйста?; human: абонент сейчас не может ответить на ваш звонок его телефон занят попробуйте перезвонить позднее если хотите отправить бесплатное смс общение с просьбой перезвонить нажмите 1; human: спасибо всего доброго",45,200 OK,hello_main
1518873,автоответчик,недозвон,,"bot: Добрый день! Компания t2, меня зовут Ольга. Звоню по корпоративному договору, меня хорошо слышно?; human: здравствуйте с вами говорит автоответчик оставьте пожалуйста ваше имя и номер телефона после звукового сигнала мы вам перезвоним",14,200 OK,hello_main
1519574,автоответчик,недозвон,,"bot: Добрый день! Меня зовут Ольга, корпоративный отдел компании t2. Вам удобно сейчас минуту уделить?; human: вами номер не используется",10,200 OK,hello_main
1520992,автоответчик,недозвон,,"bot: Добрый день! Меня зовут Ольга, корпоративный отдел компании t2. Вам удобно сейчас минуту уделить?; human: к сожалению абонент сейчас не может ответить возможно он занят его телефон разрядил",12,200 OK,hello_main
1521799,автоответчик,недозвон,,"bot: Добрый день! Меня зовут Ольга, корпоративный отдел компании t2. Вам удобно сейчас минуту уделить?; human: к сожалению абонент сейчас не может ответить возможно он занят его телефон разрядился",12,200 OK,hello_main
1522946,автоответчик Олег,недозвон,,"bot: Добрый день! Корпоративный отдел компании t2, меня зову Ольга. Меня слышно, да?; human: к сожалению абонент сейчас не может возможно он занят его телефон разрядился",12,200 OK,hello_main
1523831,автоответчик Олег,недозвон,,"bot: Добрый день! Это компания t2, корпоративный отдел, Ольга. Минуту уделите, пожалуйста?; human: добрый день слушаю; bot: Отлично!; bot: Дело в том, что мы заметили снижение трафика по вашему контракту.; bot: Подскажите, пожалуйста, планируете ли вы пользоваться нашими услугами дальше?; human: я вас слышу; bot: Мы видим, что вы стали меньше пользоваться корпоративной связью. Уточните, пожалуйста, планируете ли продолжить пользоваться нашими услугами?; human: мгновение проверен настройки давайте еще раз",42,200 OK,"hello_main, hello_thanks, clarification_main, clarification_main_tail, clarification_default_1"
1525837,автоответчик,недозвон,,"bot: Добрый день! Корпоративный отдел компании t2, меня зову Ольга. Меня слышно, да?; human: оставайтесь на линии",29,200 OK,hello_main
1585589,автоответчик,недозвон,,"bot: Добрый день! Меня зовут Ольга, корпоративный отдел компании t2. Вам удобно сейчас минуту уделить?; human: к сожалению абонент сейчас не может ответить возможно он занят его телефон разрядился",12,200 OK,hello_main
1730903,автоответчик,недозвон,,"bot: Добрый день! Компания t2, меня зовут Ольга. Звоню по корпоративному договору, меня хорошо слышно?; human: набранный вами номер не используется",10,200 OK,hello_main
1763515,автоответчик,недозвон,,"bot: Добрый день! Это компания t2, корпоративный отдел, Ольга. Минуту уделите, пожалуйста?; human: не может ответить возможно он занят его телефон разрядился или находится в беззвучном режиме; bot: У меня короткий вопрос по вашему договору, буквально минута.; bot: Дело в том, что мы заметили снижение трафика по вашему контракту.; human: после звукового сигнала",22,200 OK,"hello_main, hello_wrong_time, clarification_main"
1807013,автоответчик Олег,недозвон,,"bot: Добрый день! Корпоративный отдел компании t2, меня зову Ольга. Меня слышно, да?; human: слушаю вас; bot: Отлично!; bot: Дело в том, что мы заметили снижение трафика по вашему контракту.; bot: Подскажите, пожалуйста, планируете ли вы пользоваться нашими услугами дальше?; human: извините это секретарь давайте я передам разговор если что с вами свяжутся",32,200 OK,"hello_main, hello_thanks, clarification_main, clarification_main_tail"
1830181,автоответчик,недозвон,,"bot: Добрый день! Компания t2, меня зовут Ольга. Звоню по корпоративному договору, меня хорошо слышно?; human: к сожалению абонент сейчас не может ответить возможно он занят его телефон разрядился",12,200 OK,hello_main
1860922,автоответчик,недозвон,,"bot: Добрый день! Корпоративный отдел компании t2, меня зову Ольга. Меня слышно, да?; human: номер не используется",13,200 OK,hello_main
1887557,автоответчик,недозвон,,"bot: Добрый день! Корпоративный отдел компании t2, меня зову Ольга. Меня слышно, да?; human: наберите внутренний добавочный номер отдел кадров 1 отдел снабжения 2 главный механик 3; human: добрый день вы позвонили в компанию юмикс наберите внутренний добавочный номер отдел кадров 1 отдел снабжения 2 главный механик 4 приемная 5",46,200 OK,hello_main
1890241,автоответчик Олег,недозвон,,"bot: Добрый день! Компания t2, меня зовут Ольга. Звоню по корпоративному договору, меня хорошо слышно?; human: добрый день слушаю; bot: Отлично!; bot: Дело в том, что мы заметили снижение трафика по вашему контракту.; bot: Подскажите, пожалуйста, планируете ли вы пользоваться нашими услугами дальше?; bot: Алло?; bot: Вас не слышно; human: что хорошо продолжайте; bot: Мм, мои коллеги заметили, что по вашему договору корпоративной связи снизился трафик. Ну то есть меньше звонков стало совершаться, активность уменьшилась. Поэтому хотим уточнить, планируете ли вы пользоваться нашими услугами дальше?; human: проясните пожалуйста этот аспект",56,200 OK,"hello_main, hello_thanks, clarification_main, clarification_main_tail, clarification_null_1, clarification_null_2, clarification_dont_understand_1"
1914268,автоответчик Олег,недозвон,,"bot: Добрый день! Это компания t2, корпоративный отдел, Ольга. Минуту уделите, пожалуйста?; human: алло; bot: У меня один короткий вопрос по вашему договору. Мм…; bot: Дело в том, что мы заметили снижение трафика по вашему контракту.; bot: Подскажите, пожалуйста, планируете ли вы пользоваться нашими услугами дальше?; human: да слушаю; bot: Мы видим, что вы стали меньше пользоваться корпоративной связью. Уточните, пожалуйста, планируете ли продолжить пользоваться нашими услугами?; bot: Алло?; bot: Вас не слышно; human: ничего не слышно алло; bot: Мм, мои коллеги заметили, что по вашему договору корпоративной связи снизился трафик. Ну то есть меньше звонков стало совершаться, активность уменьшилась. Поэтому хотим уточнить, планируете ли вы пользоваться нашими услугами дальше?; human: уточните ключевой момент пожалуйста",55,200 OK,"hello_main, hello_default, clarification_main, clarification_main_tail, clarification_default_1, clarification_null_1, clarification_null_2, clarification_dont_understand_1"
1936962,автоответчик,недозвон,,"bot: Добрый день! Корпоративный отдел компании t2, меня зову Ольга. Меня слышно, да?; human: продолжается попытка дозвониться который пока что не успел ответить на ваш вызов",12,200 OK,hello_main
2115376,автоответчик,недозвон,,"bot: Добрый день! Это компания t2, корпоративный отдел, Ольга. Минуту уделите, пожалуйста?; human: позднее если хотите отправить бесплатное смс сообщение с просьбой перезвонить нажмите 1; human: спасибо всего доброго",41,200 OK,hello_main
2149580,автоответчик Олег,недозвон,,"bot: Добрый день! Корпоративный отдел компании t2, меня зову Ольга. Меня слышно, да?; human: без проблем говорите",20,200 OK,hello_main
2158657,автоответчик,недозвон,,"bot: Добрый день! Это компания t2, корпоративный отдел, Ольга. Минуту уделите, пожалуйста?; human: вы позвонили в типографию для соединения с нужным сотрудником наберите его внутренний номер или оставайтесь на линии разговор может быть записан",36,200 OK,hello_main
2165380,автоответчик,недозвон,,"bot: Добрый день! Корпоративный отдел компании t2, меня зову Ольга. Меня слышно, да?; human: спасибо за сообщение его обязательно увидит пока марина не может взять трубку очень у вас есть что добавить могу передать",28,200 OK,hello_main
2198367,автоответчик Олег,недозвон,,"bot: Добрый день! Меня зовут Ольга, корпоративный отдел компании t2. Вам удобно сейчас минуту уделить?; human: здравствуйте говорите; bot: Отлично!; bot: Дело в том, что мы заметили снижение трафика по вашему контракту.; bot: Подскажите, пожалуйста, планируете ли вы пользоваться нашими услугами дальше?; human: говорите далее; bot: Мы видим, что вы стали меньше пользоваться корпоративной связью. Уточните, пожалуйста, планируете ли продолжить пользоваться нашими услугами?; human: давайте подробнее; bot: Мм, мои коллеги заметили, что по вашему договору корпоративной связи снизился трафик. Ну то есть меньше звонков стало совершаться, активность уменьшилась. Поэтому хотим уточнить, планируете ли вы пользоваться нашими услугами дальше?; bot: Алло?; human: не совсем понял этот пункт поясните; bot: Мы видим, что в рамках корпоративного договора стали меньше пользоваться связью. Подскажите, пожалуйста, всё хорошо работает, вы планируете дальше с нами сотрудничать?; human: уточните ключевой тезис",80,200 OK,"hello_main, hello_thanks, clarification_main, clarification_main_tail, clarification_default_1, clarification_dont_understand_1, clarification_null_1, clarification_dont_understand_2"
2253919,автоответчик,недозвон,,"bot: Добрый день! Меня зовут Ольга, корпоративный отдел компании t2. Вам удобно сейчас минуту уделить?; human: вас приветствует компания спп если вы знаете внутренний номер сотрудника введите его в режиме для связи с секретарем нажмите 0; human: вас приветствует компания спм если вы знаете внутренний номер сотрудника введите его в тоновом режиме для связи с секретарем нажмите 0",37,200 OK,hello_main
2403666,автоответчик,недозвон,,"bot: Добрый день! Компания t2, меня зовут Ольга. Звоню по корпоративному договору, меня хорошо слышно?; human: к сожалению абонент сейчас не может ответить возможно он занят его телефон разрядился",12,200 OK,hello_main
2429163,автоответчик,недозвон,,"bot: Добрый день! Это компания t2, корпоративный отдел, Ольга. Минуту уделите, пожалуйста?; human: абонент сейчас не может ответить на ваш звонок его фон выключен или находится вне зоны действия сети",14,200 OK,hello_main
2458444,автоответчик,недозвон,,"bot: Добрый день! Это компания t2, корпоративный отдел, Ольга. Минуту уделите, пожалуйста?; human: абонент сейчас не может ответить на ваш звонок его теле телефон выключен или находится вне зоны действия сети попробуйте перезвонить позднее если вы хотите отправить ему бесплатное с сообщение с просьбой перезвонить нажмите 1; human: спасибо всего доброго",44,200 OK,hello_main
2460421,автоответчик,недозвон,,"bot: Добрый день! Компания t2, меня зовут Ольга. Звоню по корпоративному договору, меня хорошо слышно?; human: если вы знаете внутренний номер введите его в тональном режиме или дождитесь ответа секретаря; human: добрый вы позвонили в компанию ик софт",36,200 OK,hello_main
2670101,автоответчик,недозвон,,"bot: Добрый день! Меня зовут Ольга, корпоративный отдел компании t2. Вам удобно сейчас минуту уделить?; human: группа компаний тепловода центр профессиональное решение инженерных задач спасибо за ваш звонок если вы знаете добавочный номер нужного вам подразделения наберите его в тоновом режиме или оставайтесь на линии наши специалисты ответят вам в ближайшее время",47,200 OK,hello_main
2672272,автоответчик Олег,недозвон,,"bot: Добрый день! Это компания t2, корпоративный отдел, Ольга. Минуту уделите, пожалуйста?; human: пару минут уделю по какому поводу звоните",15,200 OK,hello_main
2760007,автоответчик,недозвон,,"bot: Добрый день! Это компания t2, корпоративный отдел, Ольга. Минуту уделите, пожалуйста?; human: номер недоступен оставьте сообщение на автоответчик",11,200 OK,hello_main
2846678,автоответчик Олег,недозвон,,"bot: Добрый день! Меня зовут Ольга, корпоративный отдел компании t2. Вам удобно сейчас минуту уделить?; human: мои не уловили последнюю фразу повторите пожалуйста",16,200 OK,hello_main
3007191,автоответчик,недозвон,,"bot: Добрый день! Это компания t2, корпоративный отдел, Ольга. Минуту уделите, пожалуйста?; human: сейчас не может ответить возможно он занят его телефон разрядился",12,200 OK,hello_main
3086279,автоответчик,недозвон,,"bot: Добрый день! Компания t2, меня зовут Ольга. Звоню по корпоративному договору, меня хорошо слышно?; human: номер занят оставьте",17,200 OK,hello_main
3092097,автоответчик,недозвон,,"bot: Добрый день! Это компания t2, корпоративный отдел, Ольга. Минуту уделите, пожалуйста?; human: абонент сейчас не может ответить возможно он занят его телефон разрядился",12,200 OK,hello_main
3155507,автоответчик,недозвон,,"bot: Добрый день! Это компания t2, корпоративный отдел, Ольга. Минуту уделите, пожалуйста?; human: абонент сейчас не может ответить на ваш звонок его телефонон выключен или находится вне зоны действия сети",16,200 OK,hello_main
3180395,автоответчик,недозвон,,"bot: Добрый день! Это компания t2, корпоративный отдел, Ольга. Минуту уделите, пожалуйста?; human: звонили по 8 наберите добавочный номер сотрудника или оставайтесь на; human: и дождитесь ответа секретаря",32,200 OK,hello_main
3222630,автоответчик,недозвон,,"bot: Добрый день! Это компания t2, корпоративный отдел, Ольга. Минуту уделите, пожалуйста?; human: к сожалению абонент сейчас не может ответить возможно он занят его телефон разрядился",12,200 OK,hello_main
3225664,автоответчик,недозвон,,"bot: Добрый день! Корпоративный отдел компании t2, меня зову Ольга. Меня слышно, да?; human: дозвониться до абонента который пока что не успел ответить на ваш",12,200 OK,hello_main
3245808,автоответчик Олег,недозвон,,"bot: Добрый день! Компания t2, меня зовут Ольга. Звоню по корпоративному договору, меня хорошо слышно?; bot: Алло, слышно меня?; bot: Аааллооо.; human: так сейчас пише сделаю слушаю; bot: Отлично!; bot: Дело в том, что мы заметили снижение трафика по вашему контракту.; bot: Подскажите, пожалуйста, планируете ли вы пользоваться нашими услугами дальше?; human: некоторые детали остались не ясны",46,200 OK,"hello_main, hello_null_1, hello_null_2, hello_thanks, clarification_main, clarification_main_tail"
3259308,автоответчик,недозвон,,"bot: Добрый день! Меня зовут Ольга, корпоративный отдел компании t2. Вам удобно сейчас минуту уделить?; human: к сожалению абонент сейчас не может ответить возможно он занят его телефон разрядился",11,200 OK,hello_main
3260468,автоответчик Олег,недозвон,,"bot: Добрый день! Меня зовут Ольга, корпоративный отдел компании t2. Вам удобно сейчас минуту уделить?; bot: Алло, слышно меня?; human: что вы хотите рассказать; bot: У меня короткий вопрос по вашему договору, буквально минута.; bot: Дело в том, что мы заметили снижение трафика по вашему контракту.; bot: Подскажите, пожалуйста, планируете ли вы пользоваться нашими услугами дальше?; human: уточните пожалуйста по какому вопросу звоните",37,200 OK,"hello_main, hello_null_1, hello_wrong_time, clarification_main, clarification_main_tail"
3265878,автоответчик Олег,недозвон,,"bot: Добрый день! Компания t2, меня зовут Ольга. Звоню по корпоративному договору, меня хорошо слышно?; human: о это сообщение тянет на целый массив данных я сохранила абсолютно все сейчас передам абоненту пока что ответить не может и звонки я голосовой ассистент что то еще нужно записать",26,200 OK,hello_main
3309112,автоответчик,недозвон,,"bot: Добрый день! Меня зовут Ольга, корпоративный отдел компании t2. Вам удобно сейчас минуту уделить?; human: так для соединения с отделом продаж нажмите 1 соединения с техническим отделом нажмите 2",34,200 OK,hello_main
3335134,автоответчик,недозвон,,"bot: Добрый день! Корпоративный отдел компании t2, меня зову Ольга. Меня слышно, да?; human: абонент сейчас не может ответить возможно он занят его телефон разрядился",15,200 OK,hello_main
3357290,автоответчик,недозвон,,"bot: Добрый день! Компания t2, меня зовут Ольга. Звоню по корпоративному договору, меня хорошо слышно?; human: номер недоступен оставьте сообщение на автоответчик",10,200 OK,hello_main
3382045,автоответчик,недозвон,,"bot: Добрый день! Меня зовут Ольга, корпоративный отдел компании t2. Вам удобно сейчас минуту уделить?; human: к сожалению абонент сейчас не может ответить возможно он занят его телефон разрядился",12,200 OK,hello_main
3425765,автоответчик,недозвон,,"bot: Добрый день! Меня зовут Ольга, корпоративный отдел компании t2. Вам удобно сейчас минуту уделить?; human: к сожалению абонент сейчас не может ответить возможно он занят его телефон разрядился",12,200 OK,hello_main
3425803,автоответчик,недозвон,,"bot: Добрый день! Компания t2, меня зовут Ольга. Звоню по корпоративному договору, меня хорошо слышно?; human: к сожалению абонент сейчас не может ответить возможно он занят его телефон разрядился",12,200 OK,hello_main
3467718,автоответчик,недозвон,,"bot: Добрый день! Корпоративный отдел компании t2, меня зову Ольга. Меня слышно, да?; human: к сожалению абонент сейчас не может ответить возможно он занят его телефон разрядился",12,200 OK,hello_main
3498075,автоответчик,недозвон,,"bot: Добрый день! Это Ольга из компании t2. Мы с вами созванивались уже, но разговор прервался. Удобно сейчас?; human: к сожалению абонент сейчас не может ответить возможно он занят его телефон разрядился или находится в",15,200 OK,hello_main_recall
3511278,автоответчик,недозвон,,"bot: Добрый день! Это компания t2, корпоративный отдел, Ольга. Минуту уделите, пожалуйста?; human: вас приветствует интернет провайдер мы запишем разговор чтобы быть лучше",15,200 OK,hello_main
3560516,автоответчик,недозвон,,"bot: Добрый день! Это компания t2, корпоративный отдел, Ольга. Минуту уделите, пожалуйста?; human: не может ответить возможно он зат его разрядился или находится в беззвучном режиме; bot: Угу, а тогда соедините, пожалуйста, с сотрудником, который занимается вопросами корпоративной связи? Ну или номер продиктуйте, я запишу.; human: можете перезвонить позже или записать свое сообщение после звукового сигнала вы можете оставить еще сообщение запись будет продолжен",29,200 OK,"hello_main, search_mdp_main"
3564228,автоответчик,недозвон,,"bot: Добрый день! Корпоративный отдел компании t2, меня зову Ольга. Меня слышно, да?; human: к сожалению абонент сейчас не может ответить возможно он занят его телефон разрядился",12,200 OK,hello_main
3575843,автоответчик Олег,недозвон,,"bot: Добрый день! Корпоративный отдел компании t2, меня зову Ольга. Меня слышно, да?; human: здравствуйте я у телефона; bot: Отлично!; bot: Дело в том, что мы заметили снижение трафика по вашему контракту.; bot: Подскажите, пожалуйста, планируете ли вы пользоваться нашими услугами дальше?; human: я вас слушаю; bot: Мы видим, что вы стали меньше пользоваться корпоративной связью. Уточните, пожалуйста, планируете ли продолжить пользоваться нашими услугами?; human: продолжайте я на проводе; bot: Видим, что корпоративную связь оплачиваете, а пользуетесь сейчас редко. Мм, планируете вернуться к прежней активности?; human: я ничего вообще не понял; bot: Мм, мои коллеги заметили, что по вашему договору корпоративной связи снизился трафик. Ну то есть меньше звонков стало совершаться, активность уменьшилась. Поэтому хотим уточнить, планируете ли вы пользоваться нашими услугами дальше?; human: не уловил ключевую идею поясните",77,200 OK,"hello_main, hello_thanks, clarification_main, clarification_main_tail, clarification_default_1, clarification_default_2, clarification_dont_understand_1"
3618799,автоответчик,недозвон,,"bot: Добрый день! Корпоративный отдел компании t2, меня зову Ольга. Меня слышно, да?; human: абонент сейчас не может ответить на ваш звонок попробуйте перезвонить позднее если вы хотите оставить ему голосовое сообщение говорите после звукового сигнала",19,200 OK,hello_main
3716601,автоответчик,недозвон,,"bot: Добрый день! Компания t2, меня зовут Ольга. Звоню по корпоративному договору, меня хорошо слышно?; human: абонент сейчас не может ответить на ваш звонок попробуйте перезвонить позднее если вы хотите оставить ему голосовое сообщение пожалуйста говорите после звукового",21,200 OK,hello_main
3734415,автоответчик Олег,недозвон,,"bot: Добрый день! Корпоративный отдел компании t2, меня зову Ольга. Меня слышно, да?; human: приветствую говорите слышу громко и; bot: Отлично!; bot: Дело в том, что мы заметили снижение трафика по вашему контракту.; human: не; bot: Подскажите, пожалуйста, планируете ли вы пользоваться нашими услугами дальше?; human: это важное сообщение я понимаю я передам его абоненту он его видит когда сможет нужно записать что то еще",28,200 OK,"hello_main, hello_thanks, clarification_main, clarification_main_tail"
3756578,автоответчик,недозвон,,"bot: Добрый день! Компания t2, меня зовут Ольга. Звоню по корпоративному договору, меня хорошо слышно?; human: здравствуйте сервис чтобы связаться с оперативным дежурным наберите 102 с отделом аварийных работ судай среды наберите 103; bot: У меня один короткий вопрос по вашему договору. Мм…; bot: Дело в том, что мы заметили снижение трафика по вашему контракту.; human: главным инженером наберите; bot: Угу, а тогда соедините, пожалуйста, с сотрудником, который занимается вопросами корпоративной связи? Ну или номер продиктуйте, я запишу.; bot: Алло.; human: вас приветствует компания октик спецсервис чтобы отправить факс наберите 101 чтобы связаться с оперативным дежурным наберите 102 с отделом аварийных работ",58,200 OK,"hello_main, hello_default, clarification_main, search_mdp_main, search_mdp_null_1"
3756725,автоответчик,недозвон,,"bot: Добрый день! Меня зовут Ольга, корпоративный отдел компании t2. Вам удобно сейчас минуту уделить?; human: вы нажмите 1 охрана труда нажмите 2; human: заварной отдел нажмите 3 отдел кадров нажмите 4; human: отдел снабжения нажмите 5; human: производственный отдел нажмите 1 охрана труда нажмите 2 договорной нажмите 3 отдел кадров нажмите 4",44,200 OK,hello_main
3760909,автоответчик,недозвон,,"bot: Добрый день! Компания t2, меня зовут Ольга. Звоню по корпоративному договору, меня хорошо слышно?; human: абонент сейчас не может ответить на ваш звонок его телефон занят попробуйте перезвонить позднее если хотите отправить бесплатное смс с просьбой перезвонить нажмите 1; human: спасибо всего доброго",44,200 OK,hello_main
3767872,автоответчик,недозвон,,"bot: Добрый день! Компания t2, меня зовут Ольга. Звоню по корпоративному договору, меня хорошо слышно?; human: здравствуйте вы позвонили в группу предприятий иртышское пароходство и омский; human: вы знаете внутренний номер сотрудника то нажмите в тоновом режиме 9 и следуйте инструкции если вы не знаете внутренний номер сотрудника для набора иртышское пароходство нажмите в тоновом режиме 1 и оставайтесь на линии для набора на омске судоремонтный завод нажмите в тоновом режиме 2 или оставайтесь на линии",35,200 OK,hello_main
3779732,автоответчик Олег,недозвон,,"bot: Добрый день! Меня зовут Ольга, корпоративный отдел компании t2. Вам удобно сейчас минуту уделить?; human: алло что вы хотели; bot: У меня короткий вопрос по вашему договору, буквально минута.; bot: Дело в том, что мы заметили снижение трафика по вашему контракту.; bot: Подскажите, пожалуйста, планируете ли вы пользоваться нашими услугами дальше?; bot: Алло?; bot: Вас не слышно; human: я ручку найду говорите; bot: Мы видим, что вы стали меньше пользоваться корпоративной связью. Уточните, пожалуйста, планируете ли продолжить пользоваться нашими услугами?; human: не совсем понял этот пункт поясните; bot: Мм, мои коллеги заметили, что по вашему договору корпоративной связи снизился трафик. Ну то есть меньше звонков стало совершаться, активность уменьшилась. Поэтому хотим уточнить, планируете ли вы пользоваться нашими услугами дальше?; bot: Извините, что-то со связью, повторите, пожалуйста.; human: говорите если вы тут",78,200 OK,"hello_main, hello_wrong_time, clarification_main, clarification_main_tail, clarification_null_1, clarification_null_2, clarification_default_1, clarification_dont_understand_1, clarification_null_3"
3800817,автоответчик,недозвон,,"bot: Добрый день! Корпоративный отдел компании t2, меня зову Ольга. Меня слышно, да?; human: наберите номер внутреннего или нажмите 0 для соединения с оператором; human: здравствуйте наберите номер внутреннего абонента нажмите 0 для соединения с оператором; bot: Здравствуйте! Меня зовут Ольга, звоню из корпоративного отдела компании t2.; bot: Дело в том, что мы заметили снижение трафика по вашему контракту.; human: внутреннего абонента или нажмите 0 для соединения с оператором",30,200 OK,"hello_main, hello_greetings, clarification_main"
3801316,автоответчик,недозвон,,"bot: Добрый день! Меня зовут Ольга, корпоративный отдел компании t2. Вам удобно сейчас минуту уделить?; human: позвонили в компанию для соединения с отделом продаж нажмите 1 для соединения с канцелярией нажмите 2 если вы знаете внутренний сотрудника наберите его в тональном режиме; human: здравствуйте вы позвонили в компанию ооо мета для соединения с отделом кадров нажмите 1 для соединения с канцелярией нажмите 2 если вы знаете внутренний номер сотрудника наберите его в тональном режиме; bot: Здравствуйте! Меня зовут Ольга, звоню из корпоративного отдела компании t2.; bot: Дело в том, что мы заметили снижение трафика по вашему контракту.; human: ванили в компанию ооо мета для соединения с; bot: Подскажите, пожалуйста, планируете ли вы пользоваться нашими услугами дальше?; human: нажмите 1 для соединения с канцелярией нажмите 2 если вы знаете внутренний номер наберите его в тональном режиме",56,200 OK,"hello_main, hello_greetings, clarification_main, clarification_main_tail"
3822041,автоответчик,недозвон,,"bot: Добрый день! Это компания t2, корпоративный отдел, Ольга. Минуту уделите, пожалуйста?; human: абонент сейчас не может ответить на ваш звонок его телефон выключен или находится вне зоны действия сети попробуйте перезвонить позднее",16,200 OK,hello_main
3824759,автоответчик,недозвон,,"bot: Добрый день! Корпоративный отдел компании t2, меня зову Ольга. Меня слышно, да?; human: занят его телефон разрядился или находится в беззвучном режиме вы можете перезвонить позже или записать свое после звукового сигнала",22,200 OK,hello_main
3863805,автоответчик,недозвон,,"bot: Добрый день! Меня зовут Ольга, корпоративный отдел компании t2. Вам удобно сейчас минуту уделить?; human: слушаю; bot: Отлично!; bot: Дело в том, что мы заметили снижение трафика по вашему контракту.; bot: Подскажите, пожалуйста, планируете ли вы пользоваться нашими услугами дальше?; bot: Алло?; human: добрый день в чем дело; bot: Дело в том, что мы по корпоративной связи с вами сотрудничаем и...; bot: Мы видим, что вы стали меньше пользоваться корпоративной связью. Уточните, пожалуйста, планируете ли продолжить пользоваться нашими услугами?; bot: Вас не слышно; bot: Извините, что-то со связью, повторите, пожалуйста.; bot: Алло?; human: говорите что вы хотели; bot: Видим, что корпоративную связь оплачиваете, а пользуетесь сейчас редко. Мм, планируете вернуться к прежней активности?; bot: Вас не слышно; bot: Извините, что-то со связью, повторите, пожалуйста.; human: что вы хотели; bot: Отметили, что сейчас вы реже пользуетесь нашими услугами. Скажите, пожалуйста, планируете по корпоративной связи и дальше сотрудничать с нами?; human: извините; bot: Слушаю.; bot: Алло?; human: спасибо за звонок",103,200 OK,"hello_main, hello_thanks, clarification_main, clarification_main_tail, clarification_null_1, clarification_dont_want_answer, clarification_default_1, clarification_null_2, clarification_null_3, clarification_null_1, clarification_default_2, clarification_null_2, clarification_null_3, clarification_default_3, clarification_interruption_1, clarification_null_1"
3872447,автоответчик,недозвон,,"bot: Добрый день! Меня зовут Ольга, корпоративный отдел компании t2. Вам удобно сейчас минуту уделить?; human: к сожалению абонент сейчас не может ответить возможно он занят его телефон разрядился",11,200 OK,hello_main
3885450,автоответчик,недозвон,,"bot: Добрый день! Меня зовут Ольга, корпоративный отдел компании t2. Вам удобно сейчас минуту уделить?; human: к сожалению абонент сейчас не может ответить возможно он занят его телефон разрядился",12,200 OK,hello_main
3890899,автоответчик,недозвон,,"bot: Добрый день! Меня зовут Ольга, корпоративный отдел компании t2. Вам удобно сейчас минуту уделить?; human: к сожалению абонент сейчас не может ответить возможно он занят его телефон разрядился",12,200 OK,hello_main
3922194,автоответчик Олег,недозвон,,"bot: Добрый день! Это компания t2, корпоративный отдел, Ольга. Минуту уделите, пожалуйста?; human: подскажите вы по какому вопросу; bot: У меня короткий вопрос по вашему договору, буквально минута.; bot: Дело в том, что мы заметили снижение трафика по вашему контракту.; bot: Подскажите, пожалуйста, планируете ли вы пользоваться нашими услугами дальше?; bot: Алло?; human: но мне нельзя в них участвовать потому что я виртуальный секретарь давайте я просто передам вопрос вы не против слушаю вас очень внимательно",41,200 OK,"hello_main, hello_wrong_time, clarification_main, clarification_main_tail, clarification_null_1"
3954308,автоответчик,недозвон,,"bot: Добрый день! Компания t2, меня зовут Ольга. Звоню по корпоративному договору, меня хорошо слышно?; human: номер занят оставьте сообщение на авто",18,200 OK,hello_main
3974235,автоответчик,недозвон,,"bot: Добрый день! Корпоративный отдел компании t2, меня зову Ольга. Меня слышно, да?; human: к сожалению абонент сейчас не может ответить возможно он занят его телефон разрядился",13,200 OK,hello_main
4006127,автоответчик Олег,недозвон,,"bot: Добрый день! Меня зовут Ольга, корпоративный отдел компании t2. Вам удобно сейчас минуту уделить?; human: пару минут уделю по какому поводу звоните",16,200 OK,hello_main
4011473,автоответчик,недозвон,,"bot: Добрый день! Это компания t2, корпоративный отдел, Ольга. Минуту уделите, пожалуйста?; human: к сожалению абонент сейчас не может ответить возможно он занят его телефон разрядился",11,200 OK,hello_main
4014723,автоответчик,недозвон,,"bot: Добрый день! Компания t2, меня зовут Ольга. Звоню по корпоративному договору, меня хорошо слышно?; human: номер недоступен оставьте сообщение на авто",11,200 OK,hello_main
4028216,автоответчик,недозвон,,"bot: Добрый день! Компания t2, меня зовут Ольга. Звоню по корпоративному договору, меня хорошо слышно?; human: звонок был перенаправлен на голосовой почтовый ящик вы можете оставить сообщение после звукового сигнала",12,200 OK,hello_main
4051532,автоответчик,недозвон,,"bot: Добрый день! Это компания t2, корпоративный отдел, Ольга. Минуту уделите, пожалуйста?; human: вы позвонили в компанию люмипроб спасибо за ваш звонок наберите добавочный номер сотрудника в режиме или дождитесь ответа секретаря",37,200 OK,hello_main
4052221,автоответчик Олег,недозвон,,"bot: Добрый день! Это компания t2, корпоративный отдел, Ольга. Минуту уделите, пожалуйста?; human: мечтают ли андроиды об электроовцах размышляла и не расслышала что вы сказали повторите еще раз",19,200 OK,hello_main
4070383,автоответчик,недозвон,,"bot: Добрый день! Меня зовут Ольга, корпоративный отдел компании t2. Вам удобно сейчас минуту уделить?; human: к сожалению абонент сейчас не может ответить возможно он занят его телефон разрядился",11,200 OK,hello_main
4073461,автоответчик,недозвон,,"bot: Добрый день! Корпоративный отдел компании t2, меня зову Ольга. Меня слышно, да?; human: к сожалению абонент сейчас не может ответить возможно он занят его телефон разрядился",11,200 OK,hello_main
4113591,автоответчик Олег,недозвон,,"bot: Добрый день! Корпоративный отдел компании t2, меня зову Ольга. Меня слышно, да?; bot: Алло, слышно меня?; human: секретарь ева что нибудь еще хотите передать я все запишу вас прекрасно слышно говорите",27,200 OK,"hello_main, hello_null_1"
4146867,автоответчик Олег,недозвон,,"bot: Добрый день! Это Ольга из компании t2. Мы с вами созванивались уже, но разговор прервался. Удобно сейчас?; human: все записано понимаете сейчас абонент не может принять звонок меня зовут мира и я ассистент давайте я передам от вас что то еще",21,200 OK,hello_main_recall
4147329,автоответчик,недозвон,,"bot: Добрый день! Это компания t2, корпоративный отдел, Ольга. Минуту уделите, пожалуйста?; human: в компанию зао экспресс назовите фамилию внутренний номер либо ожидайте ответа секретаря",14,200 OK,hello_main
4182742,автоответчик,недозвон,,"bot: Добрый день! Компания t2, меня зовут Ольга. Звоню по корпоративному договору, меня хорошо слышно?; human: оставайтесь на линии",30,200 OK,hello_main
4315817,автоответчик Олег,недозвон,,"bot: Добрый день! Меня зовут Ольга, корпоративный отдел компании t2. Вам удобно сейчас минуту уделить?; human: добрый день я у телефона; bot: У меня один короткий вопрос по вашему договору. Мм…; bot: Дело в том, что мы заметили снижение трафика по вашему контракту.; bot: Подскажите, пожалуйста, планируете ли вы пользоваться нашими услугами дальше?; human: слушаю мгновение проверен настройки давайте еще раз",33,200 OK,"hello_main, hello_default, clarification_main, clarification_main_tail"
4422079,автоответчик Олег,недозвон,,"bot: Добрый день! Корпоративный отдел компании t2, меня зову Ольга. Меня слышно, да?; human: добрый день откуда звоните; bot: Компания ""t2"", ваш сотовый оператор. Ранее вы нас знали как ""Теле2"".; bot: Дело в том, что мы заметили снижение трафика по вашему контракту.; bot: Подскажите, пожалуйста, планируете ли вы пользоваться нашими услугами дальше?; human: я вас слушаю давайте подробнее; bot: Мм, мои коллеги заметили, что по вашему договору корпоративной связи снизился трафик. Ну то есть меньше звонков стало совершаться, активность уменьшилась. Поэтому хотим уточнить, планируете ли вы пользоваться нашими услугами дальше?; bot: Алло?; bot: Вас не слышно; human: то ли я не слышу вас; bot: Мы видим, что в рамках корпоративного договора стали меньше пользоваться связью. Подскажите, пожалуйста, всё хорошо работает, вы планируете дальше с нами сотрудничать?; human: откройте идею подробнее кстати это мтс защитник номер как подозрительный поэтому подскажите что мне передать абоненту",76,200 OK,"hello_main, hello_repeat, clarification_main, clarification_main_tail, clarification_dont_understand_1, clarification_null_1, clarification_null_2, clarification_dont_understand_2"
4580802,автоответчик Олег,недозвон,,"bot: Добрый день! Меня зовут Ольга, корпоративный отдел компании t2. Вам удобно сейчас минуту уделить?; human: добрый день; bot: Отлично!; bot: Дело в том, что мы заметили снижение трафика по вашему контракту.; bot: Подскажите, пожалуйста, планируете ли вы пользоваться нашими услугами дальше?; human: принимаю; bot: Мы видим, что вы стали меньше пользоваться корпоративной связью. Уточните, пожалуйста, планируете ли продолжить пользоваться нашими услугами?; human: слышу хорошо продолжайте",43,200 OK,"hello_main, hello_thanks, clarification_main, clarification_main_tail, clarification_default_1"
4620891,автоответчик Олег,недозвон,,"bot: Добрый день! Это Ольга из компании t2. Мы с вами созванивались уже, но разговор прервался. Удобно сейчас?; human: подскажите вы по какому вопросу; bot: У меня короткий вопрос по вашему договору, буквально минута.; bot: Дело в том, что мы заметили снижение трафика по вашему контракту.; bot: Подскажите, пожалуйста, планируете ли вы пользоваться нашими услугами дальше?; bot: Алло?; human: осы мне нельзя в них участвовать потому что я виртуальный секретарь давайте я просто передам вопрос нента вы не против слушаю вас очень внимательно",50,200 OK,"hello_main_recall, hello_wrong_time, clarification_main, clarification_main_tail, clarification_null_1"
4740040,автоответчик Олег,недозвон,,"bot: Добрый день! Меня зовут Ольга, корпоративный отдел компании t2. Вам удобно сейчас минуту уделить?; human: добрый день откуда звоните; bot: Компания ""t2"", ваш сотовый оператор. Ранее вы нас знали как ""Теле2"".; bot: Дело в том, что мы заметили снижение трафика по вашему контракту.; bot: Подскажите, пожалуйста, планируете ли вы пользоваться нашими услугами дальше?; human: ну интересно я все еще здесь говорите",36,200 OK,"hello_main, hello_repeat, clarification_main, clarification_main_tail"
4740718,автоответчик,недозвон,,"bot: Добрый день! Меня зовут Ольга, корпоративный отдел компании t2. Вам удобно сейчас минуту уделить?; human: вы позвонили в интернет магазин автозапчастей натик точка ру ваш звонок очень важен для вам ответит 1 освободившийся менеджер",38,200 OK,hello_main
4741066,автоответчик,недозвон,,"bot: Добрый день! Меня зовут Ольга, корпоративный отдел компании t2. Вам удобно сейчас минуту уделить?; human: абонент сейчас не может ответить на ваш звонок его телефон занят попробуйте перезвонить позднее если хотите отправить бесплатное смс общение с просьбой перезвонить нажмите 1; human: спасибо всего доброго",43,200 OK,hello_main
4744195,автоответчик Олег,недозвон,,"bot: Добрый день! Компания t2, меня зовут Ольга. Звоню по корпоративному договору, меня хорошо слышно?; human: это секретарь абонент в настоящее время спен передам ему ваше сообщение при 1 возможности",20,200 OK,hello_main
4777283,автоответчик,недозвон,,"bot: Добрый день! Компания t2, меня зовут Ольга. Звоню по корпоративному договору, меня хорошо слышно?; human: вас приветствует группа компаний строймат если вы хотите связаться с отделом продаж нажмите цифру о чтобы приобрести керамиче или газо силикатные блоки нажмите цифру 2 чтобы приобрести кирпич нажмите цифру 3 для приобретения цемента нажмите цифру 4 цифра 5 или оставайтесь на линии",50,200 OK,hello_main
4793119,автоответчик,недозвон,,"bot: Добрый день! Корпоративный отдел компании t2, меня зову Ольга. Меня слышно, да?; human: и я все записала абонент пока не может взять трубку но не расстраивайтесь по моим расчетам ваше сообщение обязательно кстати я не голосовой ассистент хотите передать что",22,200 OK,hello_main
4797319,автоответчик,недозвон,,"bot: Добрый день! Корпоративный отдел компании t2, меня зову Ольга. Меня слышно, да?; human: к сожалению абонент сейчас не может ответить возможно он занят его телефон разрядился",13,200 OK,hello_main
4802001,автоответчик,недозвон,,"bot: Добрый день! Это компания t2, корпоративный отдел, Ольга. Минуту уделите, пожалуйста?; human: с целью улучшения качества обслуживания все разговоры записываются если вы знаете внутренний номер сотрудника наберите его в режиме для связи с регистратурой нажмите 1; human: 2 с главный медсестрой 3 с бухгалтерией 4 для связи с секретарем нажмите 5 или просто оставайтесь на линии",43,200 OK,hello_main
4803563,автоответчик Олег,недозвон,,"bot: Добрый день! Это компания t2, корпоративный отдел, Ольга. Минуту уделите, пожалуйста?; human: пару минут уделю по какому поводу звоните",14,200 OK,hello_main
4812529,автоответчик,недозвон,,"bot: Добрый день! Это компания t2, корпоративный отдел, Ольга. Минуту уделите, пожалуйста?; human: к сожалению абонент сейчас не может ответить возможно он занят его телефон разрядился",12,200 OK,hello_main
4821520,автоответчик,недозвон,,"bot: Добрый день! Меня зовут Ольга, корпоративный отдел компании t2. Вам удобно сейчас минуту уделить?; human: вас приветствует голосовой помощник чувашгаз минстрой чуваш",10,200 OK,hello_main
4829124,автоответчик,недозвон,,"bot: Добрый день! Меня зовут Ольга, корпоративный отдел компании t2. Вам удобно сейчас минуту уделить?; human: оставайтесь на линии",31,200 OK,hello_main
4844914,автоответчик,недозвон,,"bot: Добрый день! Компания t2, меня зовут Ольга. Звоню по корпоративному договору, меня хорошо слышно?; human: к сожалению абонент сейчас не может ответить возможно он занят его телефон разрядился",12,200 OK,hello_main
4865216,автоответчик,недозвон,,"bot: Добрый день! Это компания t2, корпоративный отдел, Ольга. Минуту уделите, пожалуйста?; human: это мегаполис информацию о кино репертуаре времени сеансов или действию пригласительные получить на сайте мягкий кинотеатр точка рф или в мобильном приложении информация о гастробар нажмите 1 боулинг или бильярд 2 рокси бар 3 кафе и рестораны 4 колесо обозрения 5 заказ банкета или дня рождения 6 кино касса 7 информация о вакансиях 8 если вы знаете внутренний номер абонента нажмите 9 для повторного прослушивания нажмите звездочку по вопросам нажмите 0 или дождитесь ответа оператора; human: в целях улучшения качества служивания разговоры записываются",65,200 OK,hello_main
4865582,автоответчик,недозвон,,"bot: Добрый день! Меня зовут Ольга, корпоративный отдел компании t2. Вам удобно сейчас минуту уделить?; human: добрый день что вы хотели; bot: У меня короткий вопрос по вашему договору, буквально минута.; bot: Дело в том, что мы заметили снижение трафика по вашему контракту.; bot: Подскажите, пожалуйста, планируете ли вы пользоваться нашими услугами дальше?; human: принимаю секундочку; bot: Слушаю.; human: не уловил повторите; bot: Мм, мои коллеги заметили, что по вашему договору корпоративной связи снизился трафик. Ну то есть меньше звонков стало совершаться, активность уменьшилась. Поэтому хотим уточнить, планируете ли вы пользоваться нашими услугами дальше?; human: что именно вы имеете ввиду; bot: Мы видим, что в рамках корпоративного договора стали меньше пользоваться связью. Подскажите, пожалуйста, всё хорошо работает, вы планируете дальше с нами сотрудничать?; human: не хотелось бы вас расстраивать но мтс защитник определил что номер подозрительный этому запишу наш диалог и передам все абоненту",80,200 OK,"hello_main, hello_wrong_time, clarification_main, clarification_main_tail, clarification_interruption_1, clarification_dont_understand_1, clarification_dont_understand_2"
4901531,автоответчик Олег,недозвон,,"bot: Добрый день! Меня зовут Ольга, корпоративный отдел компании t2. Вам удобно сейчас минуту уделить?; human: абонент сейчас не может возможно он занят его телефон разрядил",12,200 OK,hello_main
4904258,автоответчик,недозвон,,"bot: Добрый день! Меня зовут Ольга, корпоративный отдел компании t2. Вам удобно сейчас минуту уделить?; human: 8 для связи с секретарем нажмите 1 элимик 5 по 11 класс 2; human: по 4 классные педагоги 4 медицинский кабинет 5 мститель директора по безопасности 6 охраны 7 отдел кадров 8 заместитель директора по административно хозяйственной работе 9 директор 0 делопроизводитель 10 вахта 11",37,200 OK,hello_main
4909078,автоответчик,недозвон,,"bot: Добрый день! Это компания t2, корпоративный отдел, Ольга. Минуту уделите, пожалуйста?; human: к сожалению абонент сейчас не может ответить возможно он занят его телефон разрядился",12,200 OK,hello_main
4910502,автоответчик,недозвон,,"bot: Добрый день! Корпоративный отдел компании t2, меня зову Ольга. Меня слышно, да?; human: к сожалению абонент сейчас не может ответить можно он занят его телефон разрядился",12,200 OK,hello_main
4911817,автоответчик,недозвон,,"bot: Добрый день! Меня зовут Ольга, корпоративный отдел компании t2. Вам удобно сейчас минуту уделить?; human: вы позвонили в обращаем ваше внимание в целях качества обслуживания разговор может быть записан; human: вы знаете внутренний номер абонента нажмите 1 для соединения с коммерческим блоком нажмите 2 для связи с пресс службой нажмите 3 оставить сообщение департамента внутреннего контроля нажмите 4 для связи с оператором оставайтесь на линии; human: к сожалению общем номер 0 продиктуйте свое сообщение после звукового",38,200 OK,hello_main
4918134,автоответчик,недозвон,,"bot: Добрый день! Меня зовут Ольга, корпоративный отдел компании t2. Вам удобно сейчас минуту уделить?; human: позвонили в компанию если вы знаете внутренний номер наберите его в тоновом режиме или дождитесь ответа; human: если вам нужен розничный магазин нажмите 1 если вам нужен отдел оптовых продаж нажмите 2 вам нужен сервисный центр нажмите 3 если вам нужен отдел поставок нажмите 4 если вам нужен отдел рекламы и продвижения нажмите 5 если вам нужна бухгалтерия нажмите 6 если вам нужен отдел персонала нажмите 7 сли вам нужна служба охраны нажмите во 8 в целях повышения безопасности для улучшения качества обслуживания разговор может быть записан",52,200 OK,hello_main
4920706,автоответчик Олег,недозвон,,"bot: Добрый день! Это компания t2, корпоративный отдел, Ольга. Минуту уделите, пожалуйста?; human: по какому вопросу; bot: У меня короткий вопрос по вашему договору, буквально минута.; bot: Дело в том, что мы заметили снижение трафика по вашему контракту.; bot: Подскажите, пожалуйста, планируете ли вы пользоваться нашими услугами дальше?; bot: Алло?; bot: Вас не слышно; human: слышно алло; bot: Вы планируете пользоваться услугами t2 дальше?; human: слышу хорошо продолжайте",43,200 OK,"hello_main, hello_wrong_time, clarification_main, clarification_main_tail, clarification_null_1, clarification_null_2, clarification_tail_1"
4922545,автоответчик,недозвон,,"bot: Добрый день! Корпоративный отдел компании t2, меня зову Ольга. Меня слышно, да?; human: оставьте сообщение на автоответчик",7,200 OK,hello_main
4924259,автоответчик,недозвон,,"bot: Добрый день! Корпоративный отдел компании t2, меня зову Ольга. Меня слышно, да?; human: компания для соединения с абонентом наберите его номер в тоновом режиме если вы уже являетесь нашим клиентом и хотите получить консультацию по вопросам расчетно договорного обслуживания настройки виртуальной ахслу в личном кабине нажмите 1 если вы еще не являетесь клиентом компании и хотите проконсультироваться по услугам компании или приобрести их нажмите 2 по вопросам технической поддержки настройки оборудования 3 для возврата в меню нажмите звездочку; human: обращаем ваше внимание в целях поддержания качества обслуживания клиентов все разговоры со специалистами записываются оставаясь на линии вы даете свое согласие на обработку ваших персональных данных для оценки качества работы сотрудника разговора оставайтесь на линии",61,200 OK,hello_main
4924968,автоответчик,недозвон,,"bot: Добрый день! Компания t2, меня зовут Ольга. Звоню по корпоративному договору, меня хорошо слышно?; human: переведите ваш телефон в тоновый режим обращаем ваше внимание в контроля качества обслуживания все разговоры; bot: У меня один короткий вопрос по вашему договору. Мм…; bot: Дело в том, что мы заметили снижение трафика по вашему контракту.; human: наберите 4 если вы знаете внутренний номер сотрудника наберите его в тоновом режиме для соединения с секретарем наберите 0 или оставайтесь на линии",33,200 OK,"hello_main, hello_default, clarification_main"
4927334,автоответчик Олег,недозвон,,"bot: Добрый день! Это компания t2, корпоративный отдел, Ольга. Минуту уделите, пожалуйста?; human: о это сообщение тянет на целый массив данных я сохранила абсолютно все сейчас передам абоненту пока что ответить не может и звонки мою я голосовой ассистент что то е",26,200 OK,hello_main
4929879,автоответчик,недозвон,,"bot: Добрый день! Компания t2, меня зовут Ольга. Звоню по корпоративному договору, меня хорошо слышно?; human: не может ответить возможно он занят его разрядился или находится в беззвучном режиме; bot: У меня короткий вопрос по вашему договору, буквально минута.; bot: Дело в том, что мы заметили снижение трафика по вашему контракту.; human: после звукового сигнала",22,200 OK,"hello_main, hello_wrong_time, clarification_main"
4933924,автоответчик Олег,недозвон,,"bot: Добрый день! Меня зовут Ольга, корпоративный отдел компании t2. Вам удобно сейчас минуту уделить?; human: алло говорите; bot: Отлично!; bot: Дело в том, что мы заметили снижение трафика по вашему контракту.; bot: Подскажите, пожалуйста, планируете ли вы пользоваться нашими услугами дальше?; human: без проблем говорите",26,200 OK,"hello_main, hello_thanks, clarification_main, clarification_main_tail"
4986493,автоответчик Олег,недозвон,,"bot: Добрый день! Компания t2, меня зовут Ольга. Звоню по корпоративному договору, меня хорошо слышно?; human: алло что вы хотели; bot: У меня короткий вопрос по вашему договору, буквально минута.; bot: Дело в том, что мы заметили снижение трафика по вашему контракту.; bot: Подскажите, пожалуйста, планируете ли вы пользоваться нашими услугами дальше?; human: говорите далее; bot: Мы видим, что вы стали меньше пользоваться корпоративной связью. Уточните, пожалуйста, планируете ли продолжить пользоваться нашими услугами?; human: так сейчас тише сделаю слушаю",46,200 OK,"hello_main, hello_wrong_time, clarification_main, clarification_main_tail, clarification_default_1"
4989683,автоответчик Олег,недозвон,,"bot: Добрый день! Компания t2, меня зовут Ольга. Звоню по корпоративному договору, меня хорошо слышно?; human: алло по какому вопросу; bot: У меня короткий вопрос по вашему договору, буквально минута.; bot: Дело в том, что мы заметили снижение трафика по вашему контракту.; bot: Подскажите, пожалуйста, планируете ли вы пользоваться нашими услугами дальше?; human: слышу вас; bot: Мы видим, что вы стали меньше пользоваться корпоративной связью. Уточните, пожалуйста, планируете ли продолжить пользоваться нашими услугами?; human: так сейчас кишела слушаю; bot: Видим, что корпоративную связь оплачиваете, а пользуетесь сейчас редко. Мм, планируете вернуться к прежней активности?; human: уточните формулировку для ясности",62,200 OK,"hello_main, hello_wrong_time, clarification_main, clarification_main_tail, clarification_default_1, clarification_default_2"
4991210,автоответчик,недозвон,,"bot: Добрый день! Это компания t2, корпоративный отдел, Ольга. Минуту уделите, пожалуйста?; human: абонент сейчас не может ответить возможно он занят его телефон разрядился",13,200 OK,hello_main
4994738,автоответчик,недозвон,,"bot: Добрый день! Меня зовут Ольга, корпоративный отдел компании t2. Вам удобно сейчас минуту уделить?; human: да для соединения с кассой нажмите 110; human: с бухгалтерией 106 главным бухгалтером 107 для соединения с отделом кадров по цинковой 8 наберите 100 по механической 14 124; human: для соединения с юридическим отделом по общим вопросам нажмите 17 по судебным 117",33,200 OK,hello_main
5002792,автоответчик Олег,недозвон,,"bot: Добрый день! Корпоративный отдел компании t2, меня зову Ольга. Меня слышно, да?; bot: Алло, слышно меня?; human: это секретарь уже передала что звонят с чем то надеюсь вам перезвонят как можно скорее",25,200 OK,"hello_main, hello_null_1"
5008757,автоответчик,недозвон,,"bot: Добрый день! Меня зовут Ольга, корпоративный отдел компании t2. Вам удобно сейчас минуту уделить?; human: на автоответчик",9,200 OK,hello_main
5009745,автоответчик Олег,недозвон,,"bot: Добрый день! Это компания t2, корпоративный отдел, Ольга. Минуту уделите, пожалуйста?; human: о это сообщение тянет на целый массив данных я сохранила абсолютно все сейчас передам абоненту пока что он ответить не может и звонки принимаю голосовой ассистент что то еще нужно записать",25,200 OK,hello_main
5016361,автоответчик,недозвон,,"bot: Добрый день! Это компания t2, корпоративный отдел, Ольга. Минуту уделите, пожалуйста?; human: к сожалению абонент сейчас не может ответить возможно он занят его разрядился или находится в беззвучном режиме",14,200 OK,hello_main
5035158,автоответчик,недозвон,,"bot: Добрый день! Компания t2, меня зовут Ольга. Звоню по корпоративному договору, меня хорошо слышно?; human: абонент сейчас не может ответить на ваш телефон занят попробуйте перезвонить позднее если хотите отправить бесплатное смс сообщение с просьбой перезвонить нажмите 1; human: спасибо всего доброго",41,200 OK,hello_main
5045146,автоответчик,недозвон,,"bot: Добрый день! Меня зовут Ольга, корпоративный отдел компании t2. Вам удобно сейчас минуту уделить?; human: абонент сейчас не может ответить возможно он занят телефон разрядился или находится в",17,200 OK,hello_main
5045820,автоответчик,недозвон,,"bot: Добрый день! Меня зовут Ольга, корпоративный отдел компании t2. Вам удобно сейчас минуту уделить?; human: к сожалению абонент сейчас не может ответить возможно он занят его телефон разрядился",11,200 OK,hello_main
5050963,автоответчик,недозвон,,"bot: Добрый день! Корпоративный отдел компании t2, меня зову Ольга. Меня слышно, да?; human: абонент сейчас не может ответить на ваш звонок его телефон выключен или находится вне зоны действия сети попробуйте перезвонить позднее если вы хотите отправить ему бесплатное м с сообщение с просьбой перезвонить нажмите 1; human: спасибо всего доброго",44,200 OK,hello_main
5063671,автоответчик Олег,недозвон,,"bot: Добрый день! Корпоративный отдел компании t2, меня зову Ольга. Меня слышно, да?; human: алло алиса слушает константинн не трубку но я все запишу и передам говорите",13,200 OK,hello_main
5099142,автоответчик,недозвон,,"bot: Добрый день! Корпоративный отдел компании t2, меня зову Ольга. Меня слышно, да?; human: продолжается попытка дозвониться до абонента который пока что не успел ответить на ваш",12,200 OK,hello_main
5103091,автоответчик Олег,недозвон,,"bot: Добрый день! Это Ольга из компании t2. Мы с вами созванивались уже, но разговор прервался. Удобно сейчас?; human: можно конкретнее что вы хотели; bot: У меня короткий вопрос по вашему договору, буквально минута.; bot: Дело в том, что мы заметили снижение трафика по вашему контракту.; bot: Подскажите, пожалуйста, планируете ли вы пользоваться нашими услугами дальше?; human: я не понял повторите еще раз пожалуйста; bot: Мм, мои коллеги заметили, что по вашему договору корпоративной связи снизился трафик. Ну то есть меньше звонков стало совершаться, активность уменьшилась. Поэтому хотим уточнить, планируете ли вы пользоваться нашими услугами дальше?; bot: Алло?; human: не не робот или человек вы кто; bot: Это компания ""t2"", ранее вы нас знали как ""Теле2"".; bot: Вы планируете пользоваться услугами t2 дальше?; human: уточните я всегда чутко отношусь к чужой работе поэтому свое мнение высказывать буду я виртуальный помощник и моя задача это принимать",78,200 OK,"hello_main_recall, hello_wrong_time, clarification_main, clarification_main_tail, clarification_dont_understand_1, clarification_null_1, clarification_what_company, clarification_tail_1"
5138496,автоответчик,недозвон,,"bot: Добрый день! Это компания t2, корпоративный отдел, Ольга. Минуту уделите, пожалуйста?; human: не может ответить возможно он занят его разрядился или находится в беззвучном режиме; bot: У меня короткий вопрос по вашему договору, буквально минута.; bot: Дело в том, что мы заметили снижение трафика по вашему контракту.; human: после звукового сигнала",22,200 OK,"hello_main, hello_wrong_time, clarification_main"
5150468,автоответчик,недозвон,,"bot: Добрый день! Меня зовут Ольга, корпоративный отдел компании t2. Вам удобно сейчас минуту уделить?; human: наберите номер абонента в тональном режиме или дождитесь ответа секретаря для соединения с офисом продаж наберите 1 для соединения с управлением закупок наберите 2 для соединения с отделом персонала наберите 3 для переключения на факс наберите 4 для возврата к началу наберите 0 в улучшения качества обслуживания разговор может быть записан; human: уважаемые ваш звонок переадресует на секретаря; human: приемная",56,200 OK,hello_main
5156569,автоответчик,недозвон,,"bot: Добрый день! Компания t2, меня зовут Ольга. Звоню по корпоративному договору, меня хорошо слышно?; human: алло слушаю; bot: Отлично!; bot: Дело в том, что мы заметили снижение трафика по вашему контракту.; human: уточните какой; bot: Подскажите, пожалуйста, планируете ли вы пользоваться нашими услугами дальше?; bot: Алло?; human: расскажите подробнее абонент не смог ответить на этот звонок но я передам ему ваше сообщение",38,200 OK,"hello_main, hello_thanks, clarification_main, clarification_main_tail, clarification_null_1"
5162289,автоответчик,недозвон,,"bot: Добрый день! Это компания t2, корпоративный отдел, Ольга. Минуту уделите, пожалуйста?; human: к сожалению абонент сейчас не может ответить возможно он занят его телефон разрядился",12,200 OK,hello_main
5168594,автоответчик,недозвон,,"bot: Добрый день! Меня зовут Ольга, корпоративный отдел компании t2. Вам удобно сейчас минуту уделить?; human: не может ответить возможно он занят его разрядился или находится в беззвучном режиме; bot: У меня короткий вопрос по вашему договору, буквально минута.; bot: Дело в том, что мы заметили снижение трафика по вашему контракту.; bot: Подскажите, пожалуйста, планируете ли вы пользоваться нашими услугами дальше?; human: вы можете оставить еще сообщение запись будет продолжен",36,200 OK,"hello_main, hello_wrong_time, clarification_main, clarification_main_tail"
5171220,автоответчик,недозвон,,"bot: Добрый день! Корпоративный отдел компании t2, меня зову Ольга. Меня слышно, да?; human: сейчас не может ответить на ваш звонок его телефон выключен или находится вне зоны действия сети попробуйте перезвонить позднее",16,200 OK,hello_main
5174302,автоответчик,недозвон,,"bot: Добрый день! Корпоративный отдел компании t2, меня зову Ольга. Меня слышно, да?; human: оставайтесь на линии",30,200 OK,hello_main
5179411,автоответчик,недозвон,,"bot: Добрый день! Это компания t2, корпоративный отдел, Ольга. Минуту уделите, пожалуйста?; human: абонент сейчас не может ответить на ваш звонок его телефон зат попробуйте перезвонить позднее если хотите отправить бесплатное смс с просьбой перезвонить нажмите 1; human: спасибо всего доброго",41,200 OK,hello_main
5179716,автоответчик,недозвон,,"bot: Добрый день! Корпоративный отдел компании t2, меня зову Ольга. Меня слышно, да?; human: к сожалению абонент сейчас не может ответить возможно он занят его телефон разрядился",12,200 OK,hello_main
5191877,автоответчик,недозвон,,"bot: Добрый день! Меня зовут Ольга, корпоративный отдел компании t2. Вам удобно сейчас минуту уделить?; human: давайте на линии; bot: Отлично!; bot: Дело в том, что мы заметили снижение трафика по вашему контракту.; bot: Подскажите, пожалуйста, планируете ли вы пользоваться нашими услугами дальше?; human: абонент сейчас не может ответить на ваш звонок его телефон занят попробуйте перезвонить позднее если хотите отправить бесплатное смс сообщение с просьбой перезвонить нажмите 1",28,200 OK,"hello_main, hello_thanks, clarification_main, clarification_main_tail"
5197725,автоответчик Олег,недозвон,,"bot: Добрый день! Меня зовут Ольга, корпоративный отдел компании t2. Вам удобно сейчас минуту уделить?; human: алло добрый день; bot: Отлично!; bot: Дело в том, что мы заметили снижение трафика по вашему контракту.; bot: Подскажите, пожалуйста, планируете ли вы пользоваться нашими услугами дальше?; human: ну интересно мгновение проверенной давайте еще раз; bot: Мм, мои коллеги заметили, что по вашему договору корпоративной связи снизился трафик. Ну то есть меньше звонков стало совершаться, активность уменьшилась. Поэтому хотим уточнить, планируете ли вы пользоваться нашими услугами дальше?; human: уточните ключевой момент пожалуйста",60,200 OK,"hello_main, hello_thanks, clarification_main, clarification_main_tail, clarification_dont_understand_1"
5202581,автоответчик,недозвон,,"bot: Добрый день! Меня зовут Ольга, корпоративный отдел компании t2. Вам удобно сейчас минуту уделить?; human: здравствуйте в настоящее время мы не можем вам ответить вы можете отправить факс или свое сообщение после звукового сигнала спасибо",38,200 OK,hello_main
5202697,автоответчик,недозвон,,"bot: Добрый день! Это компания t2, корпоративный отдел, Ольга. Минуту уделите, пожалуйста?; human: к сожалению абонент сейчас не может ответить возможно он занят его телефон разрядился",11,200 OK,hello_main
5203708,автоответчик,недозвон,,"bot: Добрый день! Компания t2, меня зовут Ольга. Звоню по корпоративному договору, меня хорошо слышно?; human: абонент сейчас не может ответить на ваш звонок его телефон занят попробуйте перезвонить позднее если хотите отправить бесплатное смс с просьбой перезвонить нажмите 1; human: доброго",43,200 OK,hello_main
5208725,автоответчик,недозвон,,"bot: Добрый день! Это компания t2, корпоративный отдел, Ольга. Минуту уделите, пожалуйста?; human: установлено пожалуйста подождите",10,200 OK,hello_main
5211407,автоответчик Олег,недозвон,,"bot: Добрый день! Это Ольга из компании t2. Мы с вами созванивались уже, но разговор прервался. Удобно сейчас?; human: уточните пожалуйста по какому вопросу звоните",17,200 OK,hello_main_recall
5218384,автоответчик Олег,недозвон,,"bot: Добрый день! Компания t2, меня зовут Ольга. Звоню по корпоративному договору, меня хорошо слышно?; human: алло; bot: У меня один короткий вопрос по вашему договору. Мм…; bot: Дело в том, что мы заметили снижение трафика по вашему контракту.; bot: Подскажите, пожалуйста, планируете ли вы пользоваться нашими услугами дальше?; human: так ну допустим; bot: Мы видим, что вы стали меньше пользоваться корпоративной связью. Уточните, пожалуйста, планируете ли продолжить пользоваться нашими услугами?; human: сюда подойти пожалуйста алло извините ребенок далеко убежал еще раз можете повторить",52,200 OK,"hello_main, hello_default, clarification_main, clarification_main_tail, clarification_default_1"
5220133,автоответчик,недозвон,,"bot: Добрый день! Компания t2, меня зовут Ольга. Звоню по корпоративному договору, меня хорошо слышно?; human: к сожалению абонент сейчас не может ответить можно он занят его телефон разрядился",12,200 OK,hello_main
5221403,автоответчик,недозвон,,"bot: Добрый день! Это компания t2, корпоративный отдел, Ольга. Минуту уделите, пожалуйста?; human: абонент сейчас не может ответить возможно он занят его телефон разрядился",11,200 OK,hello_main
5238223,автоответчик Олег,недозвон,,"bot: Добрый день! Это компания t2, корпоративный отдел, Ольга. Минуту уделите, пожалуйста?; human: добрый день откуда звоните; bot: Компания ""t2"", ваш сотовый оператор. Ранее вы нас знали как ""Теле2"".; bot: Дело в том, что мы заметили снижение трафика по вашему контракту.; bot: Подскажите, пожалуйста, планируете ли вы пользоваться нашими услугами дальше?; human: подробнее расскажите",34,200 OK,"hello_main, hello_repeat, clarification_main, clarification_main_tail"
5249412,автоответчик,недозвон,,"bot: Добрый день! Компания t2, меня зовут Ольга. Звоню по корпоративному договору, меня хорошо слышно?; human: к сожалению абонент сейчас не может ответить возможно он занят его телефон разрядился",12,200 OK,hello_main
5252939,автоответчик Олег,недозвон,,"bot: Добрый день! Это компания t2, корпоративный отдел, Ольга. Минуту уделите, пожалуйста?; human: алло слушаю; bot: Отлично!; bot: Дело в том, что мы заметили снижение трафика по вашему контракту.; bot: Подскажите, пожалуйста, планируете ли вы пользоваться нашими услугами дальше?; human: принимать так сейчас пишет дело слушаю; bot: Мы видим, что вы стали меньше пользоваться корпоративной связью. Уточните, пожалуйста, планируете ли продолжить пользоваться нашими услугами?; human: уточните ключевой момент пожалуйста",49,200 OK,"hello_main, hello_thanks, clarification_main, clarification_main_tail, clarification_default_1"
5255012,автоответчик,недозвон,,"bot: Добрый день! Это Ольга из компании t2. Мы с вами созванивались уже, но разговор прервался. Удобно сейчас?; human: оставайтесь на линии",30,200 OK,hello_main_recall
5255549,автоответчик,недозвон,,"bot: Добрый день! Корпоративный отдел компании t2, меня зову Ольга. Меня слышно, да?; human: ответить возможно он занят его телефон разрядился или находится в беззвучном режиме можете перезвонить позже или записать свое сообщение после звукового сигнала",21,200 OK,hello_main
5275471,автоответчик,недозвон,,"bot: Добрый день! Меня зовут Ольга, корпоративный отдел компании t2. Вам удобно сейчас минуту уделить?; human: недоступен вы оставить сообщение после звукового сигнала",11,200 OK,hello_main
5281099,автоответчик Олег,недозвон,,"bot: Добрый день! Компания t2, меня зовут Ольга. Звоню по корпоративному договору, меня хорошо слышно?; human: алло; bot: У меня один короткий вопрос по вашему договору. Мм…; bot: Дело в том, что мы заметили снижение трафика по вашему контракту.; human: подскажите по какому поводу вы звоните; bot: Подскажите, пожалуйста, планируете ли вы пользоваться нашими услугами дальше?; bot: Алло?; human: абонент не смог на этот звонок но я передам ему ваше сообщение",38,200 OK,"hello_main, hello_default, clarification_main, clarification_main_tail, clarification_null_1"
5285093,автоответчик,недозвон,,"bot: Добрый день! Корпоративный отдел компании t2, меня зову Ольга. Меня слышно, да?; human: но номер по окончании набора нажмите решетку",36,200 OK,hello_main
5331885,автоответчик Олег,недозвон,,"bot: Добрый день! Это компания t2, корпоративный отдел, Ольга. Минуту уделите, пожалуйста?; human: алло на связи; bot: У меня один короткий вопрос по вашему договору. Мм…; bot: Дело в том, что мы заметили снижение трафика по вашему контракту.; bot: Подскажите, пожалуйста, планируете ли вы пользоваться нашими услугами дальше?; human: подробнее расскажите",31,200 OK,"hello_main, hello_default, clarification_main, clarification_main_tail"
5368162,автоответчик,недозвон,,"bot: Добрый день! Компания t2, меня зовут Ольга. Звоню по корпоративному договору, меня хорошо слышно?; human: сейчас не может ответить возможно он занят его фон разрядился или находится в беззвучном режиме",20,200 OK,hello_main
5372332,автоответчик,недозвон,,"bot: Добрый день! Компания t2, меня зовут Ольга. Звоню по корпоративному договору, меня хорошо слышно?; human: абонент сейчас не может ответить на ваш звонок его телефон выключен или находится вне зоны действия сети",16,200 OK,hello_main
5373900,автоответчик Олег,недозвон,,"bot: Добрый день! Компания t2, меня зовут Ольга. Звоню по корпоративному договору, меня хорошо слышно?; human: по какому вопросу; bot: У меня короткий вопрос по вашему договору, буквально минута.; bot: Дело в том, что мы заметили снижение трафика по вашему контракту.; bot: Подскажите, пожалуйста, планируете ли вы пользоваться нашими услугами дальше?; human: говорите далее давайте подробнее; bot: Мм, мои коллеги заметили, что по вашему договору корпоративной связи снизился трафик. Ну то есть меньше звонков стало совершаться, активность уменьшилась. Поэтому хотим уточнить, планируете ли вы пользоваться нашими услугами дальше?; human: уточните формулировку для ясности",54,200 OK,"hello_main, hello_wrong_time, clarification_main, clarification_main_tail, clarification_dont_understand_1"
5380065,автоответчик,недозвон,,"bot: Добрый день! Корпоративный отдел компании t2, меня зову Ольга. Меня слышно, да?; human: может ответить возможно он занят его разрядился или находится в беззвучном режиме; bot: У меня короткий вопрос по вашему договору, буквально минута.; bot: Дело в том, что мы заметили снижение трафика по вашему контракту.; human: звукового сигнала; bot: Подскажите, пожалуйста, планируете ли вы пользоваться нашими услугами дальше?; human: вы можете оставить сообщение запись будет продолжен",35,200 OK,"hello_main, hello_wrong_time, clarification_main, clarification_main_tail"
5406679,автоответчик,недозвон,,"bot: Добрый день! Компания t2, меня зовут Ольга. Звоню по корпоративному договору, меня хорошо слышно?; human: вы позвонили в магазин тротуарной плитки мб инновация связаться с офисом по улице проезд воронинские горки; bot: У меня один короткий вопрос по вашему договору. Мм…; bot: Дело в том, что мы заметили снижение трафика по вашему контракту.; human: с на улице авторемонтная 47 нажмите; bot: Подскажите, пожалуйста, планируете ли вы пользоваться нашими услугами дальше?; human: с офисом на 6 дом 1 нажмите 3 или оставайтесь на",26,200 OK,"hello_main, hello_default, clarification_main, clarification_main_tail"
5408397,автоответчик,недозвон,,"bot: Добрый день! Меня зовут Ольга, корпоративный отдел компании t2. Вам удобно сейчас минуту уделить?; human: вами номер не используется",10,200 OK,hello_main
5410737,автоответчик,недозвон,,"bot: Добрый день! Меня зовут Ольга, корпоративный отдел компании t2. Вам удобно сейчас минуту уделить?; human: к сожалению абонент сейчас не может ответить можно он занят его телефон разрядился",14,200 OK,hello_main
5417203,автоответчик,недозвон,,"bot: Добрый день! Это компания t2, корпоративный отдел, Ольга. Минуту уделите, пожалуйста?; human: к сожалению абонент сейчас не может ответить возможно он занят его телефон разрядился",12,200 OK,hello_main
5427390,автоответчик,недозвон,,"bot: Добрый день! Меня зовут Ольга, корпоративный отдел компании t2. Вам удобно сейчас минуту уделить?; human: или находится вне зоны действия сети попробуйте перезвонить позднее если вы хотите отправить ему бесплатное смс сообщение с просьбой перезвонить нажмите 1; human: спасибо всего доброго",44,200 OK,hello_main
5427645,автоответчик,недозвон,,"bot: Добрый день! Это компания t2, корпоративный отдел, Ольга. Минуту уделите, пожалуйста?; human: управляющую если вы внутренний номер абонента наберите его в тоновом режиме; human: у вас аварийная заявка нажмите 1 хотите передать показания приборов учета нажмите 2 для соединения с бухгалтером по начисления нажмите 3 с отделом по работе с собственниками нажмите 4 хотите узнать задолженность нажмите 5 для соединения с паспортным столом нажмите 6 приемной нажмите 7 хотите отправить факс нажмите 9 для повторного прослушивания сообщения нажмите звездочка или дождитесь ответа оператора напоминаем что в целях улучшения обслуживания все разговоры записываются; bot: Здравствуйте! Меня зовут Ольга, звоню из корпоративного отдела компании t2.; bot: Дело в том, что мы заметили снижение трафика по вашему контракту.; bot: Подскажите, пожалуйста, планируете ли вы пользоваться нашими услугами дальше?; human: управляющая компания здравствуйте алло; bot: Мы видим, что вы стали меньше пользоваться корпоративной связью. Уточните, пожалуйста, планируете ли продолжить пользоваться нашими услугами?; human: алло пожалуйста оцените работу нашего сотрудника по шкале от 1 до 5 после сигнала 1 плохо 5 очень хорошо",85,200 OK,"hello_main, hello_greetings, clarification_main, clarification_main_tail, clarification_default_1"
5429640,автоответчик Олег,недозвон,,"bot: Добрый день! Корпоративный отдел компании t2, меня зову Ольга. Меня слышно, да?; human: добрый день по какому вопросу; bot: У меня короткий вопрос по вашему договору, буквально минута.; bot: Дело в том, что мы заметили снижение трафика по вашему контракту.; bot: Подскажите, пожалуйста, планируете ли вы пользоваться нашими услугами дальше?; human: без проблем говорите",31,200 OK,"hello_main, hello_wrong_time, clarification_main, clarification_main_tail"
5437897,автоответчик,недозвон,,"bot: Добрый день! Компания t2, меня зовут Ольга. Звоню по корпоративному договору, меня хорошо слышно?; human: абонент временно недоступен вы можете сообщение после звукового сигнала",11,200 OK,hello_main
5445425,автоответчик,недозвон,,"bot: Добрый день! Корпоративный отдел компании t2, меня зову Ольга. Меня слышно, да?; human: абонент сейчас не может ответить на ваш звонок попробуйте перезвонить позднее если вы хотите оставить ему голосовое сообщение говорите после звукового сигнала",20,200 OK,hello_main
5446463,автоответчик,недозвон,,"bot: Добрый день! Меня зовут Ольга, корпоративный отдел компании t2. Вам удобно сейчас минуту уделить?; human: к сожалению абонент сейчас не может ответить",11,200 OK,hello_main
5447833,автоответчик,недозвон,,"bot: Добрый день! Меня зовут Ольга, корпоративный отдел компании t2. Вам удобно сейчас минуту уделить?; human: к сожалению абонент сейчас не может ответить возможно он занят его телефон разрядился",12,200 OK,hello_main
5452315,автоответчик Олег,недозвон,,"bot: Добрый день! Это компания t2, корпоративный отдел, Ольга. Минуту уделите, пожалуйста?; human: алло слушаю слушаю",13,200 OK,hello_main
5452833,автоответчик,недозвон,,"bot: Добрый день! Это компания t2, корпоративный отдел, Ольга. Минуту уделите, пожалуйста?; human: к сожалению абонент сейчас не может ответить возможно он занят его телефон разрядился",12,200 OK,hello_main
5454776,автоответчик,недозвон,,"bot: Добрый день! Меня зовут Ольга, корпоративный отдел компании t2. Вам удобно сейчас минуту уделить?; human: оставайтесь на линии",30,200 OK,hello_main
5463373,автоответчик Олег,недозвон,,"bot: Добрый день! Это компания t2, корпоративный отдел, Ольга. Минуту уделите, пожалуйста?; human: алло слушаю это важное сообщение понимаю я передам его абоненту его увидит когда сможет нужно записать что то еще",19,200 OK,hello_main
5466924,автоответчик,недозвон,,"bot: Добрый день! Корпоративный отдел компании t2, меня зову Ольга. Меня слышно, да?; human: если вы хотите оставить ему голосовое сообщение говорите после звукового сигнала",19,200 OK,hello_main
5479344,автоответчик,недозвон,,"bot: Добрый день! Компания t2, меня зовут Ольга. Звоню по корпоративному договору, меня хорошо слышно?; human: к сожалению абонент сейчас не может ответить возможно он занят его телефон разрядился",12,200 OK,hello_main
5488404,автоответчик,недозвон,,"bot: Добрый день! Корпоративный отдел компании t2, меня зову Ольга. Меня слышно, да?; human: к сожалению абонент сейчас не может ответить возможно он занят его телефон разрядился",12,200 OK,hello_main
5529829,автоответчик Олег,недозвон,,"bot: Добрый день! Это компания t2, корпоративный отдел, Ольга. Минуту уделите, пожалуйста?; human: много не бывает обещаю что абонент получит ваше сообщение; bot: У меня один короткий вопрос по вашему договору. Мм…; bot: Дело в том, что мы заметили снижение трафика по вашему контракту.; human: 1; bot: Подскажите, пожалуйста, планируете ли вы пользоваться нашими услугами дальше?; human: есть еще какие нибудь детали; bot: Мы видим, что вы стали меньше пользоваться корпоративной связью. Уточните, пожалуйста, планируете ли продолжить пользоваться нашими услугами?; human: подскажите как я могу вас представить абоненту",47,200 OK,"hello_main, hello_default, clarification_main, clarification_main_tail, clarification_default_1"
5533606,автоответчик,недозвон,,"bot: Добрый день! Компания t2, меня зовут Ольга. Звоню по корпоративному договору, меня хорошо слышно?; human: не может ответить возможно он занят его телефонон разрядился или находится в беззвучном режиме вы можете перезвонить позже или записать свое сообщение после звукового сигнала",22,200 OK,hello_main
5542072,автоответчик Олег,недозвон,,"bot: Добрый день! Меня зовут Ольга, корпоративный отдел компании t2. Вам удобно сейчас минуту уделить?; human: к сожалению абонент сейчас не может возможно он занят его телефон разрядил",12,200 OK,hello_main
5558755,автоответчик Олег,недозвон,,"bot: Добрый день! Корпоративный отдел компании t2, меня зову Ольга. Меня слышно, да?; human: алло слушаю; bot: Отлично!; bot: Дело в том, что мы заметили снижение трафика по вашему контракту.; bot: Подскажите, пожалуйста, планируете ли вы пользоваться нашими услугами дальше?; human: расскажите вкратце о чем разговор предстоит; bot: Дело в том, что мы по корпоративной связи с вами сотрудничаем и...; bot: Мы видим, что вы стали меньше пользоваться корпоративной связью. Уточните, пожалуйста, планируете ли продолжить пользоваться нашими услугами?; human: можете рассказать подробнее я все передам абоненту",38,200 OK,"hello_main, hello_thanks, clarification_main, clarification_main_tail, clarification_dont_want_answer, clarification_default_1"
5561284,автоответчик Олег,недозвон,,"bot: Добрый день! Меня зовут Ольга, корпоративный отдел компании t2. Вам удобно сейчас минуту уделить?; human: алло добрый день; bot: Отлично!; bot: Дело в том, что мы заметили снижение трафика по вашему контракту.; bot: Подскажите, пожалуйста, планируете ли вы пользоваться нашими услугами дальше?; human: я вас слышу; bot: Мы видим, что вы стали меньше пользоваться корпоративной связью. Уточните, пожалуйста, планируете ли продолжить пользоваться нашими услугами?; human: проверю настройки давайте еще раз; bot: Мм, мои коллеги заметили, что по вашему договору корпоративной связи снизился трафик. Ну то есть меньше звонков стало совершаться, активность уменьшилась. Поэтому хотим уточнить, планируете ли вы пользоваться нашими услугами дальше?; human: уточните формулировку для ясности",64,200 OK,"hello_main, hello_thanks, clarification_main, clarification_main_tail, clarification_default_1, clarification_dont_understand_1"
5574102,автоответчик,недозвон,,"bot: Добрый день! Меня зовут Ольга, корпоративный отдел компании t2. Вам удобно сейчас минуту уделить?; human: не кладите угу я запишу и сообщу что; bot: Отлично!; bot: Дело в том, что мы заметили снижение трафика по вашему контракту.; human: что то еще; bot: Подскажите, пожалуйста, планируете ли вы пользоваться нашими услугами дальше?; bot: Алло?; human: ну допустим; bot: Мы видим, что вы стали меньше пользоваться корпоративной связью. Уточните, пожалуйста, планируете ли продолжить пользоваться нашими услугами?; human: простите а ваше имя я могу; bot: Меня зовут Ольга.; human: подождите пожалуйста я как раз вчера об этом думала вы; bot: Слушаю.; human: вы не могли бы говорить громче плохо слышно какие то шумы у вас; bot: Мм, мои коллеги заметили, что по вашему договору корпоративной связи снизился трафик. Ну то есть меньше звонков стало совершаться, активность уменьшилась. Поэтому хотим уточнить, планируете ли вы пользоваться нашими услугами дальше?; bot: Вас не слышно; human: вообще у меня друг; bot: Видим, что корпоративную связь оплачиваете, а пользуетесь сейчас редко. Мм, планируете вернуться к прежней активности?; human: класс расскажите; bot: Отметили, что сейчас вы реже пользуетесь нашими услугами. Скажите, пожалуйста, планируете по корпоративной связи и дальше сотрудничать с нами?; human: так быстро говорите меня звонок по другой линии чуть повесите мне очень важно ответить я",116,200 OK,"hello_main, hello_thanks, clarification_main, clarification_main_tail, clarification_null_1, clarification_default_1, clarification_bot_name, clarification_interruption_1, clarification_dont_understand_1, clarification_null_2, clarification_default_2, clarification_default_3"
5586405,автоответчик,недозвон,,"bot: Добрый день! Это компания t2, корпоративный отдел, Ольга. Минуту уделите, пожалуйста?; human: к сожалению абонент сейчас не может ответить возможно он занят его телефон разрядился",12,200 OK,hello_main
5605256,автоответчик Олег,недозвон,,"bot: Добрый день! Это компания t2, корпоративный отдел, Ольга. Минуту уделите, пожалуйста?; bot: Алло, слышно меня?; human: минутку уделю; bot: Отлично!; bot: Дело в том, что мы заметили снижение трафика по вашему контракту.; bot: Подскажите, пожалуйста, планируете ли вы пользоваться нашими услугами дальше?; human: ну так; bot: Мы видим, что вы стали меньше пользоваться корпоративной связью. Уточните, пожалуйста, планируете ли продолжить пользоваться нашими услугами?; human: а что мне с этим делать можно будет; bot: Видим, что корпоративную связь оплачиваете, а пользуетесь сейчас редко. Мм, планируете вернуться к прежней активности?; human: мне на этой условия по страхованию покупок",63,200 OK,"hello_main, hello_null_1, hello_thanks, clarification_main, clarification_main_tail, clarification_default_1, clarification_default_2"
5607701,автоответчик,недозвон,,"bot: Добрый день! Меня зовут Ольга, корпоративный отдел компании t2. Вам удобно сейчас минуту уделить?; human: к сожалению абонент сейчас не может ответить возможно он занят его телефон или находится в беззвучном режиме",15,200 OK,hello_main
5631496,автоответчик,недозвон,,"bot: Добрый день! Это компания t2, корпоративный отдел, Ольга. Минуту уделите, пожалуйста?; human: ваш звонок очень важен для нас",36,200 OK,hello_main
5642975,автоответчик,недозвон,,"bot: Добрый день! Меня зовут Ольга, корпоративный отдел компании t2. Вам удобно сейчас минуту уделить?; human: абонент сейчас не может ответить на ваш звонок его фон выключен или находится вне зоны действия сети",14,200 OK,hello_main
5679937,автоответчик Олег,недозвон,,"bot: Добрый день! Компания t2, меня зовут Ольга. Звоню по корпоративному договору, меня хорошо слышно?; human: слушаю вас чем могу быть полезно",13,200 OK,hello_main
5702633,автоответчик,недозвон,,"bot: Добрый день! Корпоративный отдел компании t2, меня зову Ольга. Меня слышно, да?; human: набранный вами номер не используется",10,200 OK,hello_main
5718722,автоответчик,недозвон,,"bot: Добрый день! Меня зовут Ольга, корпоративный отдел компании t2. Вам удобно сейчас минуту уделить?; human: к сожалению абонент сейчас не может ответить",12,200 OK,hello_main
5722393,автоответчик,недозвон,,"bot: Добрый день! Это компания t2, корпоративный отдел, Ольга. Минуту уделите, пожалуйста?; human: к сожалению абонент сейчас не может ответить возможно он занят его телефон разрядился",13,200 OK,hello_main
5724796,автоответчик,недозвон,,"bot: Добрый день! Компания t2, меня зовут Ольга. Звоню по корпоративному договору, меня хорошо слышно?; human: к сожалению абонент сейчас не может ответить возможно он занят его телефон разрядился",12,200 OK,hello_main
5728065,автоответчик Олег,недозвон,,"bot: Добрый день! Компания t2, меня зовут Ольга. Звоню по корпоративному договору, меня хорошо слышно?; human: добрый день на связи; bot: У меня один короткий вопрос по вашему договору. Мм…; bot: Дело в том, что мы заметили снижение трафика по вашему контракту.; bot: Подскажите, пожалуйста, планируете ли вы пользоваться нашими услугами дальше?; human: говорите; bot: Мы видим, что вы стали меньше пользоваться корпоративной связью. Уточните, пожалуйста, планируете ли продолжить пользоваться нашими услугами?; human: слушаю дальше не уловил повторите; bot: Мм, мои коллеги заметили, что по вашему договору корпоративной связи снизился трафик. Ну то есть меньше звонков стало совершаться, активность уменьшилась. Поэтому хотим уточнить, планируете ли вы пользоваться нашими услугами дальше?; human: что именно вы имеете ввиду; bot: Мы видим, что в рамках корпоративного договора стали меньше пользоваться связью. Подскажите, пожалуйста, всё хорошо работает, вы планируете дальше с нами сотрудничать?; human: кстати это мтс защитник отметил номер как поэтому подскажите что мне передать абоненту",88,200 OK,"hello_main, hello_default, clarification_main, clarification_main_tail, clarification_default_1, clarification_dont_understand_1, clarification_dont_understand_2"
5740804,автоответчик,недозвон,,"bot: Добрый день! Это компания t2, корпоративный отдел, Ольга. Минуту уделите, пожалуйста?; human: не может ответить на ваш звонок его телефон выключен или находится вне зоны действия сети попробуйте перезвонить позднее если вы хотите отправить ему бесплатное с сообщение с просьбой перезвонить нажмите 1; human: спасибо всего доброго",46,200 OK,hello_main
5742643,автоответчик Олег,недозвон,,"bot: Добрый день! Меня зовут Ольга, корпоративный отдел компании t2. Вам удобно сейчас минуту уделить?; bot: Алло, слышно меня?; human: а какой целью; bot: У меня короткий вопрос по вашему договору, буквально минута.; bot: Дело в том, что мы заметили снижение трафика по вашему контракту.; bot: Подскажите, пожалуйста, планируете ли вы пользоваться нашими услугами дальше?; bot: Алло?; human: а как мне это использовать я не понимаю; bot: Мм, мои коллеги заметили, что по вашему договору корпоративной связи снизился трафик. Ну то есть меньше звонков стало совершаться, активность уменьшилась. Поэтому хотим уточнить, планируете ли вы пользоваться нашими услугами дальше?; human: а сколько будет стоить в другой город позвонить",59,200 OK,"hello_main, hello_null_1, hello_wrong_time, clarification_main, clarification_main_tail, clarification_null_1, clarification_dont_understand_1"
5746589,автоответчик,недозвон,,"bot: Добрый день! Компания t2, меня зовут Ольга. Звоню по корпоративному договору, меня хорошо слышно?; human: абонент сейчас не может ответить на ваш звонок его выключен или находится вне зоны действия сети",15,200 OK,hello_main
5760309,автоответчик,недозвон,,"bot: Добрый день! Это компания t2, корпоративный отдел, Ольга. Минуту уделите, пожалуйста?; human: в свободной продаже если вы хотите приобрести данный номер или узнать больше наших",15,200 OK,hello_main
5761321,автоответчик,недозвон,,"bot: Добрый день! Корпоративный отдел компании t2, меня зову Ольга. Меня слышно, да?; human: к сожалению абонент сейчас не может ответить возможно он занят его телефон разрядился",12,200 OK,hello_main
5768241,автоответчик,недозвон,,"bot: Добрый день! Корпоративный отдел компании t2, меня зову Ольга. Меня слышно, да?; human: к сожалению абонент сейчас не может ответить возможно он занят его телефон разрядился",12,200 OK,hello_main
5768266,автоответчик Олег,недозвон,,"bot: Добрый день! Это компания t2, корпоративный отдел, Ольга. Минуту уделите, пожалуйста?; human: алло на связи; bot: У меня один короткий вопрос по вашему договору. Мм…; bot: Дело в том, что мы заметили снижение трафика по вашему контракту.; human: без проблем говорите",25,200 OK,"hello_main, hello_default, clarification_main"
5770425,автоответчик Олег,недозвон,,"bot: Добрый день! Компания t2, меня зовут Ольга. Звоню по корпоративному договору, меня хорошо слышно?; human: кое что удивительная машина обучении на видимо меня никто не слушает слышу вас хорошо можете говорить; bot: Отлично!; bot: Дело в том, что мы заметили снижение трафика по вашему контракту.; bot: Подскажите, пожалуйста, планируете ли вы пользоваться нашими услугами дальше?; human: послушаем что вы мне предложите сегодня; bot: Дело в том, что мы по корпоративной связи с вами сотрудничаем и...; bot: Мы видим, что вы стали меньше пользоваться корпоративной связью. Уточните, пожалуйста, планируете ли продолжить пользоваться нашими услугами?; human: лучше я сначала все подробно изучу и перезвоню если что хорошо надеюсь на понимание",54,200 OK,"hello_main, hello_thanks, clarification_main, clarification_main_tail, clarification_dont_want_answer, clarification_default_1"
5790671,автоответчик,недозвон,,"bot: Добрый день! Компания t2, меня зовут Ольга. Звоню по корпоративному договору, меня хорошо слышно?; human: абонент сейчас не может ответить возможно он занят его телефон разрядился",11,200 OK,hello_main
5791652,автоответчик,недозвон,,"bot: Добрый день! Компания t2, меня зовут Ольга. Звоню по корпоративному договору, меня хорошо слышно?; human: номер недоступен оставьте сообщение на",15,200 OK,hello_main
5795286,автоответчик,недозвон,,"bot: Добрый день! Корпоративный отдел компании t2, меня зову Ольга. Меня слышно, да?; human: звонили; bot: У меня один короткий вопрос по вашему договору. Мм…; bot: Дело в том, что мы заметили снижение трафика по вашему контракту.; human: его в тоновом режиме; bot: Подскажите, пожалуйста, планируете ли вы пользоваться нашими услугами дальше?; human: или дождитесь ответа оператора",30,200 OK,"hello_main, hello_default, clarification_main, clarification_main_tail"
5799977,автоответчик,недозвон,,"bot: Добрый день! Это компания t2, корпоративный отдел, Ольга. Минуту уделите, пожалуйста?; human: отвечает звонок был перенаправлен на голосовой почтовый вы можете оставить сообщение после звукового сигнала",13,200 OK,hello_main
5807931,автоответчик,недозвон,,"bot: Добрый день! Это компания t2, корпоративный отдел, Ольга. Минуту уделите, пожалуйста?; human: алло слушаю; bot: Отлично!; bot: Дело в том, что мы заметили снижение трафика по вашему контракту.; human: пишу и; bot: Подскажите, пожалуйста, планируете ли вы пользоваться нашими услугами дальше?; bot: Алло?; human: продолжай простите а; bot: Слушаю.; human: меняя звонок по другой линии чуть чуть вите мне очень важно ответить я",42,200 OK,"hello_main, hello_thanks, clarification_main, clarification_main_tail, clarification_null_1, clarification_interruption_1"
5809698,автоответчик,недозвон,,"bot: Добрый день! Это компания t2, корпоративный отдел, Ольга. Минуту уделите, пожалуйста?; human: номера телефона для этого ответа оператора и сообщите ему следующие данные; human: если вы юридическое лицо номер телефона который хотите сохните наименование юридического лица если вы физическое лицо номер телефона который хотите сохранить фамилия имя отчество физического лица а также оставьте кон контактный номер телефона для связи с вами спасибо",39,200 OK,hello_main
5811061,автоответчик,недозвон,,"bot: Добрый день! Меня зовут Ольга, корпоративный отдел компании t2. Вам удобно сейчас минуту уделить?; human: абонент сет сейчас не может ответить на ваш звонок его телефон занят попробуйте перезвонить позднее если хотите отправить бесплатное смс с просьбой перезвонить нажмите 1; human: спасибо всего доброго",42,200 OK,hello_main
5816367,автоответчик,недозвон,,"bot: Добрый день! Корпоративный отдел компании t2, меня зову Ольга. Меня слышно, да?; human: вами номер не используется",10,200 OK,hello_main
5828468,автоответчик,недозвон,,"bot: Добрый день! Это компания t2, корпоративный отдел, Ольга. Минуту уделите, пожалуйста?; human: абонент сейчас не может ответить возможно он занят его телефон разрядился",12,200 OK,hello_main
5834274,автоответчик Олег,недозвон,,"bot: Добрый день! Корпоративный отдел компании t2, меня зову Ольга. Меня слышно, да?; human: набрали именно с телефонного номера начинается общение клиента и компании и подключение красивого номера может стать дополнительным удачным маркетинговым ходом объясняется это просто чем лучше запоминается номер телефона тем охотнее клиенты станут совершать звонки если отойти от технической составляющей маркетинговый имиджевой то телефонные номера может разделить на 2 типа мобильные номера самые доступные самые массовые и потому самые непрезентабельные и вызывающее подозрение действительно какая же это серьезная компания если номер для связи указан мобильный который можно приобрести на ближайшем рынке 2 номер уже при 1 взгляде покажет вашим клиентом что перед ним надежная компания имеющая собственный офис это городские номера в ходе 495 или 499 среди пользователей до сих пор будут менее что городской номер можно подключить только при наличии определенного помещения однако московский городской номер можно подключить к вашей сим карте и принимать звонки находясь в любой точке россии в итоге ваши клиенты будут уверены в серьезности вашей компании а вы не будете привязаны к 1 месту и главный момент московский номер будет для вас всего лишь 180 рублей в месяц",86,200 OK,hello_main
5922744,автоответчик Олег,недозвон,,"bot: Добрый день! Это компания t2, корпоративный отдел, Ольга. Минуту уделите, пожалуйста?; human: алло добрый день; bot: Отлично!; bot: Дело в том, что мы заметили снижение трафика по вашему контракту.; bot: Подскажите, пожалуйста, планируете ли вы пользоваться нашими услугами дальше?; human: да слушаю; bot: Мы видим, что вы стали меньше пользоваться корпоративной связью. Уточните, пожалуйста, планируете ли продолжить пользоваться нашими услугами?; human: слышу хорошо продолжайте",44,200 OK,"hello_main, hello_thanks, clarification_main, clarification_main_tail, clarification_default_1"
5927001,автоответчик,недозвон,,"bot: Добрый день! Корпоративный отдел компании t2, меня зову Ольга. Меня слышно, да?; human: к сожалению абонент сейчас не может ответить возможно он занят его телефон разрядился",12,200 OK,hello_main
5928439,автоответчик,недозвон,,"bot: Добрый день! Компания t2, меня зовут Ольга. Звоню по корпоративному договору, меня хорошо слышно?; human: к сожалению абонент сейчас не может ответить возможно он занят его телефон разрядился",12,200 OK,hello_main
5936631,автоответчик,недозвон,,"bot: Добрый день! Это компания t2, корпоративный отдел, Ольга. Минуту уделите, пожалуйста?; human: абонент сейчас не может ответить возможно он занят его телефон разрядился",13,200 OK,hello_main
5942612,автоответчик,недозвон,,"bot: Добрый день! Компания t2, меня зовут Ольга. Звоню по корпоративному договору, меня хорошо слышно?; human: к сожалению абонент сейчас не может ответить возможно он занят его телефон разрядился",13,200 OK,hello_main
5944849,автоответчик Олег,недозвон,,"bot: Добрый день! Компания t2, меня зовут Ольга. Звоню по корпоративному договору, меня хорошо слышно?; human: абонент сейчас не может возможно он занят его телефон",13,200 OK,hello_main
5950962,автоответчик,недозвон,,"bot: Добрый день! Компания t2, меня зовут Ольга. Звоню по корпоративному договору, меня хорошо слышно?; human: продолжается попытка дозвониться до абонента который пока что не успел ответить на ваш вызов",12,200 OK,hello_main
5957672,автоответчик Олег,недозвон,,"bot: Добрый день! Компания t2, меня зовут Ольга. Звоню по корпоративному договору, меня хорошо слышно?; bot: Алло, слышно меня?; human: вольте поинтересоваться о чем вы хотите рассказать; bot: У меня один короткий вопрос по вашему договору. Мм…; bot: Дело в том, что мы заметили снижение трафика по вашему контракту.; bot: Подскажите, пожалуйста, планируете ли вы пользоваться нашими услугами дальше?; human: сообщите детали пожалуйста я передам их бонент и возможно он перезвонит",41,200 OK,"hello_main, hello_null_1, hello_default, clarification_main, clarification_main_tail"
5961669,автоответчик,недозвон,,"bot: Добрый день! Это Ольга из компании t2. Мы с вами созванивались уже, но разговор прервался. Удобно сейчас?; human: продолжается попытка дозвониться до нента который пока что не успел ответить на ваш вызов",12,200 OK,hello_main_recall
5976524,автоответчик Олег,недозвон,,"bot: Добрый день! Меня зовут Ольга, корпоративный отдел компании t2. Вам удобно сейчас минуту уделить?; human: алло что вы хотели; bot: У меня короткий вопрос по вашему договору, буквально минута.; bot: Дело в том, что мы заметили снижение трафика по вашему контракту.; bot: Подскажите, пожалуйста, планируете ли вы пользоваться нашими услугами дальше?; human: слушаю внимательно секундочку связь шалил; bot: Слушаю.; human: некоторые детали остались не ясны",41,200 OK,"hello_main, hello_wrong_time, clarification_main, clarification_main_tail, clarification_interruption_1"
5976796,автоответчик,недозвон,,"bot: Добрый день! Корпоративный отдел компании t2, меня зову Ольга. Меня слышно, да?; human: соединение установлено пожалуйста подождите",11,200 OK,hello_main
5997427,автоответчик,недозвон,,"bot: Добрый день! Компания t2, меня зовут Ольга. Звоню по корпоративному договору, меня хорошо слышно?; human: продолжается попытка дозвониться абонента который пока что не успел ответить на ваш",12,200 OK,hello_main
6029203,автоответчик,недозвон,,"bot: Добрый день! Меня зовут Ольга, корпоративный отдел компании t2. Вам удобно сейчас минуту уделить?; human: к сожалению абонент сейчас не может ответить возможно он занят его телефон разрядился",12,200 OK,hello_main
6043164,автоответчик,недозвон,,"bot: Добрый день! Корпоративный отдел компании t2, меня зову Ольга. Меня слышно, да?; human: к сожалению абонент сейчас не может ответить возможно он занят его фон разрядился или находится в беззвучном режиме",15,200 OK,hello_main
6045045,автоответчик,недозвон,,"bot: Добрый день! Корпоративный отдел компании t2, меня зову Ольга. Меня слышно, да?; human: к сожалению абонент сейчас не может ответить возможно он занят его телефон разрядился",12,200 OK,hello_main
6143976,автоответчик,недозвон,,"bot: Добрый день! Компания t2, меня зовут Ольга. Звоню по корпоративному договору, меня хорошо слышно?; human: звонок был перенаправлен на голосовой почтовый ящик можете оставить сообщение после звукового сигнала",14,200 OK,hello_main
6169217,автоответчик Олег,недозвон,,"bot: Добрый день! Это компания t2, корпоративный отдел, Ольга. Минуту уделите, пожалуйста?; bot: Алло, слышно меня?; human: готовы обсудить; bot: Отлично!; bot: Дело в том, что мы заметили снижение трафика по вашему контракту.; bot: Подскажите, пожалуйста, планируете ли вы пользоваться нашими услугами дальше?; human: ну так; bot: Мы видим, что вы стали меньше пользоваться корпоративной связью. Уточните, пожалуйста, планируете ли продолжить пользоваться нашими услугами?; human: еще раз скажите не расслышала; bot: Мм, мои коллеги заметили, что по вашему договору корпоративной связи снизился трафик. Ну то есть меньше звонков стало совершаться, активность уменьшилась. Поэтому хотим уточнить, планируете ли вы пользоваться нашими услугами дальше?; human: посоветовались с на этой условия по страхованию покупок",61,200 OK,"hello_main, hello_null_1, hello_thanks, clarification_main, clarification_main_tail, clarification_default_1, clarification_dont_understand_1"
6181861,автоответчик,недозвон,,"bot: Добрый день! Меня зовут Ольга, корпоративный отдел компании t2. Вам удобно сейчас минуту уделить?; human: к сожалению абонент сейчас не может ответить возможно он занят его телефон разрядился",12,200 OK,hello_main
6185709,автоответчик,недозвон,,"bot: Добрый день! Компания t2, меня зовут Ольга. Звоню по корпоративному договору, меня хорошо слышно?; human: соединение установлено пожалуйста подождите",10,200 OK,hello_main
6187693,автоответчик,недозвон,,"bot: Добрый день! Меня зовут Ольга, корпоративный отдел компании t2. Вам удобно сейчас минуту уделить?; human: возможно он занят его разрядился или находится в беззвучном режиме; bot: У меня короткий вопрос по вашему договору, буквально минута.; bot: Дело в том, что мы заметили снижение трафика по вашему контракту.; human: после звукового сигнала",22,200 OK,"hello_main, hello_wrong_time, clarification_main"
6356056,автоответчик,недозвон,,"bot: Добрый день! Корпоративный отдел компании t2, меня зову Ольга. Меня слышно, да?; human: абонент сейчас не может ответить возможно он занят его телефон разрядился",12,200 OK,hello_main
6363359,автоответчик,недозвон,,"bot: Добрый день! Компания t2, меня зовут Ольга. Звоню по корпоративному договору, меня хорошо слышно?; human: к сожалению абонент сейчас не может ответить возможно он занят его телефон разрядился",11,200 OK,hello_main
6372035,автоответчик Олег,недозвон,,"bot: Добрый день! Корпоративный отдел компании t2, меня зову Ольга. Меня слышно, да?; human: здравствуйте слушаю слушаю; bot: Отлично!; bot: Дело в том, что мы заметили снижение трафика по вашему контракту.; bot: Подскажите, пожалуйста, планируете ли вы пользоваться нашими услугами дальше?; human: ну интересно так сейчас тише сделаю слушаю; bot: Мы видим, что вы стали меньше пользоваться корпоративной связью. Уточните, пожалуйста, планируете ли продолжить пользоваться нашими услугами?; human: не уловил повторите; bot: Мм, мои коллеги заметили, что по вашему договору корпоративной связи снизился трафик. Ну то есть меньше звонков стало совершаться, активность уменьшилась. Поэтому хотим уточнить, планируете ли вы пользоваться нашими услугами дальше?; human: у вас звука нет или он пропал",52,200 OK,"hello_main, hello_thanks, clarification_main, clarification_main_tail, clarification_default_1, clarification_dont_understand_1"
6385836,автоответчик,недозвон,,"bot: Добрый день! Меня зовут Ольга, корпоративный отдел компании t2. Вам удобно сейчас минуту уделить?; human: спасибо за ваш звонок пожалуйста берите добавочный номер сотрудника или дождитесь ответа; human: в целях улучшения качества обслуживания разговор может быть записан",33,200 OK,hello_main
6394685,автоответчик Олег,недозвон,,"bot: Добрый день! Это Ольга из компании t2. Мы с вами созванивались уже, но разговор прервался. Удобно сейчас?; human: здравствуйте; bot: Отлично!; bot: Дело в том, что мы заметили снижение трафика по вашему контракту.; bot: Подскажите, пожалуйста, планируете ли вы пользоваться нашими услугами дальше?; human: ну интересно; bot: Мы видим, что вы стали меньше пользоваться корпоративной связью. Уточните, пожалуйста, планируете ли продолжить пользоваться нашими услугами?; human: подождите я ручку найду говорите",44,200 OK,"hello_main_recall, hello_thanks, clarification_main, clarification_main_tail, clarification_default_1"
6396387,автоответчик,недозвон,,"bot: Добрый день! Меня зовут Ольга, корпоративный отдел компании t2. Вам удобно сейчас минуту уделить?; human: к сожалению абонент сейчас не может ответить возможно он занят его телефон разрядился",11,200 OK,hello_main
6444356,автоответчик,недозвон,,"bot: Добрый день! Корпоративный отдел компании t2, меня зову Ольга. Меня слышно, да?; human: абонент сейчас не может ответить на ваш звонок его телефон выключен или находится вне зоны действия сети попробуйте перезвонить позднее",17,200 OK,hello_main
6446900,автоответчик Олег,недозвон,,"bot: Добрый день! Меня зовут Ольга, корпоративный отдел компании t2. Вам удобно сейчас минуту уделить?; human: алло что вы хотели; bot: У меня короткий вопрос по вашему договору, буквально минута.; bot: Дело в том, что мы заметили снижение трафика по вашему контракту.; bot: Подскажите, пожалуйста, планируете ли вы пользоваться нашими услугами дальше?; human: подробнее расскажите",33,200 OK,"hello_main, hello_wrong_time, clarification_main, clarification_main_tail"
6455325,автоответчик Олег,недозвон,,"bot: Добрый день! Компания t2, меня зовут Ольга. Звоню по корпоративному договору, меня хорошо слышно?; human: запомнила и сохранила всю информацию моя алгоритма подсказывает что это что то важное поэтому я уже отправляю ваше сообщение абоненту не забыли я готова записать что нибудь еще",25,200 OK,hello_main
6517145,автоответчик,недозвон,,"bot: Добрый день! Меня зовут Ольга, корпоративный отдел компании t2. Вам удобно сейчас минуту уделить?; human: вы позвонили интересующие вас; bot: У меня один короткий вопрос по вашему договору. Мм…; bot: Дело в том, что мы заметили снижение трафика по вашему контракту.; human: отдел продаж нажмите 2 для соединения с другими городскими порталами выберите город москва нажмите 4 екатеринбург нажмите 5 краснодар нажмите 6 чита нажмите 7 иркутск нажмите 8 ростов на дону нажмите 9 по другим городам и нажмите 0 или дождитесь ответа оператора",44,200 OK,"hello_main, hello_default, clarification_main"
6519932,автоответчик Олег,недозвон,,"bot: Добрый день! Корпоративный отдел компании t2, меня зову Ольга. Меня слышно, да?; human: алло откуда звоните; bot: Компания ""t2"", ваш сотовый оператор. Ранее вы нас знали как ""Теле2"".; bot: Дело в том, что мы заметили снижение трафика по вашему контракту.; human: слушаю внимательно; bot: Подскажите, пожалуйста, планируете ли вы пользоваться нашими услугами дальше?; human: слушаю дальше; bot: Мы видим, что вы стали меньше пользоваться корпоративной связью. Уточните, пожалуйста, планируете ли продолжить пользоваться нашими услугами?; human: проясните пожалуйста этот аспект",47,200 OK,"hello_main, hello_repeat, clarification_main, clarification_main_tail, clarification_default_1"
6524903,автоответчик,недозвон,,"bot: Добрый день! Меня зовут Ольга, корпоративный отдел компании t2. Вам удобно сейчас минуту уделить?; human: к сожалению абонент сейчас не может ответить",12,200 OK,hello_main
6529298,автоответчик,недозвон,,"bot: Добрый день! Меня зовут Ольга, корпоративный отдел компании t2. Вам удобно сейчас минуту уделить?; human: к сожалению абонент сейчас не может ответить возможно он занят его телефон разрядился",12,200 OK,hello_main
6549798,автоответчик,недозвон,,"bot: Добрый день! Это компания t2, корпоративный отдел, Ольга. Минуту уделите, пожалуйста?; human: к сожалению абонент сейчас не может ответить возможно он занят его телефон разрядился",14,200 OK,hello_main
6571914,автоответчик,недозвон,,"bot: Добрый день! Компания t2, меня зовут Ольга. Звоню по корпоративному договору, меня хорошо слышно?; human: к сожалению абонент сейчас не может ответить возможно он занят его телефон разрядился",13,200 OK,hello_main
6575155,автоответчик,недозвон,,"bot: Добрый день! Компания t2, меня зовут Ольга. Звоню по корпоративному договору, меня хорошо слышно?; human: соединение установлено пожалуйста подождите",10,200 OK,hello_main
6577358,автоответчик,недозвон,,"bot: Добрый день! Меня зовут Ольга, корпоративный отдел компании t2. Вам удобно сейчас минуту уделить?; human: к сожалению абонент сейчас не может ответить возможно он занят его разрядился или находится в беззвучном режиме",15,200 OK,hello_main
6579550,автоответчик,недозвон,,"bot: Добрый день! Это компания t2, корпоративный отдел, Ольга. Минуту уделите, пожалуйста?; human: 2 в целях улучшения качества обслуживания ваш разговор записывается ваши текущая позиция в очереди",39,200 OK,hello_main
6585720,автоответчик,недозвон,,"bot: Добрый день! Корпоративный отдел компании t2, меня зову Ольга. Меня слышно, да?; human: звонили в детский сад номер 5 для заведующий детского сада нажмите 1; human: производителем 2 с кабинетом старшего воспитателя нажмите 3 заместителем по административно хозяйственной работе нажмите 4 контрактного управляющем нажмите 5 с медицинским кабинетом нажмите для связи с вахтой нажмите 7",35,200 OK,hello_main
6598677,автоответчик,недозвон,,"bot: Добрый день! Меня зовут Ольга, корпоративный отдел компании t2. Вам удобно сейчас минуту уделить?; human: к сожалению абонент сейчас не может ответить возможно он занят его телефон разрядился",12,200 OK,hello_main
6599077,автоответчик,недозвон,,"bot: Добрый день! Это компания t2, корпоративный отдел, Ольга. Минуту уделите, пожалуйста?; human: к сожалению абонент сейчас не может ответить можно он занят его телефон",18,200 OK,hello_main
6603300,автоответчик,недозвон,,"bot: Добрый день! Меня зовут Ольга, корпоративный отдел компании t2. Вам удобно сейчас минуту уделить?; human: продолжается попытка дозвониться до нента который пока что не успел ответить на ваш вызов",12,200 OK,hello_main
6633847,автоответчик,недозвон,,"bot: Добрый день! Корпоративный отдел компании t2, меня зову Ольга. Меня слышно, да?; human: абонент сейчас не может ответить на ваш звонок попробуйте перезвонить позднее если вы хотите оставить ему голосовое сообщение говорите после звукового сигнала",19,200 OK,hello_main
6636149,автоответчик,недозвон,,"bot: Добрый день! Корпоративный отдел компании t2, меня зову Ольга. Меня слышно, да?; human: не; bot: У меня короткий вопрос по вашему договору, буквально минута.; bot: Дело в том, что мы заметили снижение трафика по вашему контракту.; bot: Подскажите, пожалуйста, планируете ли вы пользоваться нашими услугами дальше?; bot: Алло?; bot: Вас не слышно; human: извините длительность достигла максимальной величины",40,200 OK,"hello_main, hello_wrong_time, clarification_main, clarification_main_tail, clarification_null_1, clarification_null_2"
6645314,автоответчик,недозвон,,"bot: Добрый день! Меня зовут Ольга, корпоративный отдел компании t2. Вам удобно сейчас минуту уделить?; human: к сожалению абонент сейчас не может ответить возможно он занят его разрядился или находится в беззвучном режиме",14,200 OK,hello_main
6652057,автоответчик,недозвон,,"bot: Добрый день! Меня зовут Ольга, корпоративный отдел компании t2. Вам удобно сейчас минуту уделить?; bot: Алло, слышно меня?; human: алло говорите я вас слушаю; bot: Отлично!; bot: Дело в том, что мы заметили снижение трафика по вашему контракту.; bot: Подскажите, пожалуйста, планируете ли вы пользоваться нашими услугами дальше?; bot: Алло?; human: что вы сказали; bot: Мм, мои коллеги заметили, что по вашему договору корпоративной связи снизился трафик. Ну то есть меньше звонков стало совершаться, активность уменьшилась. Поэтому хотим уточнить, планируете ли вы пользоваться нашими услугами дальше?; human: алло слушаю вас пока абонент не может ответить а на связи я секретарь ева что нибудь еще хотите передать я все запишу",59,200 OK,"hello_main, hello_null_1, hello_thanks, clarification_main, clarification_main_tail, clarification_null_1, clarification_dont_understand_1"
6656248,автоответчик,недозвон,,"bot: Добрый день! Корпоративный отдел компании t2, меня зову Ольга. Меня слышно, да?; human: компания неоматика для соединения с отделом продаж нажмите 1 для соединения с технической поддержкой 2 служба логистики 3 бухгалтерии 4 отделом снабжения 5 или наберите внутренний номер абонента; human: вас приветствует компания неоматика для соединения с отделом продаж нажмите 1 для соединения с технической поддержкой 2 служба логистики 3 бухгалтерии 4 отделом снабжения или наберите внутренний номер абонента",50,200 OK,hello_main
6668271,автоответчик Олег,недозвон,,"bot: Добрый день! Корпоративный отдел компании t2, меня зову Ольга. Меня слышно, да?; bot: Алло, слышно меня?; bot: Аааллооо.; human: уточните с какой целью; bot: У меня короткий вопрос по вашему договору, буквально минута.; bot: Дело в том, что мы заметили снижение трафика по вашему контракту.; bot: Подскажите, пожалуйста, планируете ли вы пользоваться нашими услугами дальше?; human: здравствуйте на этот звонок но я передам ему ваше сообщение",38,200 OK,"hello_main, hello_null_1, hello_null_2, hello_wrong_time, clarification_main, clarification_main_tail"
6671164,автоответчик,недозвон,,"bot: Добрый день! Это компания t2, корпоративный отдел, Ольга. Минуту уделите, пожалуйста?; human: к сожалению абонент сейчас не может ответить возможно он занят его телефон разрядился",12,200 OK,hello_main
6685122,автоответчик,недозвон,,"bot: Добрый день! Это компания t2, корпоративный отдел, Ольга. Минуту уделите, пожалуйста?; human: абонент сейчас не может ответить на ваш звонок его телефонон занят попробуйте перезвонить позднее если хотите отправить бесплат смс сообщение с просьбой перезвонить нажмите 1; human: спасибо всего доброго",43,200 OK,hello_main
6687677,автоответчик Олег,недозвон,,"bot: Добрый день! Меня зовут Ольга, корпоративный отдел компании t2. Вам удобно сейчас минуту уделить?; human: алло по какому вопросу; bot: У меня короткий вопрос по вашему договору, буквально минута.; bot: Дело в том, что мы заметили снижение трафика по вашему контракту.; bot: Подскажите, пожалуйста, планируете ли вы пользоваться нашими услугами дальше?; human: я вас слушаю; bot: Мы видим, что вы стали меньше пользоваться корпоративной связью. Уточните, пожалуйста, планируете ли продолжить пользоваться нашими услугами?; human: мгновение провели настройки давайте еще раз; bot: Мм, мои коллеги заметили, что по вашему договору корпоративной связи снизился трафик. Ну то есть меньше звонков стало совершаться, активность уменьшилась. Поэтому хотим уточнить, планируете ли вы пользоваться нашими услугами дальше?; human: уточните ключевой момент пожалуйста",63,200 OK,"hello_main, hello_wrong_time, clarification_main, clarification_main_tail, clarification_default_1, clarification_dont_understand_1"
6693915,автоответчик,недозвон,,"bot: Добрый день! Это компания t2, корпоративный отдел, Ольга. Минуту уделите, пожалуйста?; bot: Алло, слышно меня?; bot: Аааллооо.; human: качества обслуживания разговор может быть записан; human: добрый день вы позвонили в компанию высокие технологии для бизнеса для связи с отделом продаж нажмите 0 или оставайтесь на линии для связи с технической поддержкой сайтов нажмите 1 для связи с технической поддержкой 1 с нажмите 2 для связи с поддержкой",41,200 OK,"hello_main, hello_null_1, hello_null_2"
6696882,автоответчик,недозвон,,"bot: Добрый день! Меня зовут Ольга, корпоративный отдел компании t2. Вам удобно сейчас минуту уделить?; human: к сожалению абонент сейчас не может ответить возможно он занят его телефон разрядился",11,200 OK,hello_main
6723975,автоответчик Олег,недозвон,,"bot: Добрый день! Компания t2, меня зовут Ольга. Звоню по корпоративному договору, меня хорошо слышно?; human: алло откуда звоните; bot: Компания ""t2"", ваш сотовый оператор. Ранее вы нас знали как ""Теле2"".; bot: Дело в том, что мы заметили снижение трафика по вашему контракту.; bot: Подскажите, пожалуйста, планируете ли вы пользоваться нашими услугами дальше?; human: говорите далее; bot: Мы видим, что вы стали меньше пользоваться корпоративной связью. Уточните, пожалуйста, планируете ли продолжить пользоваться нашими услугами?; human: секундочку; bot: Слушаю.; human: уточните ключевой момент пожалуйста",57,200 OK,"hello_main, hello_repeat, clarification_main, clarification_main_tail, clarification_default_1, clarification_interruption_1"
6783279,автоответчик Олег,недозвон,,"bot: Добрый день! Меня зовут Ольга, корпоративный отдел компании t2. Вам удобно сейчас минуту уделить?; human: алло здравствуйте; bot: Отлично!; bot: Дело в том, что мы заметили снижение трафика по вашему контракту.; bot: Подскажите, пожалуйста, планируете ли вы пользоваться нашими услугами дальше?; human: слышу вас; bot: Мы видим, что вы стали меньше пользоваться корпоративной связью. Уточните, пожалуйста, планируете ли продолжить пользоваться нашими услугами?; human: минутку записываю дальше",43,200 OK,"hello_main, hello_thanks, clarification_main, clarification_main_tail, clarification_default_1"
6796874,автоответчик,недозвон,,"bot: Добрый день! Компания t2, меня зовут Ольга. Звоню по корпоративному договору, меня хорошо слышно?; human: абонент сейчас не может ответить на ваш звонок его выключен или находится вне зоны действия сети",17,200 OK,hello_main
6815323,автоответчик,недозвон,,"bot: Добрый день! Корпоративный отдел компании t2, меня зову Ольга. Меня слышно, да?; human: продолжается попытка дозвониться до который пока что не успел ответить на ваш вызов",13,200 OK,hello_main
6830792,автоответчик Олег,недозвон,,"bot: Добрый день! Корпоративный отдел компании t2, меня зову Ольга. Меня слышно, да?; human: вы позвонили в сбербанк я ваш виртуальный ассистент афина чтобы карту прямо сейчас скажите блокировка карты",14,200 OK,hello_main
6860223,автоответчик,недозвон,,"bot: Добрый день! Меня зовут Ольга, корпоративный отдел компании t2. Вам удобно сейчас минуту уделить?; human: может ответить на ваш звонок его телефонон выключен или находится вне зоны действия сети",20,200 OK,hello_main
6898953,автоответчик,недозвон,,"bot: Добрый день! Корпоративный отдел компании t2, меня зову Ольга. Меня слышно, да?; human: офис ассоциации в области пожарной безопасности пожалуйста оставайтесь на линии и дождитесь ответа секретаря; human: нент не отвечает или временно недоступен",33,200 OK,hello_main
6927628,автоответчик,недозвон,,"bot: Добрый день! Это компания t2, корпоративный отдел, Ольга. Минуту уделите, пожалуйста?; human: диагностических центров мртшка благодарим за обращение чтобы записаться на диагностическое исследование консультацию или процедуру нажмите 1 для того чтобы узнать готовность результатов исследований нажмите 2 для связи с администратором по другим вопросам нажмите 3; human: или оставайтесь на линии вам ответит 1 освободившийся оператор",47,200 OK,hello_main
6943473,автоответчик,недозвон,,"bot: Добрый день! Компания t2, меня зовут Ольга. Звоню по корпоративному договору, меня хорошо слышно?; human: акционер научно производственное объединение; bot: У меня один короткий вопрос по вашему договору. Мм…; bot: Дело в том, что мы заметили снижение трафика по вашему контракту.; human: сотрудник наберите внутренний номер",20,200 OK,"hello_main, hello_default, clarification_main"
6945755,автоответчик,недозвон,,"bot: Добрый день! Меня зовут Ольга, корпоративный отдел компании t2. Вам удобно сейчас минуту уделить?; human: занят его телефон в редич режиме вы можете перезвонить позже или записать сообщение после звукового сигнала",22,200 OK,hello_main
6959470,автоответчик,недозвон,,"bot: Добрый день! Корпоративный отдел компании t2, меня зову Ольга. Меня слышно, да?; human: номер недоступен оставьте сообщение на автоответчик",10,200 OK,hello_main
6986980,автоответчик Олег,недозвон,,"bot: Добрый день! Компания t2, меня зовут Ольга. Звоню по корпоративному договору, меня хорошо слышно?; human: алло откуда звоните; bot: Компания ""t2"", ваш сотовый оператор. Ранее вы нас знали как ""Теле2"".; bot: Дело в том, что мы заметили снижение трафика по вашему контракту.; bot: Подскажите, пожалуйста, планируете ли вы пользоваться нашими услугами дальше?; human: слышу вас; bot: Мы видим, что вы стали меньше пользоваться корпоративной связью. Уточните, пожалуйста, планируете ли продолжить пользоваться нашими услугами?; human: слушаю дальше; bot: Видим, что корпоративную связь оплачиваете, а пользуетесь сейчас редко. Мм, планируете вернуться к прежней активности?; human: я ничего вообще не понял; bot: Мм, мои коллеги заметили, что по вашему договору корпоративной связи снизился трафик. Ну то есть меньше звонков стало совершаться, активность уменьшилась. Поэтому хотим уточнить, планируете ли вы пользоваться нашими услугами дальше?; human: проясните пожалуйста свою мысль",81,200 OK,"hello_main, hello_repeat, clarification_main, clarification_main_tail, clarification_default_1, clarification_default_2, clarification_dont_understand_1"
6995848,автоответчик Олег,недозвон,,"bot: Добрый день! Это компания t2, корпоративный отдел, Ольга. Минуту уделите, пожалуйста?; human: продолжайте; bot: Отлично!; bot: Дело в том, что мы заметили снижение трафика по вашему контракту.; bot: Подскажите, пожалуйста, планируете ли вы пользоваться нашими услугами дальше?; bot: Алло?; human: так сейчас кишела слушаю; bot: Мы видим, что вы стали меньше пользоваться корпоративной связью. Уточните, пожалуйста, планируете ли продолжить пользоваться нашими услугами?; bot: Вас не слышно; bot: Извините, что-то со связью, повторите, пожалуйста.; human: для ясности не молчите пожалуйста; bot: Видим, что корпоративную связь оплачиваете, а пользуетесь сейчас редко. Мм, планируете вернуться к прежней активности?; human: и снова здравствуйте ведь это мтс защитник ведь мои абоненты не любят получать реклам звонки и поэтому я записываю наш диалог потом передаю своему абоненту",94,200 OK,"hello_main, hello_thanks, clarification_main, clarification_main_tail, clarification_null_1, clarification_default_1, clarification_null_2, clarification_null_3, clarification_default_2"
6999107,автоответчик,недозвон,,"bot: Добрый день! Меня зовут Ольга, корпоративный отдел компании t2. Вам удобно сейчас минуту уделить?; human: абонент сейчас не может ответить возможно он занят его телефон разрядился",12,200 OK,hello_main
7013652,автоответчик Олег,недозвон,,"bot: Добрый день! Это компания t2, корпоративный отдел, Ольга. Минуту уделите, пожалуйста?; human: анализирую ваш ответ; bot: У меня один короткий вопрос по вашему договору. Мм…; bot: Дело в том, что мы заметили снижение трафика по вашему контракту.; human: помнила и уже передаю абоненту я голосовой ассистент меня рада это все или хотите еще что то добавить",25,200 OK,"hello_main, hello_default, clarification_main"
7016636,автоответчик,недозвон,,"bot: Добрый день! Это компания t2, корпоративный отдел, Ольга. Минуту уделите, пожалуйста?; human: чтобы связаться с администратором наберите 1 чтобы связаться с отделом по работе с юридическими лицами нажмите 2 или оставайтесь на линии; human: здравствуйте вы позвонили в холл 1 точка рф чтобы связаться с администратором наберите 1 чтобы связаться с отделом по работе с юридическими лицами нажмите 2 или оставайтесь на линии; bot: Здравствуйте! Меня зовут Ольга, звоню из корпоративного отдела компании t2.; bot: Дело в том, что мы заметили снижение трафика по вашему контракту.; human: 1 точка рф чтобы связаться с администратором наберите 1 чтобы связаться с по работе с юридическими лицами нажмите 2 или оставайтесь на",41,200 OK,"hello_main, hello_greetings, clarification_main"
7035313,автоответчик Олег,недозвон,,"bot: Добрый день! Компания t2, меня зовут Ольга. Звоню по корпоративному договору, меня хорошо слышно?; human: алло говорите; bot: Отлично!; bot: Дело в том, что мы заметили снижение трафика по вашему контракту.; bot: Подскажите, пожалуйста, планируете ли вы пользоваться нашими услугами дальше?; human: да слушаю; bot: Мы видим, что вы стали меньше пользоваться корпоративной связью. Уточните, пожалуйста, планируете ли продолжить пользоваться нашими услугами?; human: продолжайте я на проводе; bot: Видим, что корпоративную связь оплачиваете, а пользуетесь сейчас редко. Мм, планируете вернуться к прежней активности?; human: проясните пожалуйста этот аспект",61,200 OK,"hello_main, hello_thanks, clarification_main, clarification_main_tail, clarification_default_1, clarification_default_2"
7065138,автоответчик,недозвон,,"bot: Добрый день! Меня зовут Ольга, корпоративный отдел компании t2. Вам удобно сейчас минуту уделить?; human: возможно он занят его телефон разрядился или находится в беззвучном режиме вы можете перезвонить позже или записать свое сообщение после звукового сигнала",21,200 OK,hello_main
7090920,автоответчик Олег,недозвон,,"bot: Добрый день! Компания t2, меня зовут Ольга. Звоню по корпоративному договору, меня хорошо слышно?; human: алло знаете вы сейчас говорите с секретарем я напишу что вы звонили если что с вами свяжутся",20,200 OK,hello_main
7120067,автоответчик,недозвон,,"bot: Добрый день! Корпоративный отдел компании t2, меня зову Ольга. Меня слышно, да?; human: может ответить на ваш звонок его телефон занят попробуйте перезвонить позднее если хотите отправить бесплат смс сообщение с просьбой перезвонить нажмите 1; human: спасибо всего доброго",38,200 OK,hello_main
7171184,автоответчик,недозвон,,"bot: Добрый день! Компания t2, меня зовут Ольга. Звоню по корпоративному договору, меня хорошо слышно?; human: абонент сейчас не ответить на ваш звонок попробуйте перезвонить позднее",12,200 OK,hello_main
7171762,автоответчик,недозвон,,"bot: Добрый день! Меня зовут Ольга, корпоративный отдел компании t2. Вам удобно сейчас минуту уделить?; human: абонент сейчас не может ответить на ваш звонок его телефон выключен или находится вне зоны действия сети попробуйте перезвонить позднее если вы хотите отправить ему бесплатное м с сообщение с просьбой перезвонить нажмите 1; human: спасибо всего доброго",45,200 OK,hello_main
7262626,автоответчик,недозвон,,"bot: Добрый день! Меня зовут Ольга, корпоративный отдел компании t2. Вам удобно сейчас минуту уделить?; human: абонент сейчас не может ответить на ваш звонок его телефон занят попробуйте перезвонить позднее если хотите отправить бесплатное смс сообщение с просьбой перезвонить нажмите 1; human: спасибо всего доброго",41,200 OK,hello_main
7266165,автоответчик Олег,недозвон,,"bot: Добрый день! Компания t2, меня зовут Ольга. Звоню по корпоративному договору, меня хорошо слышно?; human: алло по какому вопросу; bot: У меня короткий вопрос по вашему договору, буквально минута.; bot: Дело в том, что мы заметили снижение трафика по вашему контракту.; bot: Подскажите, пожалуйста, планируете ли вы пользоваться нашими услугами дальше?; human: подробнее расскажите",34,200 OK,"hello_main, hello_wrong_time, clarification_main, clarification_main_tail"
7274888,автоответчик,недозвон,,"bot: Добрый день! Корпоративный отдел компании t2, меня зову Ольга. Меня слышно, да?; human: к сожалению абонент сейчас не может ответить возможно он занят его телефон разрядился",12,200 OK,hello_main
7301473,автоответчик,недозвон,,"bot: Добрый день! Компания t2, меня зовут Ольга. Звоню по корпоративному договору, меня хорошо слышно?; human: абонент сейчас не может ответить на ваш звонок его телефон занят попробуйте перезвонить позднее если хотите отправить бесплатное смс общение с просьбой перезвонить нажмите 1; human: спасибо всего доброго",41,200 OK,hello_main
7376110,автоответчик Олег,недозвон,,"bot: Добрый день! Это компания t2, корпоративный отдел, Ольга. Минуту уделите, пожалуйста?; human: алло говорите; bot: Отлично!; bot: Дело в том, что мы заметили снижение трафика по вашему контракту.; bot: Подскажите, пожалуйста, планируете ли вы пользоваться нашими услугами дальше?; human: слушаю внимательно; bot: Мы видим, что вы стали меньше пользоваться корпоративной связью. Уточните, пожалуйста, планируете ли продолжить пользоваться нашими услугами?; human: ничего не слышно алло я все еще здесь говорите",44,200 OK,"hello_main, hello_thanks, clarification_main, clarification_main_tail, clarification_default_1"
7400165,автоответчик Олег,недозвон,,"bot: Добрый день! Это компания t2, корпоративный отдел, Ольга. Минуту уделите, пожалуйста?; bot: Алло, слышно меня?; human: как ответить не может так что предлагаю записать ваше сообщение не виртуальный помощник его мигом переведу в текст и отправлю по адресу это совсем не похожа голосовую почту не переживайте что запишем",27,200 OK,"hello_main, hello_null_1"
7451793,автоответчик,недозвон,,"bot: Добрый день! Меня зовут Ольга, корпоративный отдел компании t2. Вам удобно сейчас минуту уделить?; human: к сожалению абонент сейчас не может ответить возможно он занят его телефон разрядился",12,200 OK,hello_main
7454468,автоответчик Олег,недозвон,,"bot: Добрый день! Компания t2, меня зовут Ольга. Звоню по корпоративному договору, меня хорошо слышно?; human: добрый день слушаю; bot: Отлично!; bot: Дело в том, что мы заметили снижение трафика по вашему контракту.; human: слушаю слушаю; bot: Подскажите, пожалуйста, планируете ли вы пользоваться нашими услугами дальше?; human: ничего не слышно алло подождите я ручку найду говорите; bot: Мм, мои коллеги заметили, что по вашему договору корпоративной связи снизился трафик. Ну то есть меньше звонков стало совершаться, активность уменьшилась. Поэтому хотим уточнить, планируете ли вы пользоваться нашими услугами дальше?; human: уточните ключевой момент пожалуйста",54,200 OK,"hello_main, hello_thanks, clarification_main, clarification_main_tail, clarification_dont_understand_1"
7455316,автоответчик,недозвон,,"bot: Добрый день! Корпоративный отдел компании t2, меня зову Ольга. Меня слышно, да?; human: абонент сейчас не может ответить на ваш звонок его телефон выключен или находится вне зоны действия сети попробуйте перезвонить позднее если вы хотите отправить ему бесплатное смс с просьбой перезвонить нажмите 1; human: спасибо всего доброго",44,200 OK,hello_main
7459926,автоответчик Олег,недозвон,,"bot: Добрый день! Меня зовут Ольга, корпоративный отдел компании t2. Вам удобно сейчас минуту уделить?; bot: Алло, слышно меня?; human: да слушаю; bot: Отлично!; bot: Дело в том, что мы заметили снижение трафика по вашему контракту.; bot: Подскажите, пожалуйста, планируете ли вы пользоваться нашими услугами дальше?; human: минутку записываю дальше",40,200 OK,"hello_main, hello_null_1, hello_thanks, clarification_main, clarification_main_tail"
7465940,автоответчик Олег,недозвон,,"bot: Добрый день! Это компания t2, корпоративный отдел, Ольга. Минуту уделите, пожалуйста?; human: уделяю слушаю вас; bot: Отлично!; bot: Дело в том, что мы заметили снижение трафика по вашему контракту.; bot: Подскажите, пожалуйста, планируете ли вы пользоваться нашими услугами дальше?; human: дело в том что вы говорите с секретарем передам ваше сообщение если что вам перезвонят",34,200 OK,"hello_main, hello_thanks, clarification_main, clarification_main_tail"
7468035,автоответчик,недозвон,,"bot: Добрый день! Меня зовут Ольга, корпоративный отдел компании t2. Вам удобно сейчас минуту уделить?; human: к сожалению мы не можем оставить голосовое сообщение абонента потому что у него отключена услуга голосовой почты как только абонент освободиться мы сообщим ему о том что вы звонили зеберт она деконс с",27,200 OK,hello_main
7495322,автоответчик,недозвон,,"bot: Добрый день! Меня зовут Ольга, корпоративный отдел компании t2. Вам удобно сейчас минуту уделить?; human: к сожалению абонент сейчас не может ответить возможно он занят его телефон разрядился",12,200 OK,hello_main
7495917,автоответчик,недозвон,,"bot: Добрый день! Это компания t2, корпоративный отдел, Ольга. Минуту уделите, пожалуйста?; human: к сожалению абонент сейчас не может ответить возможно он занят его разрядился или находится в беззвучном режиме",14,200 OK,hello_main
7501619,автоответчик,недозвон,,"bot: Добрый день! Корпоративный отдел компании t2, меня зову Ольга. Меня слышно, да?; human: к сожалению абонент сейчас не может ответить возможно он занят его телефон разрядился",13,200 OK,hello_main
7501988,автоответчик,недозвон,,"bot: Добрый день! Это компания t2, корпоративный отдел, Ольга. Минуту уделите, пожалуйста?; human: соединение установлено пожалуйста подождите",11,200 OK,hello_main
7513604,автоответчик Олег,недозвон,,"bot: Добрый день! Это компания t2, корпоративный отдел, Ольга. Минуту уделите, пожалуйста?; human: добрый день говорите; bot: Отлично!; bot: Дело в том, что мы заметили снижение трафика по вашему контракту.; bot: Подскажите, пожалуйста, планируете ли вы пользоваться нашими услугами дальше?; human: говорите далее; bot: Мы видим, что вы стали меньше пользоваться корпоративной связью. Уточните, пожалуйста, планируете ли продолжить пользоваться нашими услугами?; human: я не знаю говорите вы или нет но я не слышу",37,200 OK,"hello_main, hello_thanks, clarification_main, clarification_main_tail, clarification_default_1"
7515037,автоответчик Олег,недозвон,,"bot: Добрый день! Компания t2, меня зовут Ольга. Звоню по корпоративному договору, меня хорошо слышно?; human: алло по какому вопросу; bot: У меня короткий вопрос по вашему договору, буквально минута.; bot: Дело в том, что мы заметили снижение трафика по вашему контракту.; bot: Подскажите, пожалуйста, планируете ли вы пользоваться нашими услугами дальше?; human: продолжайте; bot: Мы видим, что вы стали меньше пользоваться корпоративной связью. Уточните, пожалуйста, планируете ли продолжить пользоваться нашими услугами?; human: алло секундочку; bot: Слушаю.; human: говорите если вы тут",55,200 OK,"hello_main, hello_wrong_time, clarification_main, clarification_main_tail, clarification_default_1, clarification_interruption_1"
7516370,автоответчик,недозвон,,"bot: Добрый день! Компания t2, меня зовут Ольга. Звоню по корпоративному договору, меня хорошо слышно?; human: нента который пока что не успел ответить на ваш вызов",12,200 OK,hello_main
7522980,автоответчик,недозвон,,"bot: Добрый день! Корпоративный отдел компании t2, меня зову Ольга. Меня слышно, да?; human: и я все записала абонент пока не может взять трубку но не расстраивайтесь по моим расчетам ваше сообщение обязательно увидят я не голосовой ассистент хотите передать что то еще",22,200 OK,hello_main
7523711,автоответчик,недозвон,,"bot: Добрый день! Компания t2, меня зовут Ольга. Звоню по корпоративному договору, меня хорошо слышно?; human: оставайтесь на линии",30,200 OK,hello_main
7530222,автоответчик Олег,недозвон,,"bot: Добрый день! Корпоративный отдел компании t2, меня зову Ольга. Меня слышно, да?; human: алло откуда звоните; bot: Компания ""t2"", ваш сотовый оператор. Ранее вы нас знали как ""Теле2"".; bot: Дело в том, что мы заметили снижение трафика по вашему контракту.; bot: Подскажите, пожалуйста, планируете ли вы пользоваться нашими услугами дальше?; human: слушаю внимательно; bot: Мы видим, что вы стали меньше пользоваться корпоративной связью. Уточните, пожалуйста, планируете ли продолжить пользоваться нашими услугами?; human: подождите я ручку найду говорите",45,200 OK,"hello_main, hello_repeat, clarification_main, clarification_main_tail, clarification_default_1"
7539719,автоответчик,недозвон,,"bot: Добрый день! Это компания t2, корпоративный отдел, Ольга. Минуту уделите, пожалуйста?; human: абонент сейчас не может ответить на ваш звонок его те телефон выключен или находится вне зоны действия сети попробуйте перезвонить позднее если вы хотите отправить ему бесплатное м с сообщение с просьбой перезвонить нажмите 1; human: спасибо всего доброго",48,200 OK,hello_main
7540678,автоответчик,недозвон,,"bot: Добрый день! Меня зовут Ольга, корпоративный отдел компании t2. Вам удобно сейчас минуту уделить?; human: к сожалению абонент сейчас не может ответить возможно он занят его телефон разрядился",12,200 OK,hello_main
7540692,автоответчик,недозвон,,"bot: Добрый день! Меня зовут Ольга, корпоративный отдел компании t2. Вам удобно сейчас минуту уделить?; human: абонент сейчас не может ответить",12,200 OK,hello_main
7587676,автоответчик,недозвон,,"bot: Добрый день! Это Ольга из компании t2. Мы с вами созванивались уже, но разговор прервался. Удобно сейчас?; human: здравствуйте к сожалению абонент сейчас не может ответить возможно он занят его телефон разрядился",12,200 OK,hello_main_recall
7610303,автоответчик Олег,недозвон,,"bot: Добрый день! Меня зовут Ольга, корпоративный отдел компании t2. Вам удобно сейчас минуту уделить?; human: к сожалению абонент сейчас не может возможно он занят его телефон разрядил",12,200 OK,hello_main
7707393,автоответчик,недозвон,,"bot: Добрый день! Меня зовут Ольга, корпоративный отдел компании t2. Вам удобно сейчас минуту уделить?; bot: Алло, слышно меня?; human: занят оставьте сообщение на автоответчик",17,200 OK,"hello_main, hello_null_1"
7708333,автоответчик,недозвон,,"bot: Добрый день! Компания t2, меня зовут Ольга. Звоню по корпоративному договору, меня хорошо слышно?; human: и я все записала абонент пока не может взять трубку но не расстраивайтесь по моим ваше сообщение обязательно увидят хотите передать что то еще",24,200 OK,hello_main
7709957,автоответчик,недозвон,,"bot: Добрый день! Компания t2, меня зовут Ольга. Звоню по корпоративному договору, меня хорошо слышно?; human: соединение установлено пожалуйста подождите",11,200 OK,hello_main
7710320,автоответчик Олег,недозвон,,"bot: Добрый день! Это компания t2, корпоративный отдел, Ольга. Минуту уделите, пожалуйста?; human: алло говорите пожалуйста это не голосовой ассистент по моим данным",17,200 OK,hello_main
7741817,автоответчик Олег,недозвон,,"bot: Добрый день! Меня зовут Ольга, корпоративный отдел компании t2. Вам удобно сейчас минуту уделить?; human: алло по какому вопросу; bot: У меня короткий вопрос по вашему договору, буквально минута.; bot: Дело в том, что мы заметили снижение трафика по вашему контракту.; bot: Подскажите, пожалуйста, планируете ли вы пользоваться нашими услугами дальше?; bot: Алло?; human: я слышу тишину",37,200 OK,"hello_main, hello_wrong_time, clarification_main, clarification_main_tail, clarification_null_1"
7748408,автоответчик,недозвон,,"bot: Добрый день! Это компания t2, корпоративный отдел, Ольга. Минуту уделите, пожалуйста?; human: сейчас не может телефон занят попробуйте перезвонить позднее если хотите отправить бесплатное смс с просьбой перезвонить нажмите 1; human: спасибо всего доброго",41,200 OK,hello_main
7752579,автоответчик,недозвон,,"bot: Добрый день! Это компания t2, корпоративный отдел, Ольга. Минуту уделите, пожалуйста?; human: что позвонили на линию обслуживания корпоративных клиентов т 2 кстати у вас есть возможность бесплатно получено фро подписью узнать подробнее нажмите 1; human: тарифы нажмите 1 получить настройки для мобильного интернета клавиша 2 узнать баланс проверить остаток пакета нажмите 3 дополнительные услуги для звонков и смс нажмите 4 подключить доставку счетов цифровой подписью кнопка 5 как пользоваться личным кабинетом для клиентов расскажем подробно если нажмите 6",53,200 OK,hello_main
7770878,автоответчик,недозвон,,"bot: Добрый день! Меня зовут Ольга, корпоративный отдел компании t2. Вам удобно сейчас минуту уделить?; human: дом в тональный режим для соединения с отделом продаж наберите 1 для соединения с бухгалтерией наберите 2 если вы знаете внутренний номер наберите его работает тоновый набор дождитесь ответа секретаря; human: качества работы все разговоры записываются; human: торговый дом царицына добрый день",44,200 OK,hello_main
7770946,автоответчик,недозвон,,"bot: Добрый день! Корпоративный отдел компании t2, меня зову Ольга. Меня слышно, да?; human: номер недоступен оставьте сообщение на авто",10,200 OK,hello_main
7777918,автоответчик,недозвон,,"bot: Добрый день! Компания t2, меня зовут Ольга. Звоню по корпоративному договору, меня хорошо слышно?; human: к сожалению абонент сейчас не может ответить возможно он занят его телефон разрядился",12,200 OK,hello_main
7785016,автоответчик Олег,недозвон,,"bot: Добрый день! Это компания t2, корпоративный отдел, Ольга. Минуту уделите, пожалуйста?; human: пару минут уделю по какому поводу звоните",15,200 OK,hello_main
7785111,автоответчик,недозвон,,"bot: Добрый день! Это компания t2, корпоративный отдел, Ольга. Минуту уделите, пожалуйста?; human: абонент сейчас не может ответить на ваш звонок его телефон занят попробуйте перезвонить позднее если хотите отправить бесплатное смс с просьбой перезвонить нажмите 1; human: спасибо всего доброго",41,200 OK,hello_main
7802308,автоответчик Олег,недозвон,,"bot: Добрый день! Это Ольга из компании t2. Мы с вами созванивались уже, но разговор прервался. Удобно сейчас?; human: добрый день вы кто; bot: Компания ""t2"", ваш сотовый оператор. Ранее вы нас знали как ""Теле2"".; bot: Дело в том, что мы заметили снижение трафика по вашему контракту.; bot: Подскажите, пожалуйста, планируете ли вы пользоваться нашими услугами дальше?; bot: Алло?; bot: Вас не слышно; human: алло; bot: Вы планируете пользоваться услугами t2 дальше?; human: слышу хорошо продолжайте",47,200 OK,"hello_main_recall, hello_repeat, clarification_main, clarification_main_tail, clarification_null_1, clarification_null_2, clarification_tail_1"
7843197,автоответчик,недозвон,,"bot: Добрый день! Компания t2, меня зовут Ольга. Звоню по корпоративному договору, меня хорошо слышно?; human: к сожалению абонент сейчас не может ответить",12,200 OK,hello_main
7844765,автоответчик Олег,недозвон,,"bot: Добрый день! Это компания t2, корпоративный отдел, Ольга. Минуту уделите, пожалуйста?; human: алло здравствуйте; bot: Отлично!; bot: Дело в том, что мы заметили снижение трафика по вашему контракту.; bot: Подскажите, пожалуйста, планируете ли вы пользоваться нашими услугами дальше?; human: говорите; bot: Мы видим, что вы стали меньше пользоваться корпоративной связью. Уточните, пожалуйста, планируете ли продолжить пользоваться нашими услугами?; human: секундочку; bot: Слушаю.; human: в чем основная мысль сказанного",48,200 OK,"hello_main, hello_thanks, clarification_main, clarification_main_tail, clarification_default_1, clarification_interruption_1"
7887636,автоответчик,недозвон,,"bot: Добрый день! Корпоративный отдел компании t2, меня зову Ольга. Меня слышно, да?; human: к сожалению абонент сейчас не может ответить возможно он занят его телефон разрядился",12,200 OK,hello_main
7895027,автоответчик Олег,недозвон,,"bot: Добрый день! Меня зовут Ольга, корпоративный отдел компании t2. Вам удобно сейчас минуту уделить?; human: вас тихо слышно повторите еще раз пожалуйста погромче; bot: Компания ""t2"", ваш сотовый оператор. Ранее вы нас знали как ""Теле2"".; bot: Дело в том, что мы заметили снижение трафика по вашему контракту.; bot: Подскажите, пожалуйста, планируете ли вы пользоваться нашими услугами дальше?; human: подождите я получила важное сообщение секунду",36,200 OK,"hello_main, hello_repeat, clarification_main, clarification_main_tail"
7905069,автоответчик,недозвон,,"bot: Добрый день! Меня зовут Ольга, корпоративный отдел компании t2. Вам удобно сейчас минуту уделить?; human: номер недоступен оставьте сообщение на автоответчик",11,200 OK,hello_main
7918212,автоответчик,недозвон,,"bot: Добрый день! Это компания t2, корпоративный отдел, Ольга. Минуту уделите, пожалуйста?; human: занят его телефон разрядился или находится в беззвучном режиме вы можете перезвонить позже или записать свое после звукового сигнала",22,200 OK,hello_main
7932373,автоответчик,недозвон,,"bot: Добрый день! Это Ольга из компании t2. Мы с вами созванивались уже, но разговор прервался. Удобно сейчас?; human: что разговор записывается",35,200 OK,hello_main_recall
7973819,автоответчик,недозвон,,"bot: Добрый день! Компания t2, меня зовут Ольга. Звоню по корпоративному договору, меня хорошо слышно?; human: абонент сейчас не может ответить на ваш звонок его телефон выключен или находится вне зоны действия сети попробуйте перезвонить позднее если вы хотите отправить ему бесплатное смс с просьбой перезвонить нажмите 1; human: спасибо всего доброго",45,200 OK,hello_main
8035587,автоответчик,недозвон,,"bot: Добрый день! Это компания t2, корпоративный отдел, Ольга. Минуту уделите, пожалуйста?; human: абонент сейчас не может ответить на ваш звонок его телефон занят попробуйте перезвонить позднее если хотите отправить бесплатное смс с просьбой перезвонить нажмите 1; human: всего доброго",42,200 OK,hello_main
8035602,автоответчик,недозвон,,"bot: Добрый день! Корпоративный отдел компании t2, меня зову Ольга. Меня слышно, да?; human: к сожалению абонент сейчас не может ответить возможно он занят его телефон разрядился",13,200 OK,hello_main
8046930,автоответчик,недозвон,,"bot: Добрый день! Компания t2, меня зовут Ольга. Звоню по корпоративному договору, меня хорошо слышно?; human: продолжается попытка дозвониться абонента который пока что не успел ответить на ваш вы",12,200 OK,hello_main
8049073,автоответчик Олег,недозвон,,"bot: Добрый день! Корпоративный отдел компании t2, меня зову Ольга. Меня слышно, да?; human: вы вы говорите с секретарем дело важное отправил ваше сообщение абоненту и попросил перезвонить",18,200 OK,hello_main
8054152,автоответчик,недозвон,,"bot: Добрый день! Компания t2, меня зовут Ольга. Звоню по корпоративному договору, меня хорошо слышно?; human: абонент сейчас не может ответить на ваш звонок его телефон занят попробуйте перезвонить позднее если хотите отправить бесплатное смс с просьбой перезвонить нажмите 1; human: спасибо всего доброго",41,200 OK,hello_main
8062503,автоответчик,недозвон,,"bot: Добрый день! Меня зовут Ольга, корпоративный отдел компании t2. Вам удобно сейчас минуту уделить?; human: абонент сейчас не может ответить на ваш звонок его телефон зат попробуйте перезвонить позднее если хотите отправить бесплатное смс с просьбой перезвонить нажмите 1; human: спасибо всего доброго",42,200 OK,hello_main
8072741,автоответчик,недозвон,,"bot: Добрый день! Меня зовут Ольга, корпоративный отдел компании t2. Вам удобно сейчас минуту уделить?; human: спасибо за звонок в магазин теплодом мы профессионалы дела оставайтесь на линии для ответа менеджера",35,200 OK,hello_main
8083331,автоответчик Олег,недозвон,,"bot: Добрый день! Корпоративный отдел компании t2, меня зову Ольга. Меня слышно, да?; human: угу; bot: Отлично!; bot: Дело в том, что мы заметили снижение трафика по вашему контракту.; human: а какой целью; bot: Подскажите, пожалуйста, планируете ли вы пользоваться нашими услугами дальше?; bot: Алло?; human: так; bot: Мы видим, что вы стали меньше пользоваться корпоративной связью. Уточните, пожалуйста, планируете ли продолжить пользоваться нашими услугами?; human: а чтобы отключить то потом что надо будет сделать а то мне в прошлый раз так идти куда то а у меня и без этого дел хватает",49,200 OK,"hello_main, hello_thanks, clarification_main, clarification_main_tail, clarification_null_1, clarification_default_1"
8091740,автоответчик,недозвон,,"bot: Добрый день! Это компания t2, корпоративный отдел, Ольга. Минуту уделите, пожалуйста?; human: к сожалению абонент сейчас не может ответить возможно он занят его телефон разрядился",12,200 OK,hello_main
8099226,автоответчик,недозвон,,"bot: Добрый день! Компания t2, меня зовут Ольга. Звоню по корпоративному договору, меня хорошо слышно?; human: к сожалению абонент сейчас не может ответить возможно он занят его разрядился или находится в беззвучном режиме",15,200 OK,hello_main
8114004,автоответчик,недозвон,,"bot: Добрый день! Это компания t2, корпоративный отдел, Ольга. Минуту уделите, пожалуйста?; human: абонент сейчас не может ответить на ваш звонок его телефон занят попробуйте перезвонить позднее если хотите отправить бесплатное смс сообщение с просьбой перезвонить нажмите 1; human: спасибо всего доброго",41,200 OK,hello_main
8124268,автоответчик,недозвон,,"bot: Добрый день! Корпоративный отдел компании t2, меня зову Ольга. Меня слышно, да?; human: абонент сейчас не может ответить на ваш звонок его телефон занят попробуйте перезвонить позднее если хотите отправить бесплатное смс с просьбой перезвонить нажмите 1; human: спасибо всего доброго",41,200 OK,hello_main
8127370,автоответчик,недозвон,,"bot: Добрый день! Это компания t2, корпоративный отдел, Ольга. Минуту уделите, пожалуйста?; human: к сожалению абонент сейчас не может ответить возможно он занят его телефон разрядился",12,200 OK,hello_main
8149699,автоответчик,недозвон,,"bot: Добрый день! Это компания t2, корпоративный отдел, Ольга. Минуту уделите, пожалуйста?; human: дождитесь оператора или наберите добавочный номер сотрудника; human: набора нажмите решетку",31,200 OK,hello_main
8170673,автоответчик,недозвон,,"bot: Добрый день! Компания t2, меня зовут Ольга. Звоню по корпоративному договору, меня хорошо слышно?; human: абонент сейчас не может ответить на ваш звонок его телефон занят попробуйте перезвонить позднее если хотите отправить бесплатное смс с просьбой перезвонить нажмите 1; human: спасибо всего доброго",41,200 OK,hello_main
8177258,автоответчик,недозвон,,"bot: Добрый день! Корпоративный отдел компании t2, меня зову Ольга. Меня слышно, да?; human: к сожалению абонент сейчас не может ответить возможно он занят его телефон разрядил",12,200 OK,hello_main
8210980,автоответчик Олег,недозвон,,"bot: Добрый день! Это компания t2, корпоративный отдел, Ольга. Минуту уделите, пожалуйста?; human: пару минут уделю по какому поводу звоните",15,200 OK,hello_main
8234035,автоответчик,недозвон,,"bot: Добрый день! Компания t2, меня зовут Ольга. Звоню по корпоративному договору, меня хорошо слышно?; human: и я все записала абонент пока не может взять трубку но не расстраивай по моим ваше сообщение обязательно увидят хотите передать что то еще",22,200 OK,hello_main
8234136,автоответчик Олег,недозвон,,"bot: Добрый день! Меня зовут Ольга, корпоративный отдел компании t2. Вам удобно сейчас минуту уделить?; human: абонент сейчас не может возможно он занят его телефон",12,200 OK,hello_main
8237250,автоответчик,недозвон,,"bot: Добрый день! Корпоративный отдел компании t2, меня зову Ольга. Меня слышно, да?; human: нет абонент не берет но я все запишу и передам говорите",12,200 OK,hello_main
8250585,автоответчик Олег,недозвон,,"bot: Добрый день! Компания t2, меня зовут Ольга. Звоню по корпоративному договору, меня хорошо слышно?; human: алло я у телефона; bot: У меня один короткий вопрос по вашему договору. Мм…; bot: Дело в том, что мы заметили снижение трафика по вашему контракту.; bot: Подскажите, пожалуйста, планируете ли вы пользоваться нашими услугами дальше?; human: говорите далее секундочку; bot: Слушаю.; human: уточните формулировку для ясности",43,200 OK,"hello_main, hello_default, clarification_main, clarification_main_tail, clarification_interruption_1"
8288108,автоответчик Олег,недозвон,,"bot: Добрый день! Меня зовут Ольга, корпоративный отдел компании t2. Вам удобно сейчас минуту уделить?; human: здравствуйте по какому вопросу; bot: У меня короткий вопрос по вашему договору, буквально минута.; bot: Дело в том, что мы заметили снижение трафика по вашему контракту.; bot: Подскажите, пожалуйста, планируете ли вы пользоваться нашими услугами дальше?; human: без проблем говорите",33,200 OK,"hello_main, hello_wrong_time, clarification_main, clarification_main_tail"
8310669,автоответчик Олег,недозвон,,"bot: Добрый день! Меня зовут Ольга, корпоративный отдел компании t2. Вам удобно сейчас минуту уделить?; human: алло слушаю; bot: Отлично!; bot: Дело в том, что мы заметили снижение трафика по вашему контракту.; bot: Подскажите, пожалуйста, планируете ли вы пользоваться нашими услугами дальше?; human: да слушаю; bot: Мы видим, что вы стали меньше пользоваться корпоративной связью. Уточните, пожалуйста, планируете ли продолжить пользоваться нашими услугами?; human: так сейчас тише сделаю слушаю",40,200 OK,"hello_main, hello_thanks, clarification_main, clarification_main_tail, clarification_default_1"
8312553,автоответчик,недозвон,,"bot: Добрый день! Это компания t2, корпоративный отдел, Ольга. Минуту уделите, пожалуйста?; human: к сожалению абонент сейчас не может ответить возможно он занят его телефон разрядился",12,200 OK,hello_main
8319826,автоответчик,недозвон,,"bot: Добрый день! Меня зовут Ольга, корпоративный отдел компании t2. Вам удобно сейчас минуту уделить?; human: набранный вами номер не используется",13,200 OK,hello_main
8322082,автоответчик,недозвон,,"bot: Добрый день! Меня зовут Ольга, корпоративный отдел компании t2. Вам удобно сейчас минуту уделить?; human: если вы знаете внутренний номер сотрудника наберите его в тональном режиме для соединения с отделом снабжения нажмите 1 для соединения с бухгалтерией нажмите 2 для соединения со смело нажмите 3 для соединения с производственно техническим отделом нажмите 4 для соединения с секретарем оставайтесь на линии; human: мы не получили действительный ответ подождите идет соединение",53,200 OK,hello_main
8322665,автоответчик,недозвон,,"bot: Добрый день! Компания t2, меня зовут Ольга. Звоню по корпоративному договору, меня хорошо слышно?; human: к сожалению абонент сейчас не может ответить",9,200 OK,hello_main
8326268,автоответчик,недозвон,,"bot: Добрый день! Это компания t2, корпоративный отдел, Ольга. Минуту уделите, пожалуйста?; human: пока абонент не может ответить вызываемый номер занят а на связи секретарь что нибудь еще хотите передать я все запишу",22,200 OK,hello_main
8330225,автоответчик,недозвон,,"bot: Добрый день! Это компания t2, корпоративный отдел, Ольга. Минуту уделите, пожалуйста?; human: абонент сейчас не может ответить на ваш звонок его телефон занят попробуйте перезвонить позднее если хотите отправить бесплатное смс с просьбой перезвонить нажмите 1; human: спасибо всего доброго",43,200 OK,hello_main
8523403,автоответчик,недозвон,,"bot: Добрый день! Это компания t2, корпоративный отдел, Ольга. Минуту уделите, пожалуйста?; human: слушает абонент не берет но я все запишу и передам говорите",11,200 OK,hello_main
8529096,автоответчик,недозвон,,"bot: Добрый день! Компания t2, меня зовут Ольга. Звоню по корпоративному договору, меня хорошо слышно?; human: к сожалению абонент сейчас не может ответить возможно он занят его разрядился или находится в беззвучном режиме",15,200 OK,hello_main
8559381,автоответчик,недозвон,,"bot: Добрый день! Корпоративный отдел компании t2, меня зову Ольга. Меня слышно, да?; human: продолжается попытка дозвониться абонента который пока что не успел ответить на ваш вы",12,200 OK,hello_main
8582700,автоответчик Олег,недозвон,,"bot: Добрый день! Это компания t2, корпоративный отдел, Ольга. Минуту уделите, пожалуйста?; human: откуда звоните слушаю слушаю; bot: Компания ""t2"", ваш сотовый оператор. Ранее вы нас знали как ""Теле2"".; bot: Дело в том, что мы заметили снижение трафика по вашему контракту.; bot: Подскажите, пожалуйста, планируете ли вы пользоваться нашими услугами дальше?; human: подождите я ручку найду говорите",39,200 OK,"hello_main, hello_repeat, clarification_main, clarification_main_tail"
8583696,автоответчик Олег,недозвон,,"bot: Добрый день! Компания t2, меня зовут Ольга. Звоню по корпоративному договору, меня хорошо слышно?; human: алло а алло это голосовой ассистент",11,200 OK,hello_main
8626634,автоответчик,недозвон,,"bot: Добрый день! Компания t2, меня зовут Ольга. Звоню по корпоративному договору, меня хорошо слышно?; human: к сожалению абонент сейчас не может ответить можно он занят его телефон разрядился",12,200 OK,hello_main
8630778,автоответчик,недозвон,,"bot: Добрый день! Это компания t2, корпоративный отдел, Ольга. Минуту уделите, пожалуйста?; human: к сожалению абонент сейчас не может ответить",12,200 OK,hello_main
8662915,автоответчик,недозвон,,"bot: Добрый день! Компания t2, меня зовут Ольга. Звоню по корпоративному договору, меня хорошо слышно?; human: алло слушаю и я все записала абонент пока не может взять трубку но не расстраивайтесь по моим расчета ваше сообщение обязательно кстати я не голосовой ассистент хотите передать что",24,200 OK,hello_main
8665633,автоответчик Олег,недозвон,,"bot: Добрый день! Меня зовут Ольга, корпоративный отдел компании t2. Вам удобно сейчас минуту уделить?; human: алло говорите; bot: Отлично!; bot: Дело в том, что мы заметили снижение трафика по вашему контракту.; bot: Подскажите, пожалуйста, планируете ли вы пользоваться нашими услугами дальше?; human: говорите; bot: Мы видим, что вы стали меньше пользоваться корпоративной связью. Уточните, пожалуйста, планируете ли продолжить пользоваться нашими услугами?; human: продолжайте я на проводе; bot: Видим, что корпоративную связь оплачиваете, а пользуетесь сейчас редко. Мм, планируете вернуться к прежней активности?; human: что именно вы имели в виду; bot: Отметили, что сейчас вы реже пользуетесь нашими услугами. Скажите, пожалуйста, планируете по корпоративной связи и дальше сотрудничать с нами?; human: не уловил ключевую идею поясните",73,200 OK,"hello_main, hello_thanks, clarification_main, clarification_main_tail, clarification_default_1, clarification_default_2, clarification_default_3"
8684879,автоответчик,недозвон,,"bot: Добрый день! Корпоративный отдел компании t2, меня зову Ольга. Меня слышно, да?; human: продолжается попытка дозвониться до нента который пока что не успел ответить на ваш вызов",12,200 OK,hello_main
8693462,автоответчик Олег,недозвон,,"bot: Добрый день! Это компания t2, корпоративный отдел, Ольга. Минуту уделите, пожалуйста?; human: это важное сообщение я понимаю я передам его абоненту он его увидит когда сможет нужно записать что то еще",18,200 OK,hello_main
8694151,автоответчик,недозвон,,"bot: Добрый день! Меня зовут Ольга, корпоративный отдел компании t2. Вам удобно сейчас минуту уделить?; human: абонент сейчас не может ответить на ваш звонок попробуйте перезвонить позднее если вы хотите оставить ему голосовое сообщение говорите после звукового сигнала",19,200 OK,hello_main
8698127,автоответчик Олег,недозвон,,"bot: Добрый день! Компания t2, меня зовут Ольга. Звоню по корпоративному договору, меня хорошо слышно?; human: чем могу быть полезен; bot: Отлично!; bot: Дело в том, что мы заметили снижение трафика по вашему контракту.; human: подробнее расскажите",28,200 OK,"hello_main, hello_thanks, clarification_main"
8701428,автоответчик,недозвон,,"bot: Добрый день! Это компания t2, корпоративный отдел, Ольга. Минуту уделите, пожалуйста?; human: номер недоступен оставьте сообщение на автоответчик",10,200 OK,hello_main
8702977,автоответчик,недозвон,,"bot: Добрый день! Меня зовут Ольга, корпоративный отдел компании t2. Вам удобно сейчас минуту уделить?; human: вы позвонили в компанию союз лесстрой для того чтобы связаться с директором нажмите цифру 1 с отделом продаж нажмите 2 с деревообрабатывающем производством нажмите 3; human: введите внутренний номер абонента; human: абонент с таким номером не пожалуйста введите номер еще раз; human: абонент с таким номером не существует введите номер еще раз",45,200 OK,hello_main
8711699,автоответчик,недозвон,,"bot: Добрый день! Это Ольга из компании t2. Мы с вами созванивались уже, но разговор прервался. Удобно сейчас?; human: абонент сейчас не может ответить на ваш звонок его телефон занят попробуйте перезвонить позднее если хотите отправить бесплатное смс с просьбой перезвонить нажмите 1; human: спасибо всего доброго",41,200 OK,hello_main_recall
8712629,автоответчик,недозвон,,"bot: Добрый день! Компания t2, меня зовут Ольга. Звоню по корпоративному договору, меня хорошо слышно?; human: к сожалению абонент сейчас не может ответить возможно он занят его телефон разрядился",12,200 OK,hello_main
8716049,автоответчик Олег,недозвон,,"bot: Добрый день! Меня зовут Ольга, корпоративный отдел компании t2. Вам удобно сейчас минуту уделить?; human: алло слушаю слушаю",15,200 OK,hello_main
8764909,автоответчик Олег,недозвон,,"bot: Добрый день! Компания t2, меня зовут Ольга. Звоню по корпоративному договору, меня хорошо слышно?; human: здравствуйте на связи; bot: Отлично!; bot: Дело в том, что мы заметили снижение трафика по вашему контракту.; bot: Подскажите, пожалуйста, планируете ли вы пользоваться нашими услугами дальше?; human: да слушаю; bot: Мы видим, что вы стали меньше пользоваться корпоративной связью. Уточните, пожалуйста, планируете ли продолжить пользоваться нашими услугами?; human: давайте подробнее; bot: Мм, мои коллеги заметили, что по вашему договору корпоративной связи снизился трафик. Ну то есть меньше звонков стало совершаться, активность уменьшилась. Поэтому хотим уточнить, планируете ли вы пользоваться нашими услугами дальше?; human: проясните пожалуйста этот аспект",65,200 OK,"hello_main, hello_thanks, clarification_main, clarification_main_tail, clarification_default_1, clarification_dont_understand_1"
8796941,автоответчик,недозвон,,"bot: Добрый день! Компания t2, меня зовут Ольга. Звоню по корпоративному договору, меня хорошо слышно?; human: к сожалению абонент сейчас не может ответить возможно он занят его телефон разрядился",11,200 OK,hello_main
8797340,автоответчик Олег,недозвон,,"bot: Добрый день! Компания t2, меня зовут Ольга. Звоню по корпоративному договору, меня хорошо слышно?; human: алло слушаю слушаю",16,200 OK,hello_main
8804257,автоответчик,недозвон,,"bot: Добрый день! Компания t2, меня зовут Ольга. Звоню по корпоративному договору, меня хорошо слышно?; human: продолжается попытка дозвониться абонента который пока что не успел ответить на ваш вы",12,200 OK,hello_main
8805328,автоответчик Олег,недозвон,,"bot: Добрый день! Корпоративный отдел компании t2, меня зову Ольга. Меня слышно, да?; human: алло что вы хотели; bot: У меня короткий вопрос по вашему договору, буквально минута.; bot: Дело в том, что мы заметили снижение трафика по вашему контракту.; human: слушаю внимательно; bot: Подскажите, пожалуйста, планируете ли вы пользоваться нашими услугами дальше?; bot: Алло?; human: проводе; bot: Мы видим, что вы стали меньше пользоваться корпоративной связью. Уточните, пожалуйста, планируете ли продолжить пользоваться нашими услугами?; human: некоторые детали остались не ясны",50,200 OK,"hello_main, hello_wrong_time, clarification_main, clarification_main_tail, clarification_null_1, clarification_default_1"
8805749,автоответчик,недозвон,,"bot: Добрый день! Это компания t2, корпоративный отдел, Ольга. Минуту уделите, пожалуйста?; human: оставайтесь на линии",30,200 OK,hello_main
8808684,автоответчик,недозвон,,"bot: Добрый день! Меня зовут Ольга, корпоративный отдел компании t2. Вам удобно сейчас минуту уделить?; human: номер недоступен оставьте сообщение на автоответчик",10,200 OK,hello_main
8815251,автоответчик,недозвон,,"bot: Добрый день! Корпоративный отдел компании t2, меня зову Ольга. Меня слышно, да?; human: звонок был перенаправлен на голосовой почтовый ящик вы можете оставить сообщение после звукового сигнала",13,200 OK,hello_main
8819518,автоответчик Олег,недозвон,,"bot: Добрый день! Корпоративный отдел компании t2, меня зову Ольга. Меня слышно, да?; human: алло добрый день; bot: Отлично!; bot: Дело в том, что мы заметили снижение трафика по вашему контракту.; bot: Подскажите, пожалуйста, планируете ли вы пользоваться нашими услугами дальше?; human: я вас слышу; bot: Мы видим, что вы стали меньше пользоваться корпоративной связью. Уточните, пожалуйста, планируете ли продолжить пользоваться нашими услугами?; human: слушаю дальше; bot: Видим, что корпоративную связь оплачиваете, а пользуетесь сейчас редко. Мм, планируете вернуться к прежней активности?; human: проясните пожалуйста этот аспект",58,200 OK,"hello_main, hello_thanks, clarification_main, clarification_main_tail, clarification_default_1, clarification_default_2"
8822109,автоответчик,недозвон,,"bot: Добрый день! Компания t2, меня зовут Ольга. Звоню по корпоративному договору, меня хорошо слышно?; human: к сожалению абонент сейчас не может ответить возможно он занят его телефон разрядился",11,200 OK,hello_main
8873626,автоответчик Олег,недозвон,,"bot: Добрый день! Это Ольга из компании t2. Мы с вами созванивались уже, но разговор прервался. Удобно сейчас?; human: алло; bot: У меня один короткий вопрос по вашему договору. Мм…; bot: Дело в том, что мы заметили снижение трафика по вашему контракту.; human: позвольте поинтересоваться о чем вы хотите; bot: Подскажите, пожалуйста, планируете ли вы пользоваться нашими услугами дальше?; bot: Алло?; human: сообщите детали пожалуйста я их абоненту и возможно он перезвонит",40,200 OK,"hello_main_recall, hello_default, clarification_main, clarification_main_tail, clarification_null_1"
8881777,автоответчик,недозвон,,"bot: Добрый день! Корпоративный отдел компании t2, меня зову Ольга. Меня слышно, да?; human: абонент сейчас не может ответить на ваш звонок его телефон занят попробуйте перезвонить позднее если хотите отправить бесплатное смс с просьбой перезвонить нажмите 1; human: спасибо всего доброго",43,200 OK,hello_main
8886085,автоответчик Олег,недозвон,,"bot: Добрый день! Компания t2, меня зовут Ольга. Звоню по корпоративному договору, меня хорошо слышно?; human: добрый день слушаю; bot: Отлично!; bot: Дело в том, что мы заметили снижение трафика по вашему контракту.; bot: Подскажите, пожалуйста, планируете ли вы пользоваться нашими услугами дальше?; human: слушаю слушаю; bot: Мы видим, что вы стали меньше пользоваться корпоративной связью. Уточните, пожалуйста, планируете ли продолжить пользоваться нашими услугами?; human: я не знаю говорите вы или нет но я не слышу",40,200 OK,"hello_main, hello_thanks, clarification_main, clarification_main_tail, clarification_default_1"
8888184,автоответчик Олег,недозвон,,"bot: Добрый день! Корпоративный отдел компании t2, меня зову Ольга. Меня слышно, да?; human: благодарю вас за звонок; bot: У меня один короткий вопрос по вашему договору. Мм…; bot: Дело в том, что мы заметили снижение трафика по вашему контракту.; bot: Подскажите, пожалуйста, планируете ли вы пользоваться нашими услугами дальше?; bot: Алло?; bot: Вас не слышно; bot: Извините, что-то со связью, повторите, пожалуйста.; human: алло кто это не знаю по номеру",46,200 OK,"hello_main, hello_default, clarification_main, clarification_main_tail, clarification_null_1, clarification_null_2, clarification_null_3"
8891529,автоответчик,недозвон,,"bot: Добрый день! Корпоративный отдел компании t2, меня зову Ольга. Меня слышно, да?; human: нет сейчас не может ответить на ваш звонок его телефон занят попробуйте перезвонить позднее если хотите отправить бесплатное смс с просьбой перезвонить нажмите 1; human: спасибо всего доброго",41,200 OK,hello_main
8894919,автоответчик,недозвон,,"bot: Добрый день! Компания t2, меня зовут Ольга. Звоню по корпоративному договору, меня хорошо слышно?; human: за ваш звонок в время вам ответят наши специалисты",11,200 OK,hello_main
8903263,автоответчик Олег,недозвон,,"bot: Добрый день! Корпоративный отдел компании t2, меня зову Ольга. Меня слышно, да?; human: детальное я ничего не упустила данные в надежных руках; bot: У меня один короткий вопрос по вашему договору. Мм…; bot: Дело в том, что мы заметили снижение трафика по вашему контракту.; human: можно записать еще какую то информацию; bot: Подскажите, пожалуйста, планируете ли вы пользоваться нашими услугами дальше?; human: добавим что то еще; bot: Мм, мои коллеги заметили, что по вашему договору корпоративной связи снизился трафик. Ну то есть меньше звонков стало совершаться, активность уменьшилась. Поэтому хотим уточнить, планируете ли вы пользоваться нашими услугами дальше?; human: я недавно узнала про исследование испанских ученых оказывается размышления вслух помогают успешно решить поставленные задачи хочу проверить эту информацию о на деле пока мне никто не",44,200 OK,"hello_main, hello_default, clarification_main, clarification_main_tail, clarification_dont_understand_1"
8938989,автоответчик,недозвон,,"bot: Добрый день! Это компания t2, корпоративный отдел, Ольга. Минуту уделите, пожалуйста?; human: абонент сейчас не может ответить на ваш звонок его телефон занят попробуйте перезвонить позднее если хотите отправить бесплатное смс с просьбой перезвонить нажмите 1; human: спасибо всего доброго",41,200 OK,hello_main
8960191,автоответчик,недозвон,,"bot: Добрый день! Это компания t2, корпоративный отдел, Ольга. Минуту уделите, пожалуйста?; human: к сожалению абонент сейчас не может ответить возможно он занят его разрядился или находится в беззвучном режиме",14,200 OK,hello_main
8975981,автоответчик,недозвон,,"bot: Добрый день! Это компания t2, корпоративный отдел, Ольга. Минуту уделите, пожалуйста?; human: за ваш звонок в время вам ответят наши специалисты",12,200 OK,hello_main
9025558,автоответчик,недозвон,,"bot: Добрый день! Это компания t2, корпоративный отдел, Ольга. Минуту уделите, пожалуйста?; human: абонент сейчас не может ответить",9,200 OK,hello_main
9061301,автоответчик,недозвон,,"bot: Добрый день! Меня зовут Ольга, корпоративный отдел компании t2. Вам удобно сейчас минуту уделить?; human: говорите пожалуйста спасибо за эту информацию абонент прочтет ваше сообщение в ближайшее время если хотите поделиться чем то еще я внимательно слушаю",24,200 OK,hello_main
9062433,автоответчик,недозвон,,"bot: Добрый день! Меня зовут Ольга, корпоративный отдел компании t2. Вам удобно сейчас минуту уделить?; human: вас приветствует голосовой помощник инженерного центра милл",10,200 OK,hello_main
9063487,автоответчик,недозвон,,"bot: Добрый день! Это компания t2, корпоративный отдел, Ольга. Минуту уделите, пожалуйста?; human: слушаю; bot: Отлично!; bot: Дело в том, что мы заметили снижение трафика по вашему контракту.; bot: Подскажите, пожалуйста, планируете ли вы пользоваться нашими услугами дальше?; human: слышу вас; bot: Мы видим, что вы стали меньше пользоваться корпоративной связью. Уточните, пожалуйста, планируете ли продолжить пользоваться нашими услугами?; bot: Алло?; bot: Вас не слышно; human: что именно вы имели ввиду; bot: Видим, что корпоративную связь оплачиваете, а пользуетесь сейчас редко. Мм, планируете вернуться к прежней активности?; human: что именно вы имеете ввиду; bot: Мм, мои коллеги заметили, что по вашему договору корпоративной связи снизился трафик. Ну то есть меньше звонков стало совершаться, активность уменьшилась. Поэтому хотим уточнить, планируете ли вы пользоваться нашими услугами дальше?; human: не хотелось бы вас расстраивать на тнст определил что номер подозрительный потому запишу наш диалог и передам все абоненту",96,200 OK,"hello_main, hello_thanks, clarification_main, clarification_main_tail, clarification_default_1, clarification_null_1, clarification_null_2, clarification_default_2, clarification_dont_understand_1"
9072117,автоответчик,недозвон,,"bot: Добрый день! Меня зовут Ольга, корпоративный отдел компании t2. Вам удобно сейчас минуту уделить?; human: к сожалению абонент сейчас не может ответить возможно он занят его телефон разрядился",12,200 OK,hello_main
9078493,автоответчик,недозвон,,"bot: Добрый день! Корпоративный отдел компании t2, меня зову Ольга. Меня слышно, да?; human: к сожалению абонент сейчас не может ответить возможно он занят его телефон разрядился",13,200 OK,hello_main
9082232,автоответчик Олег,недозвон,,"bot: Добрый день! Это компания t2, корпоративный отдел, Ольга. Минуту уделите, пожалуйста?; human: пару минут уделю по какому поводу звоните",17,200 OK,hello_main
9087454,автоответчик Олег,недозвон,,"bot: Добрый день! Меня зовут Ольга, корпоративный отдел компании t2. Вам удобно сейчас минуту уделить?; human: ална связи; bot: У меня один короткий вопрос по вашему договору. Мм…; bot: Дело в том, что мы заметили снижение трафика по вашему контракту.; bot: Подскажите, пожалуйста, планируете ли вы пользоваться нашими услугами дальше?; human: говорите; bot: Мы видим, что вы стали меньше пользоваться корпоративной связью. Уточните, пожалуйста, планируете ли продолжить пользоваться нашими услугами?; human: продолжайте я на проводе; bot: Видим, что корпоративную связь оплачиваете, а пользуетесь сейчас редко. Мм, планируете вернуться к прежней активности?; human: да что именно вы имели ввиду; bot: Отметили, что сейчас вы реже пользуетесь нашими услугами. Скажите, пожалуйста, планируете по корпоративной связи и дальше сотрудничать с нами?; human: в чем заключается основная мысль",72,200 OK,"hello_main, hello_default, clarification_main, clarification_main_tail, clarification_default_1, clarification_default_2, clarification_default_3"
9094575,автоответчик,недозвон,,"bot: Добрый день! Меня зовут Ольга, корпоративный отдел компании t2. Вам удобно сейчас минуту уделить?; human: сейчас не может ответить",11,200 OK,hello_main
9098858,автоответчик Олег,недозвон,,"bot: Добрый день! Компания t2, меня зовут Ольга. Звоню по корпоративному договору, меня хорошо слышно?; human: сообщение записано абонент его увидит когда у него будет время если есть еще что то что нужно сообщить то продолжайте я голосовой ассистент готова записывать",24,200 OK,hello_main
9105978,автоответчик,недозвон,,"bot: Добрый день! Компания t2, меня зовут Ольга. Звоню по корпоративному договору, меня хорошо слышно?; human: это важное сообщение понимаю я передам его он его увидит когда сможет нужно записать что то еще; bot: У меня один короткий вопрос по вашему договору. Мм…; bot: Дело в том, что мы заметили снижение трафика по вашему контракту.; human: может есть еще важные детали; bot: Подскажите, пожалуйста, планируете ли вы пользоваться нашими услугами дальше?; human: как вас можно представить ягу абоненту что вы просили позвонить хотите; bot: Мы видим, что вы стали меньше пользоваться корпоративной связью. Уточните, пожалуйста, планируете ли продолжить пользоваться нашими услугами?; human: поняла все записала и скоро передам",52,200 OK,"hello_main, hello_default, clarification_main, clarification_main_tail, clarification_default_1"
9107284,автоответчик Олег,недозвон,,"bot: Добрый день! Компания t2, меня зовут Ольга. Звоню по корпоративному договору, меня хорошо слышно?; human: сейчас сейчас не бросайте трубку; bot: У меня один короткий вопрос по вашему договору. Мм…; bot: Дело в том, что мы заметили снижение трафика по вашему контракту.; bot: Подскажите, пожалуйста, планируете ли вы пользоваться нашими услугами дальше?; human: так ну все слушаю говорите уточните пожалуйста по какому вопросу звоните",30,200 OK,"hello_main, hello_default, clarification_main, clarification_main_tail"
9109273,автоответчик,недозвон,,"bot: Добрый день! Это компания t2, корпоративный отдел, Ольга. Минуту уделите, пожалуйста?; human: к сожалению абонент сейчас не может ответить",12,200 OK,hello_main
9110590,автоответчик,недозвон,,"bot: Добрый день! Компания t2, меня зовут Ольга. Звоню по корпоративному договору, меня хорошо слышно?; human: абонент сейчас не может ответить на ваш звонок его телефонон занят попробуйте перезвонить позднее если хотите отправить смс сообщение с просьбой перезвонить",20,200 OK,hello_main
9111024,автоответчик,недозвон,,"bot: Добрый день! Компания t2, меня зовут Ольга. Звоню по корпоративному договору, меня хорошо слышно?; human: ответить на ваш звонок его телефонон занят попробуйте перезвонить позднее если хотите отправить бесплатное сообщение с просьбой перезвонить нажмите 1; human: спасибо всего доброго",41,200 OK,hello_main
9130862,автоответчик Олег,недозвон,,"bot: Добрый день! Компания t2, меня зовут Ольга. Звоню по корпоративному договору, меня хорошо слышно?; human: запомнила и сохранила всю информацию я алгоритму я уже отправляю ваше сообщение абоненту не забыли я готова записать что нибудь еще",24,200 OK,hello_main
9132724,автоответчик,недозвон,,"bot: Добрый день! Корпоративный отдел компании t2, меня зову Ольга. Меня слышно, да?; human: продолжается попытка дозвониться до абонента который пока что не успел ответить на ваш вызов",12,200 OK,hello_main
9135443,автоответчик,недозвон,,"bot: Добрый день! Это компания t2, корпоративный отдел, Ольга. Минуту уделите, пожалуйста?; human: сеть фитнес клубов фитнес для соединения с клубом фреж нажмите 1 для соединения с клубом аврора нажмите 2 для соединения с клубом брагина нажмите 3 для соединения с клубом брагина нажмите 3; human: доброе утро фитнес",44,200 OK,hello_main
9135493,автоответчик Олег,недозвон,,"bot: Добрый день! Это компания t2, корпоративный отдел, Ольга. Минуту уделите, пожалуйста?; human: алло; bot: У меня один короткий вопрос по вашему договору. Мм…; bot: Дело в том, что мы заметили снижение трафика по вашему контракту.; human: я по телефону болтать не ну говорите; bot: Подскажите, пожалуйста, планируете ли вы пользоваться нашими услугами дальше?; bot: Алло?; human: это дело хорошее; bot: Мы видим, что вы стали меньше пользоваться корпоративной связью. Уточните, пожалуйста, планируете ли продолжить пользоваться нашими услугами?; human: это просто так подарок такой или платить надо; bot: Видим, что корпоративную связь оплачиваете, а пользуетесь сейчас редко. Мм, планируете вернуться к прежней активности?; human: а мне междугородний тариф это влияет как то",60,200 OK,"hello_main, hello_default, clarification_main, clarification_main_tail, clarification_null_1, clarification_default_1, clarification_default_2"
9135864,автоответчик,недозвон,,"bot: Добрый день! Компания t2, меня зовут Ольга. Звоню по корпоративному договору, меня хорошо слышно?; human: находится в беззвучном режиме можете перезвонить позже или записать свое сообщение после звукового сигнала",22,200 OK,hello_main
9139304,автоответчик,недозвон,,"bot: Добрый день! Это компания t2, корпоративный отдел, Ольга. Минуту уделите, пожалуйста?; human: к сожалению абонент сейчас не может ответить возможно он занят его телефон разрядился",11,200 OK,hello_main
9139391,автоответчик,недозвон,,"bot: Добрый день! Компания t2, меня зовут Ольга. Звоню по корпоративному договору, меня хорошо слышно?; human: на линии вам ответит 1 свободный сотрудник к сожалению сейчас никто не может; human: звонок пожалуйста оставьте сообщение после гудка или перезвоните позже",35,200 OK,hello_main
9139762,автоответчик,недозвон,,"bot: Добрый день! Меня зовут Ольга, корпоративный отдел компании t2. Вам удобно сейчас минуту уделить?; human: звонок был перенаправлен голосовой почтовый ящик можете оставить сообщение после звукового сигнала",12,200 OK,hello_main
9143566,автоответчик,недозвон,,"bot: Добрый день! Компания t2, меня зовут Ольга. Звоню по корпоративному договору, меня хорошо слышно?; human: номер занят оставьте сообщение на авто",17,200 OK,hello_main
9153131,автоответчик,недозвон,,"bot: Добрый день! Компания t2, меня зовут Ольга. Звоню по корпоративному договору, меня хорошо слышно?; human: абонент сейчас не может ответить на ваш звонок попробуйте перезвонить позднее если вы хотите оставить ему голосовое сообщение говорите после звукового сигнала",19,200 OK,hello_main
9155886,автоответчик,недозвон,,"bot: Добрый день! Компания t2, меня зовут Ольга. Звоню по корпоративному договору, меня хорошо слышно?; human: здравствуйте; bot: Отлично!; bot: Дело в том, что мы заметили снижение трафика по вашему контракту.; bot: Подскажите, пожалуйста, планируете ли вы пользоваться нашими услугами дальше?; human: так откуда вы звоните; bot: Это компания ""t2"", ранее вы нас знали как ""Теле2"".; bot: Вы планируете пользоваться услугами t2 дальше?; human: расскажите подробнее абонент не смог ответить на этот звонок но я передам ему ваше сообщение",38,200 OK,"hello_main, hello_thanks, clarification_main, clarification_main_tail, clarification_what_company, clarification_tail_1"
9156620,автоответчик,недозвон,,"bot: Добрый день! Компания t2, меня зовут Ольга. Звоню по корпоративному договору, меня хорошо слышно?; human: к сожалению абонент сейчас не может ответить возможно он занят его телефон разрядился",12,200 OK,hello_main
9156790,автоответчик,недозвон,,"bot: Добрый день! Корпоративный отдел компании t2, меня зову Ольга. Меня слышно, да?; human: продолжается попытка дозвониться до нента который пока что не успел ответить на ваш вызов",12,200 OK,hello_main
9194654,автоответчик Олег,недозвон,,"bot: Добрый день! Это компания t2, корпоративный отдел, Ольга. Минуту уделите, пожалуйста?; human: алло слушаю ну интересно; bot: Отлично!; bot: Дело в том, что мы заметили снижение трафика по вашему контракту.; bot: Подскажите, пожалуйста, планируете ли вы пользоваться нашими услугами дальше?; human: так сейчас тише сделаю слушаю",33,200 OK,"hello_main, hello_thanks, clarification_main, clarification_main_tail"
9220701,автоответчик,недозвон,,"bot: Добрый день! Корпоративный отдел компании t2, меня зову Ольга. Меня слышно, да?; human: ответить на ваш звонок его телефон подключен или находится вне зоны действия сети попробуйте перезвонить позднее",16,200 OK,hello_main
9223151,автоответчик Олег,недозвон,,"bot: Добрый день! Корпоративный отдел компании t2, меня зову Ольга. Меня слышно, да?; human: я секретарь ева михаил владимирович не может ответить похоже уже с то общается может быть вы хотите передать что то еще",20,200 OK,hello_main
9224065,автоответчик Олег,недозвон,,"bot: Добрый день! Меня зовут Ольга, корпоративный отдел компании t2. Вам удобно сейчас минуту уделить?; human: алло говорите; bot: Отлично!; bot: Дело в том, что мы заметили снижение трафика по вашему контракту.; bot: Подскажите, пожалуйста, планируете ли вы пользоваться нашими услугами дальше?; human: говорите; bot: Мы видим, что вы стали меньше пользоваться корпоративной связью. Уточните, пожалуйста, планируете ли продолжить пользоваться нашими услугами?; human: мгновение проверено стройки давайте еще раз; bot: Мм, мои коллеги заметили, что по вашему договору корпоративной связи снизился трафик. Ну то есть меньше звонков стало совершаться, активность уменьшилась. Поэтому хотим уточнить, планируете ли вы пользоваться нашими услугами дальше?; human: уточните формулировку для ясности",64,200 OK,"hello_main, hello_thanks, clarification_main, clarification_main_tail, clarification_default_1, clarification_dont_understand_1"
9224583,автоответчик,недозвон,,"bot: Добрый день! Корпоративный отдел компании t2, меня зову Ольга. Меня слышно, да?; human: к сожалению абонент сейчас не может ответить возможно он занят его телефон разрядился",13,200 OK,hello_main
9225862,автоответчик Олег,недозвон,,"bot: Добрый день! Компания t2, меня зовут Ольга. Звоню по корпоративному договору, меня хорошо слышно?; human: алло вы кто; bot: Компания ""t2"", ваш сотовый оператор. Ранее вы нас знали как ""Теле2"".; bot: Дело в том, что мы заметили снижение трафика по вашему контракту.; bot: Подскажите, пожалуйста, планируете ли вы пользоваться нашими услугами дальше?; human: я вас слушаю; bot: Мы видим, что вы стали меньше пользоваться корпоративной связью. Уточните, пожалуйста, планируете ли продолжить пользоваться нашими услугами?; human: так сейчас тише сделаю слушаю",48,200 OK,"hello_main, hello_repeat, clarification_main, clarification_main_tail, clarification_default_1"
9227290,автоответчик,недозвон,,"bot: Добрый день! Корпоративный отдел компании t2, меня зову Ольга. Меня слышно, да?; human: не; bot: У меня короткий вопрос по вашему договору, буквально минута.; bot: Дело в том, что мы заметили снижение трафика по вашему контракту.; bot: Подскажите, пожалуйста, планируете ли вы пользоваться нашими услугами дальше?; bot: Алло?; bot: Вас не слышно; human: извините сообщения достигла максимальной величины",39,200 OK,"hello_main, hello_wrong_time, clarification_main, clarification_main_tail, clarification_null_1, clarification_null_2"
9227355,автоответчик,недозвон,,"bot: Добрый день! Это компания t2, корпоративный отдел, Ольга. Минуту уделите, пожалуйста?; human: звонили в комбинат школьного питания в целях повышения качества обслуживания разговор может быть записан выберите номер клавиши интересующие вас услуги родительская плата нажмите 1 отдел кадров нажмите 2 служба закупок нажмите 3 отдел снабжения продовольственными товарами нажмите 4 отдел снабжения непродовольственными товарами нажмите 5 или наберите внутренний номер сотрудника; human: здравствуйте вы позвонили в комбинат школьного питания в целях повышения качества обслуживания разговор может быть записан выберите номер клавиши интересующие вас услуги родительская плата нажмите 1 отдел кадров нажмите 2 служба закупок нажмите 3 отдел снабжения продовольственными товарами нажмите 4 отдел снабжения непродовольственными товарами нажмите или наберите внутренний номер сотрудника; bot: Здравствуйте! Меня зовут Ольга, звоню из корпоративного отдела компании t2.; bot: Дело в том, что мы заметили снижение трафика по вашему контракту.; bot: Подскажите, пожалуйста, планируете ли вы пользоваться нашими услугами дальше?; human: позвонили в комбинат школьного питания в целях повышения качества обслуживания разговор может быть записан выберите номер клавиши интересующие вас услуги родительская плата нажмите 1 отдел кадров нажмите 2 служба закупок нажмите 3 отдел снабжения продовольственными товарами нажмите 4 отдел снабжения непродовольственными товарами нажмите 5 или наберите внутренний номер сотрудника",115,200 OK,"hello_main, hello_greetings, clarification_main, clarification_main_tail"
9242982,автоответчик Олег,недозвон,,"bot: Добрый день! Компания t2, меня зовут Ольга. Звоню по корпоративному договору, меня хорошо слышно?; human: анализирую ваш ответ; bot: У меня один короткий вопрос по вашему договору. Мм…; bot: Дело в том, что мы заметили снижение трафика по вашему контракту.; human: помнила и уже передаю абоненту я голосовой ассистент меня рада это все или хотите еще что то добавить",26,200 OK,"hello_main, hello_default, clarification_main"
9249349,автоответчик Олег,недозвон,,"bot: Добрый день! Это компания t2, корпоративный отдел, Ольга. Минуту уделите, пожалуйста?; bot: Алло, слышно меня?; human: поинтересоваться о чем вы хотите рассказать; bot: У меня один короткий вопрос по вашему договору. Мм…; bot: Дело в том, что мы заметили снижение трафика по вашему контракту.; bot: Подскажите, пожалуйста, планируете ли вы пользоваться нашими услугами дальше?; human: расскажите подробнее абонент не смогут ответить этот звонок но я передам ему ваше сообщение",40,200 OK,"hello_main, hello_null_1, hello_default, clarification_main, clarification_main_tail"
9253084,автоответчик,недозвон,,"bot: Добрый день! Корпоративный отдел компании t2, меня зову Ольга. Меня слышно, да?; bot: Алло, слышно меня?; bot: Аааллооо.; human: не; bot: У меня короткий вопрос по вашему договору, буквально минута.; bot: Дело в том, что мы заметили снижение трафика по вашему контракту.; bot: Подскажите, пожалуйста, планируете ли вы пользоваться нашими услугами дальше?; human: извините длительность достигла максимальной величины",39,200 OK,"hello_main, hello_null_1, hello_null_2, hello_wrong_time, clarification_main, clarification_main_tail"
9253099,автоответчик,недозвон,,"bot: Добрый день! Корпоративный отдел компании t2, меня зову Ольга. Меня слышно, да?; human: вы позвонили для соединения с; human: с отделом кадров нажмите 2 с мастерами нажмите 3 с бухгалтерией нажмите 4 с механиком 5 диспетчером нажмите 6",34,200 OK,hello_main
9253540,автоответчик Олег,недозвон,,"bot: Добрый день! Компания t2, меня зовут Ольга. Звоню по корпоративному договору, меня хорошо слышно?; human: запомнила и сохранила всю информацию молт подсказывают что это что то важное поэтому я уже отправляю ваше сообщение абоненту не забыли я готова записать что нибудь еще",25,200 OK,hello_main
9255974,автоответчик,недозвон,,"bot: Добрый день! Компания t2, меня зовут Ольга. Звоню по корпоративному договору, меня хорошо слышно?; bot: Алло, слышно меня?; human: оставьте сообщение на автоответчик",18,200 OK,"hello_main, hello_null_1"
9256029,автоответчик,недозвон,,"bot: Добрый день! Меня зовут Ольга, корпоративный отдел компании t2. Вам удобно сейчас минуту уделить?; human: абонент сейчас не может ответить на ваш звонок его телефон зат попробуйте перезвонить позднее если хотите отправить бесплатное смс с просьбой перезвонить нажмите 1; human: спасибо всего доброго",41,200 OK,hello_main
9257533,автоответчик Олег,недозвон,,"bot: Добрый день! Компания t2, меня зовут Ольга. Звоню по корпоративному договору, меня хорошо слышно?; human: здравствуйте; bot: Отлично!; bot: Дело в том, что мы заметили снижение трафика по вашему контракту.; bot: Подскажите, пожалуйста, планируете ли вы пользоваться нашими услугами дальше?; human: можете подробнее я все передам абоненту",36,200 OK,"hello_main, hello_thanks, clarification_main, clarification_main_tail"
9260883,автоответчик Олег,недозвон,,"bot: Добрый день! Меня зовут Ольга, корпоративный отдел компании t2. Вам удобно сейчас минуту уделить?; human: слушаю без сикун домира рассказывайте; bot: Отлично!; bot: Дело в том, что мы заметили снижение трафика по вашему контракту.; bot: Подскажите, пожалуйста, планируете ли вы пользоваться нашими услугами дальше?; human: секретарь на связи понял что звоните с чем то неотложным же передам ваше сообщение не беспокойтесь",37,200 OK,"hello_main, hello_thanks, clarification_main, clarification_main_tail"
9263608,автоответчик,недозвон,,"bot: Добрый день! Меня зовут Ольга, корпоративный отдел компании t2. Вам удобно сейчас минуту уделить?; human: здравствуйте вы дозвонились в компанию; bot: Отлично!; bot: Дело в том, что мы заметили снижение трафика по вашему контракту.; bot: Подскажите, пожалуйста, планируете ли вы пользоваться нашими услугами дальше?; human: извините информация не получена повторите пожалуйста; bot: Мм, мои коллеги заметили, что по вашему договору корпоративной связи снизился трафик. Ну то есть меньше звонков стало совершаться, активность уменьшилась. Поэтому хотим уточнить, планируете ли вы пользоваться нашими услугами дальше?; human: здравствуйте вы дозвонились в компанию наберите внутренний номер сотрудника",37,200 OK,"hello_main, hello_thanks, clarification_main, clarification_main_tail, clarification_dont_understand_1"
9264957,автоответчик,недозвон,,"bot: Добрый день! Корпоративный отдел компании t2, меня зову Ольга. Меня слышно, да?; human: к сожалению абонент сейчас не может ответить возможно он занят его телефон разрядился",11,200 OK,hello_main
9294168,автоответчик,недозвон,,"bot: Добрый день! Меня зовут Ольга, корпоративный отдел компании t2. Вам удобно сейчас минуту уделить?; human: абонент сейчас не может ответить на ваш звонок его телефон занят попробуйте перезвонить позднее если хотите отправить бесплатное смс сообщение с просьбой перезвонить нажмите 1; human: спасибо всего доброго",41,200 OK,hello_main
9305184,автоответчик,недозвон,,"bot: Добрый день! Это компания t2, корпоративный отдел, Ольга. Минуту уделите, пожалуйста?; human: абонент сейчас не может ответить на ваш звонок его телефон выключен или находится вне зоны действия сети пробуйте перезвонить позднее если вы хотите отправить ему его бесплатное с сообщение с просьбой перезвонить нажмите 1",45,200 OK,hello_main
9340542,автоответчик,недозвон,,"bot: Добрый день! Компания t2, меня зовут Ольга. Звоню по корпоративному договору, меня хорошо слышно?; human: абонент сейчас не может ответить на ваш звонок его телефон занят попробуйте перезвонить позднее если хотите отправить бесплатное смс общение с просьбой перезвонить нажмите 1; human: спасибо всего доброго",45,200 OK,hello_main
9353961,автоответчик Олег,недозвон,,"bot: Добрый день! Меня зовут Ольга, корпоративный отдел компании t2. Вам удобно сейчас минуту уделить?; human: здравствуйте вы кто; bot: Компания ""t2"", ваш сотовый оператор. Ранее вы нас знали как ""Теле2"".; bot: Дело в том, что мы заметили снижение трафика по вашему контракту.; bot: Подскажите, пожалуйста, планируете ли вы пользоваться нашими услугами дальше?; human: я вас слышу; bot: Мы видим, что вы стали меньше пользоваться корпоративной связью. Уточните, пожалуйста, планируете ли продолжить пользоваться нашими услугами?; human: подождите я ручку найду говорите",47,200 OK,"hello_main, hello_repeat, clarification_main, clarification_main_tail, clarification_default_1"
9413457,автоответчик,недозвон,,"bot: Добрый день! Это компания t2, корпоративный отдел, Ольга. Минуту уделите, пожалуйста?; human: алло здравствуйте; bot: Отлично!; bot: Дело в том, что мы заметили снижение трафика по вашему контракту.; bot: Подскажите, пожалуйста, планируете ли вы пользоваться нашими услугами дальше?; human: скажите вкратце о чем разговор предстоит; bot: Дело в том, что мы по корпоративной связи с вами сотрудничаем и...; bot: Мы видим, что вы стали меньше пользоваться корпоративной связью. Уточните, пожалуйста, планируете ли продолжить пользоваться нашими услугами?; human: к сожалению абонент сейчас не может ответить но я передам ему детали которые вы желаете сообщить",40,200 OK,"hello_main, hello_thanks, clarification_main, clarification_main_tail, clarification_dont_want_answer, clarification_default_1"
9433116,автоответчик,недозвон,,"bot: Добрый день! Корпоративный отдел компании t2, меня зову Ольга. Меня слышно, да?; human: приветствует оставайтесь на линии вам ответит в течении минуты; human: вызываемый абонент заблокирован вызываемый абонент заблокирован вызываемый абонент заблокирован вызываемый абонент заблокирован вызываемый абонент заблокирован вызываемый абонент заблокирован вызываемый абонент заблокирован вызываемый абонент заблокирован вызываемый абонент заблокирован вызываемый абонент заблокирован вызываемый абонент заблокирован вызываемый абонент заблокирован вызываемый абонент заблокирован вызываемый абонент заблокирован вызываемый абонент заблокирован вызываемый абонент заблокирован вызываемый абонент заблокирован вызываемый абонент заблокирован вызываемый абонент заблокирован вызываемый абонент заблокирован вызываемый абонент заблокирован вызываемый абонент заблокирован вызываемый абонент заблокирован вызываемый абонент заблокирован вызываемый абонент заблокирован вызываемый абонент заблокирован вызываемый абонент заблокирован",102,200 OK,hello_main
9441977,автоответчик Олег,недозвон,,"bot: Добрый день! Компания t2, меня зовут Ольга. Звоню по корпоративному договору, меня хорошо слышно?; human: чем могу быть полезен; bot: Отлично!; bot: Дело в том, что мы заметили снижение трафика по вашему контракту.; bot: Подскажите, пожалуйста, планируете ли вы пользоваться нашими услугами дальше?; human: слушаю; bot: Мы видим, что вы стали меньше пользоваться корпоративной связью. Уточните, пожалуйста, планируете ли продолжить пользоваться нашими услугами?; human: не молчите пожалуйста продолжайте я на проводе; bot: Видим, что корпоративную связь оплачиваете, а пользуетесь сейчас редко. Мм, планируете вернуться к прежней активности?; human: некоторые детали остались не ясны",60,200 OK,"hello_main, hello_thanks, clarification_main, clarification_main_tail, clarification_default_1, clarification_default_2"
9447678,автоответчик,недозвон,,"bot: Добрый день! Меня зовут Ольга, корпоративный отдел компании t2. Вам удобно сейчас минуту уделить?; human: алиса слушает абонент не трубку но я все запишу и передам говорите",12,200 OK,hello_main
9448025,автоответчик,недозвон,,"bot: Добрый день! Корпоративный отдел компании t2, меня зову Ольга. Меня слышно, да?; human: поймай в ближайшее время менеджер татьяна ответит вам; bot: Угу, понятно, продиктуйте тогда, пожалуйста, номер, я запишу.; human: к сожалению абонент не может сейчас ответить перезвоните позже",15,200 OK,"hello_main, search_mdp_transfer"
9453819,автоответчик Олег,недозвон,,"bot: Добрый день! Компания t2, меня зовут Ольга. Звоню по корпоративному договору, меня хорошо слышно?; bot: Алло, слышно меня?; human: подскажите по какому поводу вы звоните; bot: У меня короткий вопрос по вашему договору, буквально минута.; bot: Дело в том, что мы заметили снижение трафика по вашему контракту.; bot: Подскажите, пожалуйста, планируете ли вы пользоваться нашими услугами дальше?; human: можете рассказать подробнее я все передам абоненту",36,200 OK,"hello_main, hello_null_1, hello_wrong_time, clarification_main, clarification_main_tail"
9454671,автоответчик Олег,недозвон,,"bot: Добрый день! Меня зовут Ольга, корпоративный отдел компании t2. Вам удобно сейчас минуту уделить?; bot: Алло, слышно меня?; bot: Аааллооо.; human: слушаю; bot: Отлично!; bot: Дело в том, что мы заметили снижение трафика по вашему контракту.; human: слушаю вас; bot: Подскажите, пожалуйста, планируете ли вы пользоваться нашими услугами дальше?; human: подскажите вы по какому вопросу еще раз пожалуйста из какой вы компании; bot: Это компания ""t2"", ранее вы нас знали как ""Теле2"".; bot: Вы планируете пользоваться услугами t2 дальше?; human: подскажите а наш разговор конфиденциален",57,200 OK,"hello_main, hello_null_1, hello_null_2, hello_thanks, clarification_main, clarification_main_tail, clarification_what_company, clarification_tail_1"
9456579,автоответчик,недозвон,,"bot: Добрый день! Это компания t2, корпоративный отдел, Ольга. Минуту уделите, пожалуйста?; human: абонент сейчас не может ответить на ваш звонок попробуйте перезвонить позднее сли вы хотите оставить ему голосовое сообщение говорите после звукового сигнала",19,200 OK,hello_main
9458547,автоответчик,недозвон,,"bot: Добрый день! Корпоративный отдел компании t2, меня зову Ольга. Меня слышно, да?; human: голосовой почтовый ящик можете оставить сообщение после звукового сигнала",14,200 OK,hello_main
9460132,автоответчик,недозвон,,"bot: Добрый день! Корпоративный отдел компании t2, меня зову Ольга. Меня слышно, да?; human: к сожалению абонент сейчас не может ответить возможно он занят его телефон разрядился",11,200 OK,hello_main
9460526,автоответчик Олег,недозвон,,"bot: Добрый день! Корпоративный отдел компании t2, меня зову Ольга. Меня слышно, да?; human: алло на связи; bot: У меня один короткий вопрос по вашему договору. Мм…; bot: Дело в том, что мы заметили снижение трафика по вашему контракту.; human: слышу вас слушаю да; bot: Подскажите, пожалуйста, планируете ли вы пользоваться нашими услугами дальше?; human: не совсем понял этот пункт поясните; bot: Мм, мои коллеги заметили, что по вашему договору корпоративной связи снизился трафик. Ну то есть меньше звонков стало совершаться, активность уменьшилась. Поэтому хотим уточнить, планируете ли вы пользоваться нашими услугами дальше?; human: уточните ключевой тезис",57,200 OK,"hello_main, hello_default, clarification_main, clarification_main_tail, clarification_dont_understand_1"
9476164,автоответчик Олег,недозвон,,"bot: Добрый день! Меня зовут Ольга, корпоративный отдел компании t2. Вам удобно сейчас минуту уделить?; human: алло я у телефона; bot: У меня один короткий вопрос по вашему договору. Мм…; bot: Дело в том, что мы заметили снижение трафика по вашему контракту.; bot: Подскажите, пожалуйста, планируете ли вы пользоваться нашими услугами дальше?; human: я вас слышу; bot: Мы видим, что вы стали меньше пользоваться корпоративной связью. Уточните, пожалуйста, планируете ли продолжить пользоваться нашими услугами?; human: я все еще здесь говорите",50,200 OK,"hello_main, hello_default, clarification_main, clarification_main_tail, clarification_default_1"
9479520,автоответчик,недозвон,,"bot: Добрый день! Меня зовут Ольга, корпоративный отдел компании t2. Вам удобно сейчас минуту уделить?; human: к сожалению абонент сейчас не может ответить возможно он занят его телефон разрядился",11,200 OK,hello_main
9480134,автоответчик,недозвон,,"bot: Добрый день! Компания t2, меня зовут Ольга. Звоню по корпоративному договору, меня хорошо слышно?; human: к сожалению абонент сейчас не может ответить возможно он занят его телефон разрядился",12,200 OK,hello_main
9492850,автоответчик,недозвон,,"bot: Добрый день! Корпоративный отдел компании t2, меня зову Ольга. Меня слышно, да?; human: алиса слушает абонент не берет рубку но я все запишу и передам говорите",12,200 OK,hello_main
9493269,автоответчик,недозвон,,"bot: Добрый день! Компания t2, меня зовут Ольга. Звоню по корпоративному договору, меня хорошо слышно?; human: может ответить возможно он занят его разрядился или находится в беззвучном режиме; bot: У меня короткий вопрос по вашему договору, буквально минута.; bot: Дело в том, что мы заметили снижение трафика по вашему контракту.; human: после звукового сигнала",22,200 OK,"hello_main, hello_wrong_time, clarification_main"
9518347,автоответчик Олег,недозвон,,"bot: Добрый день! Компания t2, меня зовут Ольга. Звоню по корпоративному договору, меня хорошо слышно?; human: слушаю вас; bot: Отлично!; bot: Дело в том, что мы заметили снижение трафика по вашему контракту.; bot: Подскажите, пожалуйста, планируете ли вы пользоваться нашими услугами дальше?; human: секретарь на связи поняла что звоните с чем то неотложным же передам ваше сообщение не беспокойтесь",32,200 OK,"hello_main, hello_thanks, clarification_main, clarification_main_tail"
9519884,автоответчик Олег,недозвон,,"bot: Добрый день! Корпоративный отдел компании t2, меня зову Ольга. Меня слышно, да?; human: алло чем могу быть полезен; bot: Отлично!; bot: Дело в том, что мы заметили снижение трафика по вашему контракту.; bot: Подскажите, пожалуйста, планируете ли вы пользоваться нашими услугами дальше?; human: говорите; bot: Мы видим, что вы стали меньше пользоваться корпоративной связью. Уточните, пожалуйста, планируете ли продолжить пользоваться нашими услугами?; human: слышу хорошо продолжайте",41,200 OK,"hello_main, hello_thanks, clarification_main, clarification_main_tail, clarification_default_1"
10013646,автоответчик Олег,недозвон,,"bot: Добрый день! Меня зовут Ольга, корпоративный отдел компании t2. Вам удобно сейчас минуту уделить?; human: что вы хотели; bot: У меня короткий вопрос по вашему договору, буквально минута.; bot: Дело в том, что мы заметили снижение трафика по вашему контракту.; bot: Подскажите, пожалуйста, планируете ли вы пользоваться нашими услугами дальше?; human: я вас слышу; bot: Мы видим, что вы стали меньше пользоваться корпоративной связью. Уточните, пожалуйста, планируете ли продолжить пользоваться нашими услугами?; human: я все еще здесь говорите",45,200 OK,"hello_main, hello_wrong_time, clarification_main, clarification_main_tail, clarification_default_1"
10018120,автоответчик,недозвон,,"bot: Добрый день! Корпоративный отдел компании t2, меня зову Ольга. Меня слышно, да?; human: к сожалению абонент сейчас не может ответить возможно он занят его телефон разрядился",13,200 OK,hello_main
10020906,автоответчик,недозвон,,"bot: Добрый день! Меня зовут Ольга, корпоративный отдел компании t2. Вам удобно сейчас минуту уделить?; human: вызываемый абонент к сожалению все еще не отвечает",26,200 OK,hello_main
10021007,автоответчик,недозвон,,"bot: Добрый день! Корпоративный отдел компании t2, меня зову Ольга. Меня слышно, да?; human: недоступен оставьте сообщение на автоответчик",11,200 OK,hello_main
10022462,автоответчик,недозвон,,"bot: Добрый день! Это компания t2, корпоративный отдел, Ольга. Минуту уделите, пожалуйста?; human: к сожалению абонент сейчас не может ответить",9,200 OK,hello_main
10022559,автоответчик Олег,недозвон,,"bot: Добрый день! Компания t2, меня зовут Ольга. Звоню по корпоративному договору, меня хорошо слышно?; human: сообщение записа абонент его увидит когда у него будет время если есть еще что то что нужно сообщить то продолжайте яловой ассистент готова записывать",24,200 OK,hello_main
10025060,автоответчик,недозвон,,"bot: Добрый день! Корпоративный отдел компании t2, меня зову Ольга. Меня слышно, да?; human: слушаю; bot: Отлично!; bot: Дело в том, что мы заметили снижение трафика по вашему контракту.; bot: Подскажите, пожалуйста, планируете ли вы пользоваться нашими услугами дальше?; human: слушаю слушаю; bot: Мы видим, что вы стали меньше пользоваться корпоративной связью. Уточните, пожалуйста, планируете ли продолжить пользоваться нашими услугами?; human: продолжайте я на проводе; bot: Видим, что корпоративную связь оплачиваете, а пользуетесь сейчас редко. Мм, планируете вернуться к прежней активности?; human: уточните; bot: Отметили, что сейчас вы реже пользуетесь нашими услугами. Скажите, пожалуйста, планируете по корпоративной связи и дальше сотрудничать с нами?; human: связь прервалась что ли я не слышу вас проясните пожалуйста свою мысль",79,200 OK,"hello_main, hello_thanks, clarification_main, clarification_main_tail, clarification_default_1, clarification_default_2, clarification_default_3"
10025104,автоответчик,недозвон,,"bot: Добрый день! Компания t2, меня зовут Ольга. Звоню по корпоративному договору, меня хорошо слышно?; human: пожалуйста перезвоните позднее из плиз колл бэк лещей момент вызываемый абонент недоступен пожалуйста перезвоните позднее плиз лера в настоящий момент вызываемый абонент",26,200 OK,hello_main
10032369,автоответчик Олег,недозвон,,"bot: Добрый день! Компания t2, меня зовут Ольга. Звоню по корпоративному договору, меня хорошо слышно?; human: что нибудь передать",19,200 OK,hello_main
10032371,автоответчик,недозвон,,"bot: Добрый день! Корпоративный отдел компании t2, меня зову Ольга. Меня слышно, да?; human: продолжается попытка дозвониться до нента который пока что не успел ответить на ваш вызов",12,200 OK,hello_main
