id,result,status,true_status,transcript,duration,call_status,prompt,is_single_no_answer
200769,проблемы с распознаванием,угроза оттока не подтверждена,,"bot: Добрый день! Компания t2, меня зовут Ольга. Звоню по корпоративному договору, меня хорошо слышно?; human: что вы хотели из какой организации как на точно называется; bot: Компания ""t2"", ваш сотовый оператор. Ранее вы нас знали как ""Теле2"".; bot: Дело в том, что мы заметили снижение трафика по вашему контракту.; bot: Подскажите, пожалуйста, планируете ли вы пользоваться нашими услугами дальше?; bot: Алло?; bot: Вас не слышно; bot: Извините, что-то со связью, повторите, пожалуйста.; bot: Какие-то проблемы со связью. Всего вам доброго, до свидания!",54,200 OK,"hello_main, hello_repeat, clarification_main, clarification_main_tail, clarification_null_1, clarification_null_2, clarification_null_3, bad_connection_hangup",True
234559,сброс на предложении,угроза оттока не определена,,"bot: Добрый день! Меня зовут Ольга, корпоративный отдел компании t2. Вам удобно сейчас минуту уделить?; human: все набери пожалуйста да как; bot: У меня один короткий вопрос по вашему договору. Мм…; bot: Дело в том, что мы заметили снижение трафика по вашему контракту.; bot: Подскажите, пожалуйста, планируете ли вы пользоваться нашими услугами дальше?; bot: Алло?",26,200 OK,"hello_main, hello_default, clarification_main, clarification_main_tail, clarification_null_1",True
234992,проблемы с распознаванием,угроза оттока не подтверждена,,"bot: Добрый день! Компания t2, меня зовут Ольга. Звоню по корпоративному договору, меня хорошо слышно?; human: да слушаю; bot: Отлично!; bot: Дело в том, что мы заметили снижение трафика по вашему контракту.; bot: Подскажите, пожалуйста, планируете ли вы пользоваться нашими услугами дальше?; bot: Алло?; bot: Вас не слышно; bot: Извините, что-то со связью, повторите, пожалуйста.; bot: Какие-то проблемы со связью. Всего вам доброго, до свидания!",48,200 OK,"hello_main, hello_thanks, clarification_main, clarification_main_tail, clarification_null_1, clarification_null_2, clarification_null_3, bad_connection_hangup",True
235752,сброс на предложении,угроза оттока не определена,,"bot: Добрый день! Компания t2, меня зовут Ольга. Звоню по корпоративному договору, меня хорошо слышно?; human: сейчас; bot: У меня один короткий вопрос по вашему договору. Мм…; bot: Дело в том, что мы заметили снижение трафика по вашему контракту.; bot: Подскажите, пожалуйста, планируете ли вы пользоваться нашими услугами дальше?; bot: Алло?",29,200 OK,"hello_main, hello_default, clarification_main, clarification_main_tail, clarification_null_1",True
237325,проблемы с распознаванием,угроза оттока не подтверждена,,"bot: Добрый день! Это компания t2, корпоративный отдел, Ольга. Минуту уделите, пожалуйста?; human: добрый день; bot: Отлично!; bot: Дело в том, что мы заметили снижение трафика по вашему контракту.; bot: Подскажите, пожалуйста, планируете ли вы пользоваться нашими услугами дальше?; bot: Алло?; bot: Вас не слышно; bot: Извините, что-то со связью, повторите, пожалуйста.; bot: Какие-то проблемы со связью. Всего вам доброго, до свидания!",49,200 OK,"hello_main, hello_thanks, clarification_main, clarification_main_tail, clarification_null_1, clarification_null_2, clarification_null_3, bad_connection_hangup",True
237751,проблемы с распознаванием,угроза оттока не подтверждена,,"bot: Добрый день! Меня зовут Ольга, корпоративный отдел компании t2. Вам удобно сейчас минуту уделить?; human: говорите подождите вы номером не ошиблись; bot: Отлично!; bot: Дело в том, что мы заметили снижение трафика по вашему контракту.; bot: Подскажите, пожалуйста, планируете ли вы пользоваться нашими услугами дальше?; bot: Алло?; bot: Вас не слышно; bot: Извините, что-то со связью, повторите, пожалуйста.; bot: Какие-то проблемы со связью. Всего вам доброго, до свидания!",48,200 OK,"hello_main, hello_thanks, clarification_main, clarification_main_tail, clarification_null_1, clarification_null_2, clarification_null_3, bad_connection_hangup",True
245362,сброс на предложении,угроза оттока не определена,,"bot: Добрый день! Корпоративный отдел компании t2, меня зову Ольга. Меня слышно, да?; human: да; bot: Отлично!; bot: Дело в том, что мы заметили снижение трафика по вашему контракту.; bot: Подскажите, пожалуйста, планируете ли вы пользоваться нашими услугами дальше?",18,200 OK,"hello_main, hello_thanks, clarification_main, clarification_main_tail",True
258070,сброс на предложении,угроза оттока не определена,,"bot: Добрый день! Меня зовут Ольга, корпоративный отдел компании t2. Вам удобно сейчас минуту уделить?; bot: Алло, слышно меня?; bot: Аааллооо.; human: говорите; bot: Отлично!; bot: Дело в том, что мы заметили снижение трафика по вашему контракту.; bot: Подскажите, пожалуйста, планируете ли вы пользоваться нашими услугами дальше?",35,200 OK,"hello_main, hello_null_1, hello_null_2, hello_thanks, clarification_main, clarification_main_tail",True
261045,проблемы с распознаванием,угроза оттока не подтверждена,,"bot: Добрый день! Это компания t2, корпоративный отдел, Ольга. Минуту уделите, пожалуйста?; human: кто это; bot: Компания ""t2"", ваш сотовый оператор. Ранее вы нас знали как ""Теле2"".; bot: Дело в том, что мы заметили снижение трафика по вашему контракту.; bot: Подскажите, пожалуйста, планируете ли вы пользоваться нашими услугами дальше?; bot: Алло?; bot: Вас не слышно; bot: Извините, что-то со связью, повторите, пожалуйста.; bot: Какие-то проблемы со связью. Всего вам доброго, до свидания!",52,200 OK,"hello_main, hello_repeat, clarification_main, clarification_main_tail, clarification_null_1, clarification_null_2, clarification_null_3, bad_connection_hangup",True
261746,сброс на предложении,угроза оттока не определена,,"bot: Добрый день! Это компания t2, корпоративный отдел, Ольга. Минуту уделите, пожалуйста?; human: что; bot: Компания ""t2"", ваш сотовый оператор. Ранее вы нас знали как ""Теле2"".; bot: Дело в том, что мы заметили снижение трафика по вашему контракту.; bot: Подскажите, пожалуйста, планируете ли вы пользоваться нашими услугами дальше?",23,200 OK,"hello_main, hello_repeat, clarification_main, clarification_main_tail",True
262731,сброс на предложении,угроза оттока не определена,,"bot: Добрый день! Меня зовут Ольга, корпоративный отдел компании t2. Вам удобно сейчас минуту уделить?; human: сейчас никого нет сможет вам переговорить; bot: У меня короткий вопрос по вашему договору, буквально минута.; bot: Дело в том, что мы заметили снижение трафика по вашему контракту.; bot: Подскажите, пожалуйста, планируете ли вы пользоваться нашими услугами дальше?; bot: Алло?",33,200 OK,"hello_main, hello_wrong_time, clarification_main, clarification_main_tail, clarification_null_1",True
262883,проблемы с распознаванием,угроза оттока не подтверждена,,"bot: Добрый день! Меня зовут Ольга, корпоративный отдел компании t2. Вам удобно сейчас минуту уделить?; human: слушаю; bot: Отлично!; bot: Дело в том, что мы заметили снижение трафика по вашему контракту.; bot: Подскажите, пожалуйста, планируете ли вы пользоваться нашими услугами дальше?; bot: Алло?; bot: Вас не слышно; bot: Извините, что-то со связью, повторите, пожалуйста.; bot: Какие-то проблемы со связью. Всего вам доброго, до свидания!",49,200 OK,"hello_main, hello_thanks, clarification_main, clarification_main_tail, clarification_null_1, clarification_null_2, clarification_null_3, bad_connection_hangup",True
264316,проблемы с распознаванием,угроза оттока не подтверждена,,"bot: Добрый день! Это компания t2, корпоративный отдел, Ольга. Минуту уделите, пожалуйста?; human: да а можете чуть подробнее пожалуйста; bot: Отлично!; bot: Дело в том, что мы заметили снижение трафика по вашему контракту.; bot: Подскажите, пожалуйста, планируете ли вы пользоваться нашими услугами дальше?; bot: Алло?; bot: Вас не слышно; bot: Извините, что-то со связью, повторите, пожалуйста.; bot: Какие-то проблемы со связью. Всего вам доброго, до свидания!",46,200 OK,"hello_main, hello_thanks, clarification_main, clarification_main_tail, clarification_null_1, clarification_null_2, clarification_null_3, bad_connection_hangup",True
266071,проблемы с распознаванием,угроза оттока не подтверждена,,"bot: Добрый день! Меня зовут Ольга, корпоративный отдел компании t2. Вам удобно сейчас минуту уделить?; human: честно говоря я вас не расслышал я с кем разговариваю; bot: Компания ""t2"", ваш сотовый оператор. Ранее вы нас знали как ""Теле2"".; bot: Дело в том, что мы заметили снижение трафика по вашему контракту.; bot: Подскажите, пожалуйста, планируете ли вы пользоваться нашими услугами дальше?; bot: Алло?; bot: Вас не слышно; bot: Извините, что-то со связью, повторите, пожалуйста.; bot: Какие-то проблемы со связью. Всего вам доброго, до свидания!",53,200 OK,"hello_main, hello_repeat, clarification_main, clarification_main_tail, clarification_null_1, clarification_null_2, clarification_null_3, bad_connection_hangup",True
283336,проблемы с распознаванием,угроза оттока не подтверждена,,"bot: Добрый день! Корпоративный отдел компании t2, меня зову Ольга. Меня слышно, да?; human: здравствуйте; bot: Отлично!; bot: Дело в том, что мы заметили снижение трафика по вашему контракту.; bot: Подскажите, пожалуйста, планируете ли вы пользоваться нашими услугами дальше?; bot: Алло?; bot: Вас не слышно; bot: Извините, что-то со связью, повторите, пожалуйста.; bot: Какие-то проблемы со связью. Всего вам доброго, до свидания!",49,200 OK,"hello_main, hello_thanks, clarification_main, clarification_main_tail, clarification_null_1, clarification_null_2, clarification_null_3, bad_connection_hangup",True
395460,сброс на предложении,угроза оттока не определена,,"bot: Добрый день! Меня зовут Ольга, корпоративный отдел компании t2. Вам удобно сейчас минуту уделить?; human: слушаю; bot: Отлично!; bot: Дело в том, что мы заметили снижение трафика по вашему контракту.; bot: Подскажите, пожалуйста, планируете ли вы пользоваться нашими услугами дальше?",18,200 OK,"hello_main, hello_thanks, clarification_main, clarification_main_tail",True
397125,проблемы с распознаванием,угроза оттока не подтверждена,,"bot: Добрый день! Меня зовут Ольга, корпоративный отдел компании t2. Вам удобно сейчас минуту уделить?; human: хорошо скажите а вы с какой целью звоните честно я вас не расслышала а я с кем разговариваю; bot: Компания ""t2"", ваш сотовый оператор. Ранее вы нас знали как ""Теле2"".; bot: Дело в том, что мы заметили снижение трафика по вашему контракту.; bot: Подскажите, пожалуйста, планируете ли вы пользоваться нашими услугами дальше?; bot: Алло?; bot: Вас не слышно; bot: Извините, что-то со связью, повторите, пожалуйста.; bot: Какие-то проблемы со связью. Всего вам доброго, до свидания!",53,200 OK,"hello_main, hello_repeat, clarification_main, clarification_main_tail, clarification_null_1, clarification_null_2, clarification_null_3, bad_connection_hangup",True
397655,сброс на предложении,угроза оттока не определена,,"bot: Добрый день! Меня зовут Ольга, корпоративный отдел компании t2. Вам удобно сейчас минуту уделить?; human: нет; bot: У меня короткий вопрос по вашему договору, буквально минута.; bot: Дело в том, что мы заметили снижение трафика по вашему контракту.; bot: Подскажите, пожалуйста, планируете ли вы пользоваться нашими услугами дальше?",18,200 OK,"hello_main, hello_wrong_time, clarification_main, clarification_main_tail",True
430666,сброс на предложении,угроза оттока не определена,,"bot: Добрый день! Это компания t2, корпоративный отдел, Ольга. Минуту уделите, пожалуйста?; human: девушка е слушаю; bot: Отлично!; bot: Дело в том, что мы заметили снижение трафика по вашему контракту.; bot: Подскажите, пожалуйста, планируете ли вы пользоваться нашими услугами дальше?",16,200 OK,"hello_main, hello_thanks, clarification_main, clarification_main_tail",True
565814,сброс на предложении,угроза оттока не определена,,"bot: Добрый день! Корпоративный отдел компании t2, меня зову Ольга. Меня слышно, да?; human: да что вы хотите; bot: У меня короткий вопрос по вашему договору, буквально минута.; bot: Дело в том, что мы заметили снижение трафика по вашему контракту.; bot: Подскажите, пожалуйста, планируете ли вы пользоваться нашими услугами дальше?",23,200 OK,"hello_main, hello_wrong_time, clarification_main, clarification_main_tail",True
829163,проблемы с распознаванием,угроза оттока не подтверждена,,"bot: Добрый день! Компания t2, меня зовут Ольга. Звоню по корпоративному договору, меня хорошо слышно?; human: говорите говорите; bot: Отлично!; bot: Дело в том, что мы заметили снижение трафика по вашему контракту.; bot: Подскажите, пожалуйста, планируете ли вы пользоваться нашими услугами дальше?; bot: Алло?; bot: Вас не слышно; bot: Извините, что-то со связью, повторите, пожалуйста.; bot: Какие-то проблемы со связью. Всего вам доброго, до свидания!",48,200 OK,"hello_main, hello_thanks, clarification_main, clarification_main_tail, clarification_null_1, clarification_null_2, clarification_null_3, bad_connection_hangup",True
844741,проблемы с распознаванием,угроза оттока не подтверждена,,"bot: Добрый день! Меня зовут Ольга, корпоративный отдел компании t2. Вам удобно сейчас минуту уделить?; human: как хорошо чтобы час позвонили потом я буду занята уже не отвечу; bot: У меня короткий вопрос по вашему договору, буквально минута.; bot: Дело в том, что мы заметили снижение трафика по вашему контракту.; bot: Подскажите, пожалуйста, планируете ли вы пользоваться нашими услугами дальше?; bot: Алло?; bot: Вас не слышно; bot: Извините, что-то со связью, повторите, пожалуйста.; bot: Какие-то проблемы со связью. Всего вам доброго, до свидания!",48,200 OK,"hello_main, hello_wrong_time, clarification_main, clarification_main_tail, clarification_null_1, clarification_null_2, clarification_null_3, bad_connection_hangup",True
1016079,проблемы с распознаванием,угроза оттока не подтверждена,,"bot: Добрый день! Компания t2, меня зовут Ольга. Звоню по корпоративному договору, меня хорошо слышно?; human: слушаю вас; bot: Отлично!; bot: Дело в том, что мы заметили снижение трафика по вашему контракту.; bot: Подскажите, пожалуйста, планируете ли вы пользоваться нашими услугами дальше?; bot: Алло?; bot: Вас не слышно; bot: Извините, что-то со связью, повторите, пожалуйста.; bot: Какие-то проблемы со связью. Всего вам доброго, до свидания!",48,200 OK,"hello_main, hello_thanks, clarification_main, clarification_main_tail, clarification_null_1, clarification_null_2, clarification_null_3, bad_connection_hangup",True
1033674,проблемы с распознаванием,угроза оттока не подтверждена,,"bot: Добрый день! Это компания t2, корпоративный отдел, Ольга. Минуту уделите, пожалуйста?; human: вы меня извините что вас интересует; bot: У меня короткий вопрос по вашему договору, буквально минута.; bot: Дело в том, что мы заметили снижение трафика по вашему контракту.; bot: Подскажите, пожалуйста, планируете ли вы пользоваться нашими услугами дальше?; bot: Алло?; bot: Вас не слышно; bot: Извините, что-то со связью, повторите, пожалуйста.; bot: Какие-то проблемы со связью. Всего вам доброго, до свидания!",49,200 OK,"hello_main, hello_wrong_time, clarification_main, clarification_main_tail, clarification_null_1, clarification_null_2, clarification_null_3, bad_connection_hangup",True
1049199,проблемы с распознаванием,угроза оттока не подтверждена,,"bot: Добрый день! Компания t2, меня зовут Ольга. Звоню по корпоративному договору, меня хорошо слышно?; bot: Алло, слышно меня?; bot: Аааллооо.; human: алло я тут что такое; bot: У меня короткий вопрос по вашему договору, буквально минута.; bot: Дело в том, что мы заметили снижение трафика по вашему контракту.; bot: Подскажите, пожалуйста, планируете ли вы пользоваться нашими услугами дальше?; bot: Алло?; bot: Вас не слышно; bot: Извините, что-то со связью, повторите, пожалуйста.; bot: Какие-то проблемы со связью. Всего вам доброго, до свидания!",69,200 OK,"hello_main, hello_null_1, hello_null_2, hello_wrong_time, clarification_main, clarification_main_tail, clarification_null_1, clarification_null_2, clarification_null_3, bad_connection_hangup",True
1111876,проблемы с распознаванием,угроза оттока не подтверждена,,"bot: Добрый день! Меня зовут Ольга, корпоративный отдел компании t2. Вам удобно сейчас минуту уделить?; human: говорите; bot: Отлично!; bot: Дело в том, что мы заметили снижение трафика по вашему контракту.; bot: Подскажите, пожалуйста, планируете ли вы пользоваться нашими услугами дальше?; bot: Алло?; bot: Вас не слышно; bot: Извините, что-то со связью, повторите, пожалуйста.; bot: Какие-то проблемы со связью. Всего вам доброго, до свидания!",47,200 OK,"hello_main, hello_thanks, clarification_main, clarification_main_tail, clarification_null_1, clarification_null_2, clarification_null_3, bad_connection_hangup",True
1113286,проблемы с распознаванием,угроза оттока не подтверждена,,"bot: Добрый день! Это компания t2, корпоративный отдел, Ольга. Минуту уделите, пожалуйста?; human: слушаю вас; bot: Отлично!; bot: Дело в том, что мы заметили снижение трафика по вашему контракту.; bot: Подскажите, пожалуйста, планируете ли вы пользоваться нашими услугами дальше?; bot: Алло?; bot: Вас не слышно; bot: Извините, что-то со связью, повторите, пожалуйста.; bot: Какие-то проблемы со связью. Всего вам доброго, до свидания!",56,200 OK,"hello_main, hello_thanks, clarification_main, clarification_main_tail, clarification_null_1, clarification_null_2, clarification_null_3, bad_connection_hangup",True
1176209,проблемы с распознаванием,угроза оттока не подтверждена,,"bot: Добрый день! Компания t2, меня зовут Ольга. Звоню по корпоративному договору, меня хорошо слышно?; human: добрый день слушаю васс ой а вы мне до этого не звонили голос у вас какой то знакомый; bot: Отлично!; bot: Дело в том, что мы заметили снижение трафика по вашему контракту.; bot: Подскажите, пожалуйста, планируете ли вы пользоваться нашими услугами дальше?; bot: Алло?; bot: Вас не слышно; bot: Извините, что-то со связью, повторите, пожалуйста.; bot: Какие-то проблемы со связью. Всего вам доброго, до свидания!",48,200 OK,"hello_main, hello_thanks, clarification_main, clarification_main_tail, clarification_null_1, clarification_null_2, clarification_null_3, bad_connection_hangup",True
1202906,проблемы с распознаванием,угроза оттока не подтверждена,,"bot: Добрый день! Меня зовут Ольга, корпоративный отдел компании t2. Вам удобно сейчас минуту уделить?; bot: Алло, слышно меня?; human: занят на автоответчик; bot: У меня короткий вопрос по вашему договору, буквально минута.; bot: Дело в том, что мы заметили снижение трафика по вашему контракту.; bot: Подскажите, пожалуйста, планируете ли вы пользоваться нашими услугами дальше?; bot: Алло?; bot: Вас не слышно; bot: Извините, что-то со связью, повторите, пожалуйста.; bot: Какие-то проблемы со связью. Всего вам доброго, до свидания!",53,200 OK,"hello_main, hello_null_1, hello_wrong_time, clarification_main, clarification_main_tail, clarification_null_1, clarification_null_2, clarification_null_3, bad_connection_hangup",True
1239481,проблемы с распознаванием,угроза оттока не подтверждена,,"bot: Добрый день! Меня зовут Ольга, корпоративный отдел компании t2. Вам удобно сейчас минуту уделить?; human: м кажется что то подобное мне рассказывали только я не все понял; bot: У меня один короткий вопрос по вашему договору. Мм…; bot: Дело в том, что мы заметили снижение трафика по вашему контракту.; bot: Подскажите, пожалуйста, планируете ли вы пользоваться нашими услугами дальше?; bot: Алло?; bot: Вас не слышно; bot: Извините, что-то со связью, повторите, пожалуйста.; bot: Какие-то проблемы со связью. Всего вам доброго, до свидания!",50,200 OK,"hello_main, hello_default, clarification_main, clarification_main_tail, clarification_null_1, clarification_null_2, clarification_null_3, bad_connection_hangup",True
1241168,сброс на предложении,угроза оттока не определена,,"bot: Добрый день! Компания t2, меня зовут Ольга. Звоню по корпоративному договору, меня хорошо слышно?; human: ольга вы нам каждый месяц звоните у нас все хошои по вашему договору во сколько выбираем услуг только увеличивать отказываться все хорошо все стабильно; bot: Вы нашим корпоративным клиентом являетесь, и я с коротким вопросом. По мобильной связи t2.; bot: Дело в том, что мы заметили снижение трафика по вашему контракту.; bot: Подскажите, пожалуйста, планируете ли вы пользоваться нашими услугами дальше?",32,200 OK,"hello_main, hello_dont_change, clarification_main, clarification_main_tail",True
1246268,проблемы с распознаванием,угроза оттока не подтверждена,,"bot: Добрый день! Компания t2, меня зовут Ольга. Звоню по корпоративному договору, меня хорошо слышно?; human: слушаю; bot: Отлично!; bot: Дело в том, что мы заметили снижение трафика по вашему контракту.; bot: Подскажите, пожалуйста, планируете ли вы пользоваться нашими услугами дальше?; bot: Алло?; bot: Вас не слышно; bot: Извините, что-то со связью, повторите, пожалуйста.; bot: Какие-то проблемы со связью. Всего вам доброго, до свидания!",50,200 OK,"hello_main, hello_thanks, clarification_main, clarification_main_tail, clarification_null_1, clarification_null_2, clarification_null_3, bad_connection_hangup",True
1252870,сброс на предложении,угроза оттока не определена,,"bot: Добрый день! Корпоративный отдел компании t2, меня зову Ольга. Меня слышно, да?; human: слушаю вас; bot: Отлично!; bot: Дело в том, что мы заметили снижение трафика по вашему контракту.; bot: Подскажите, пожалуйста, планируете ли вы пользоваться нашими услугами дальше?",17,200 OK,"hello_main, hello_thanks, clarification_main, clarification_main_tail",True
1259166,сброс на предложении,угроза оттока не определена,,"bot: Добрый день! Корпоративный отдел компании t2, меня зову Ольга. Меня слышно, да?; human: здравствуйте да; bot: Отлично!; bot: Дело в том, что мы заметили снижение трафика по вашему контракту.; bot: Подскажите, пожалуйста, планируете ли вы пользоваться нашими услугами дальше?",20,200 OK,"hello_main, hello_thanks, clarification_main, clarification_main_tail",True
1285362,сброс на предложении,угроза оттока не определена,,"bot: Добрый день! Компания t2, меня зовут Ольга. Звоню по корпоративному договору, меня хорошо слышно?; human: здравствуйте; bot: Отлично!; bot: Дело в том, что мы заметили снижение трафика по вашему контракту.; bot: Подскажите, пожалуйста, планируете ли вы пользоваться нашими услугами дальше?",18,200 OK,"hello_main, hello_thanks, clarification_main, clarification_main_tail",True
1285516,сброс на предложении,угроза оттока не определена,,"bot: Добрый день! Меня зовут Ольга, корпоративный отдел компании t2. Вам удобно сейчас минуту уделить?; human: орли гнедой; bot: У меня один короткий вопрос по вашему договору. Мм…; bot: Дело в том, что мы заметили снижение трафика по вашему контракту.; bot: Подскажите, пожалуйста, планируете ли вы пользоваться нашими услугами дальше?",20,200 OK,"hello_main, hello_default, clarification_main, clarification_main_tail",True
1289807,проблемы с распознаванием,угроза оттока не подтверждена,,"bot: Добрый день! Корпоративный отдел компании t2, меня зову Ольга. Меня слышно, да?; human: добрый день скажи пожалуйста; bot: Отлично!; bot: Дело в том, что мы заметили снижение трафика по вашему контракту.; bot: Подскажите, пожалуйста, планируете ли вы пользоваться нашими услугами дальше?; bot: Алло?; bot: Вас не слышно; bot: Извините, что-то со связью, повторите, пожалуйста.; bot: Какие-то проблемы со связью. Всего вам доброго, до свидания!",46,200 OK,"hello_main, hello_thanks, clarification_main, clarification_main_tail, clarification_null_1, clarification_null_2, clarification_null_3, bad_connection_hangup",True
1295112,сброс на предложении,угроза оттока не определена,,"bot: Добрый день! Корпоративный отдел компании t2, меня зову Ольга. Меня слышно, да?; human: да слушаю да слушаю; bot: Отлично!; bot: Дело в том, что мы заметили снижение трафика по вашему контракту.; bot: Подскажите, пожалуйста, планируете ли вы пользоваться нашими услугами дальше?",18,200 OK,"hello_main, hello_thanks, clarification_main, clarification_main_tail",True
1295615,сброс на предложении,угроза оттока не определена,,"bot: Добрый день! Это компания t2, корпоративный отдел, Ольга. Минуту уделите, пожалуйста?; human: слушаю; bot: Отлично!; bot: Дело в том, что мы заметили снижение трафика по вашему контракту.; bot: Подскажите, пожалуйста, планируете ли вы пользоваться нашими услугами дальше?; bot: Алло?",27,200 OK,"hello_main, hello_thanks, clarification_main, clarification_main_tail, clarification_null_1",True
1334165,проблемы с распознаванием,угроза оттока не подтверждена,,"bot: Добрый день! Корпоративный отдел компании t2, меня зову Ольга. Меня слышно, да?; human: внимательно слушаю; bot: Отлично!; bot: Дело в том, что мы заметили снижение трафика по вашему контракту.; bot: Подскажите, пожалуйста, планируете ли вы пользоваться нашими услугами дальше?; bot: Алло?; bot: Вас не слышно; bot: Извините, что-то со связью, повторите, пожалуйста.; bot: Какие-то проблемы со связью. Всего вам доброго, до свидания!",47,200 OK,"hello_main, hello_thanks, clarification_main, clarification_main_tail, clarification_null_1, clarification_null_2, clarification_null_3, bad_connection_hangup",True
1342003,проблемы с распознаванием,угроза оттока не подтверждена,,"bot: Добрый день! Это компания t2, корпоративный отдел, Ольга. Минуту уделите, пожалуйста?; human: слышно говорите; bot: Отлично!; bot: Дело в том, что мы заметили снижение трафика по вашему контракту.; bot: Подскажите, пожалуйста, планируете ли вы пользоваться нашими услугами дальше?; bot: Алло?; bot: Вас не слышно; bot: Извините, что-то со связью, повторите, пожалуйста.; bot: Какие-то проблемы со связью. Всего вам доброго, до свидания!",52,200 OK,"hello_main, hello_thanks, clarification_main, clarification_main_tail, clarification_null_1, clarification_null_2, clarification_null_3, bad_connection_hangup",True
1346584,проблемы с распознаванием,угроза оттока не подтверждена,,"bot: Добрый день! Корпоративный отдел компании t2, меня зову Ольга. Меня слышно, да?; human: вы очень вовремя мне а я с п темой как раз на; bot: У меня один короткий вопрос по вашему договору. Мм…; bot: Дело в том, что мы заметили снижение трафика по вашему контракту.; bot: Подскажите, пожалуйста, планируете ли вы пользоваться нашими услугами дальше?; bot: Алло?; bot: Вас не слышно; bot: Извините, что-то со связью, повторите, пожалуйста.; bot: Какие-то проблемы со связью. Всего вам доброго, до свидания!",51,200 OK,"hello_main, hello_default, clarification_main, clarification_main_tail, clarification_null_1, clarification_null_2, clarification_null_3, bad_connection_hangup",True
1358171,сброс на предложении,угроза оттока не определена,,"bot: Добрый день! Корпоративный отдел компании t2, меня зову Ольга. Меня слышно, да?; human: говорите кто вы; bot: Компания ""t2"", ваш сотовый оператор. Ранее вы нас знали как ""Теле2"".; bot: Дело в том, что мы заметили снижение трафика по вашему контракту.; bot: Подскажите, пожалуйста, планируете ли вы пользоваться нашими услугами дальше?",22,200 OK,"hello_main, hello_repeat, clarification_main, clarification_main_tail",True
1365815,проблемы с распознаванием,угроза оттока не подтверждена,,"bot: Добрый день! Меня зовут Ольга, корпоративный отдел компании t2. Вам удобно сейчас минуту уделить?; human: да; bot: Отлично!; bot: Дело в том, что мы заметили снижение трафика по вашему контракту.; bot: Подскажите, пожалуйста, планируете ли вы пользоваться нашими услугами дальше?; bot: Алло?; bot: Вас не слышно; bot: Извините, что-то со связью, повторите, пожалуйста.; bot: Какие-то проблемы со связью. Всего вам доброго, до свидания!",48,200 OK,"hello_main, hello_thanks, clarification_main, clarification_main_tail, clarification_null_1, clarification_null_2, clarification_null_3, bad_connection_hangup",True
1378123,сброс на предложении,угроза оттока не определена,,"bot: Добрый день! Корпоративный отдел компании t2, меня зову Ольга. Меня слышно, да?; human: какой вопрос; bot: У меня короткий вопрос по вашему договору, буквально минута.; bot: Дело в том, что мы заметили снижение трафика по вашему контракту.; bot: Подскажите, пожалуйста, планируете ли вы пользоваться нашими услугами дальше?",21,200 OK,"hello_main, hello_wrong_time, clarification_main, clarification_main_tail",True
1465166,сброс на предложении,угроза оттока не определена,,"bot: Добрый день! Компания t2, меня зовут Ольга. Звоню по корпоративному договору, меня хорошо слышно?; human: здравствуйте что хотели; bot: У меня короткий вопрос по вашему договору, буквально минута.; bot: Дело в том, что мы заметили снижение трафика по вашему контракту.; bot: Подскажите, пожалуйста, планируете ли вы пользоваться нашими услугами дальше?",25,200 OK,"hello_main, hello_wrong_time, clarification_main, clarification_main_tail",True
1498797,сброс на предложении,угроза оттока не определена,,"bot: Добрый день! Компания t2, меня зовут Ольга. Звоню по корпоративному договору, меня хорошо слышно?; human: да; bot: Отлично!; bot: Дело в том, что мы заметили снижение трафика по вашему контракту.; bot: Подскажите, пожалуйста, планируете ли вы пользоваться нашими услугами дальше?",24,200 OK,"hello_main, hello_thanks, clarification_main, clarification_main_tail",True
1515605,сброс на предложении,угроза оттока не определена,,"bot: Добрый день! Это компания t2, корпоративный отдел, Ольга. Минуту уделите, пожалуйста?; human: некогда перезвоните через часика 3; bot: У меня короткий вопрос по вашему договору, буквально минута.; bot: Дело в том, что мы заметили снижение трафика по вашему контракту.; bot: Подскажите, пожалуйста, планируете ли вы пользоваться нашими услугами дальше?",22,200 OK,"hello_main, hello_wrong_time, clarification_main, clarification_main_tail",True
1516915,проблемы с распознаванием,угроза оттока не подтверждена,,"bot: Добрый день! Компания t2, меня зовут Ольга. Звоню по корпоративному договору, меня хорошо слышно?; human: здравствуйте; bot: Отлично!; bot: Дело в том, что мы заметили снижение трафика по вашему контракту.; bot: Подскажите, пожалуйста, планируете ли вы пользоваться нашими услугами дальше?; bot: Алло?; bot: Вас не слышно; bot: Извините, что-то со связью, повторите, пожалуйста.; bot: Какие-то проблемы со связью. Всего вам доброго, до свидания!",53,200 OK,"hello_main, hello_thanks, clarification_main, clarification_main_tail, clarification_null_1, clarification_null_2, clarification_null_3, bad_connection_hangup",True
1517700,сброс на предложении,угроза оттока не определена,,"bot: Добрый день! Меня зовут Ольга, корпоративный отдел компании t2. Вам удобно сейчас минуту уделить?; human: пожалуйста подождите; bot: У меня один короткий вопрос по вашему договору. Мм…; bot: Дело в том, что мы заметили снижение трафика по вашему контракту.; bot: Подскажите, пожалуйста, планируете ли вы пользоваться нашими услугами дальше?; bot: Алло?",30,200 OK,"hello_main, hello_default, clarification_main, clarification_main_tail, clarification_null_1",True
1519546,проблемы с распознаванием,угроза оттока не подтверждена,,"bot: Добрый день! Корпоративный отдел компании t2, меня зову Ольга. Меня слышно, да?; human: мне опять звоните; bot: У меня один короткий вопрос по вашему договору. Мм…; bot: Дело в том, что мы заметили снижение трафика по вашему контракту.; bot: Подскажите, пожалуйста, планируете ли вы пользоваться нашими услугами дальше?; bot: Алло?; bot: Вас не слышно; bot: Извините, что-то со связью, повторите, пожалуйста.; bot: Какие-то проблемы со связью. Всего вам доброго, до свидания!",53,200 OK,"hello_main, hello_default, clarification_main, clarification_main_tail, clarification_null_1, clarification_null_2, clarification_null_3, bad_connection_hangup",True
1521418,проблемы с распознаванием,угроза оттока не подтверждена,,"bot: Добрый день! Меня зовут Ольга, корпоративный отдел компании t2. Вам удобно сейчас минуту уделить?; bot: Алло, слышно меня?; bot: Аааллооо.; human: в чем дело; bot: У меня короткий вопрос по вашему договору, буквально минута.; bot: Дело в том, что мы заметили снижение трафика по вашему контракту.; bot: Подскажите, пожалуйста, планируете ли вы пользоваться нашими услугами дальше?; bot: Алло?; bot: Вас не слышно; bot: Извините, что-то со связью, повторите, пожалуйста.; bot: Какие-то проблемы со связью. Всего вам доброго, до свидания!",68,200 OK,"hello_main, hello_null_1, hello_null_2, hello_wrong_time, clarification_main, clarification_main_tail, clarification_null_1, clarification_null_2, clarification_null_3, bad_connection_hangup",True
1523528,сброс на предложении,угроза оттока не определена,,"bot: Добрый день! Корпоративный отдел компании t2, меня зову Ольга. Меня слышно, да?; human: слушаю вас; bot: Отлично!; bot: Дело в том, что мы заметили снижение трафика по вашему контракту.; bot: Подскажите, пожалуйста, планируете ли вы пользоваться нашими услугами дальше?; bot: Алло?",39,200 OK,"hello_main, hello_thanks, clarification_main, clarification_main_tail, clarification_null_1",True
1524316,сброс на предложении,угроза оттока не определена,,"bot: Добрый день! Корпоративный отдел компании t2, меня зову Ольга. Меня слышно, да?; human: да; bot: Отлично!; bot: Дело в том, что мы заметили снижение трафика по вашему контракту.; bot: Подскажите, пожалуйста, планируете ли вы пользоваться нашими услугами дальше?",14,200 OK,"hello_main, hello_thanks, clarification_main, clarification_main_tail",True
1524810,проблемы с распознаванием,угроза оттока не подтверждена,,"bot: Добрый день! Это Ольга из компании t2. Мы с вами созванивались уже, но разговор прервался. Удобно сейчас?; human: подождите с кем вы компания т 2 с кем вы разговаривали конкретно; bot: У меня один короткий вопрос по вашему договору. Мм…; bot: Дело в том, что мы заметили снижение трафика по вашему контракту.; bot: Подскажите, пожалуйста, планируете ли вы пользоваться нашими услугами дальше?; bot: Алло?; bot: Вас не слышно; bot: Извините, что-то со связью, повторите, пожалуйста.; bot: Какие-то проблемы со связью. Всего вам доброго, до свидания!",62,200 OK,"hello_main_recall, hello_default, clarification_main, clarification_main_tail, clarification_null_1, clarification_null_2, clarification_null_3, bad_connection_hangup",True
1525719,сброс на предложении,угроза оттока не определена,,"bot: Добрый день! Меня зовут Ольга, корпоративный отдел компании t2. Вам удобно сейчас минуту уделить?; human: а что это за отдел; bot: У меня один короткий вопрос по вашему договору. Мм…; bot: Дело в том, что мы заметили снижение трафика по вашему контракту.; bot: Подскажите, пожалуйста, планируете ли вы пользоваться нашими услугами дальше?; bot: Алло?; bot: Вас не слышно",36,200 OK,"hello_main, hello_default, clarification_main, clarification_main_tail, clarification_null_1, clarification_null_2",True
1570666,проблемы с распознаванием,угроза оттока не подтверждена,,"bot: Добрый день! Это компания t2, корпоративный отдел, Ольга. Минуту уделите, пожалуйста?; human: да это говорите что вы хотели; bot: У меня короткий вопрос по вашему договору, буквально минута.; bot: Дело в том, что мы заметили снижение трафика по вашему контракту.; bot: Подскажите, пожалуйста, планируете ли вы пользоваться нашими услугами дальше?; bot: Алло?; bot: Вас не слышно; bot: Извините, что-то со связью, повторите, пожалуйста.; bot: Какие-то проблемы со связью. Всего вам доброго, до свидания!",47,200 OK,"hello_main, hello_wrong_time, clarification_main, clarification_main_tail, clarification_null_1, clarification_null_2, clarification_null_3, bad_connection_hangup",True
1752801,сброс на предложении,угроза оттока не определена,,"bot: Добрый день! Меня зовут Ольга, корпоративный отдел компании t2. Вам удобно сейчас минуту уделить?; human: да; bot: Отлично!; bot: Дело в том, что мы заметили снижение трафика по вашему контракту.; bot: Подскажите, пожалуйста, планируете ли вы пользоваться нашими услугами дальше?",17,200 OK,"hello_main, hello_thanks, clarification_main, clarification_main_tail",True
1770519,проблемы с распознаванием,угроза оттока не подтверждена,,"bot: Добрый день! Компания t2, меня зовут Ольга. Звоню по корпоративному договору, меня хорошо слышно?; human: еще раз откуда вы; bot: Компания ""t2"", ваш сотовый оператор. Ранее вы нас знали как ""Теле2"".; bot: Дело в том, что мы заметили снижение трафика по вашему контракту.; bot: Подскажите, пожалуйста, планируете ли вы пользоваться нашими услугами дальше?; bot: Алло?; bot: Вас не слышно; bot: Извините, что-то со связью, повторите, пожалуйста.; bot: Какие-то проблемы со связью. Всего вам доброго, до свидания!",55,200 OK,"hello_main, hello_repeat, clarification_main, clarification_main_tail, clarification_null_1, clarification_null_2, clarification_null_3, bad_connection_hangup",True
1822868,проблемы с распознаванием,угроза оттока не подтверждена,,"bot: Добрый день! Меня зовут Ольга, корпоративный отдел компании t2. Вам удобно сейчас минуту уделить?; human: не дозвонились мне на телефон пожалуйста свяжитесь со мной через итель или телеграмм с удовольствием отвечу на ваш; bot: У меня один короткий вопрос по вашему договору. Мм…; bot: Дело в том, что мы заметили снижение трафика по вашему контракту.; bot: Подскажите, пожалуйста, планируете ли вы пользоваться нашими услугами дальше?; bot: Алло?; bot: Вас не слышно; bot: Извините, что-то со связью, повторите, пожалуйста.; bot: Какие-то проблемы со связью. Всего вам доброго, до свидания!",48,200 OK,"hello_main, hello_default, clarification_main, clarification_main_tail, clarification_null_1, clarification_null_2, clarification_null_3, bad_connection_hangup",True
1831864,проблемы с распознаванием,угроза оттока не подтверждена,,"bot: Добрый день! Компания t2, меня зовут Ольга. Звоню по корпоративному договору, меня хорошо слышно?; human: внимательно слушаю; bot: Отлично!; bot: Дело в том, что мы заметили снижение трафика по вашему контракту.; bot: Подскажите, пожалуйста, планируете ли вы пользоваться нашими услугами дальше?; bot: Алло?; bot: Вас не слышно; bot: Извините, что-то со связью, повторите, пожалуйста.; bot: Какие-то проблемы со связью. Всего вам доброго, до свидания!",48,200 OK,"hello_main, hello_thanks, clarification_main, clarification_main_tail, clarification_null_1, clarification_null_2, clarification_null_3, bad_connection_hangup",True
1838741,проблемы с распознаванием,угроза оттока не подтверждена,,"bot: Добрый день! Компания t2, меня зовут Ольга. Звоню по корпоративному договору, меня хорошо слышно?; human: слушаю; bot: Отлично!; bot: Дело в том, что мы заметили снижение трафика по вашему контракту.; bot: Подскажите, пожалуйста, планируете ли вы пользоваться нашими услугами дальше?; bot: Алло?; bot: Вас не слышно; bot: Извините, что-то со связью, повторите, пожалуйста.; bot: Какие-то проблемы со связью. Всего вам доброго, до свидания!",56,200 OK,"hello_main, hello_thanks, clarification_main, clarification_main_tail, clarification_null_1, clarification_null_2, clarification_null_3, bad_connection_hangup",True
1863125,проблемы с распознаванием,угроза оттока не подтверждена,,"bot: Добрый день! Корпоративный отдел компании t2, меня зову Ольга. Меня слышно, да?; human: приветствует группа компаний; bot: У меня один короткий вопрос по вашему договору. Мм…; bot: Дело в том, что мы заметили снижение трафика по вашему контракту.; bot: Подскажите, пожалуйста, планируете ли вы пользоваться нашими услугами дальше?; bot: Алло?; bot: Вас не слышно; bot: Извините, что-то со связью, повторите, пожалуйста.; bot: Какие-то проблемы со связью. Всего вам доброго, до свидания!",46,200 OK,"hello_main, hello_default, clarification_main, clarification_main_tail, clarification_null_1, clarification_null_2, clarification_null_3, bad_connection_hangup",True
1867366,проблемы с распознаванием,угроза оттока не подтверждена,,"bot: Добрый день! Компания t2, меня зовут Ольга. Звоню по корпоративному договору, меня хорошо слышно?; human: я слушаю; bot: Отлично!; bot: Дело в том, что мы заметили снижение трафика по вашему контракту.; bot: Подскажите, пожалуйста, планируете ли вы пользоваться нашими услугами дальше?; bot: Алло?; bot: Вас не слышно; bot: Извините, что-то со связью, повторите, пожалуйста.; bot: Какие-то проблемы со связью. Всего вам доброго, до свидания!",49,200 OK,"hello_main, hello_thanks, clarification_main, clarification_main_tail, clarification_null_1, clarification_null_2, clarification_null_3, bad_connection_hangup",True
1893550,проблемы с распознаванием,угроза оттока не подтверждена,,"bot: Добрый день! Корпоративный отдел компании t2, меня зову Ольга. Меня слышно, да?; human: послушаю откуда у вас мой номер; bot: Отлично!; bot: Дело в том, что мы заметили снижение трафика по вашему контракту.; bot: Подскажите, пожалуйста, планируете ли вы пользоваться нашими услугами дальше?; bot: Алло?; bot: Вас не слышно; bot: Извините, что-то со связью, повторите, пожалуйста.; bot: Какие-то проблемы со связью. Всего вам доброго, до свидания!",46,200 OK,"hello_main, hello_thanks, clarification_main, clarification_main_tail, clarification_null_1, clarification_null_2, clarification_null_3, bad_connection_hangup",True
1905563,проблемы с распознаванием,угроза оттока не подтверждена,,"bot: Добрый день! Это компания t2, корпоративный отдел, Ольга. Минуту уделите, пожалуйста?; human: слушаю у не до этого не звонили голос только знакомый; bot: Отлично!; bot: Дело в том, что мы заметили снижение трафика по вашему контракту.; bot: Подскажите, пожалуйста, планируете ли вы пользоваться нашими услугами дальше?; bot: Алло?; bot: Вас не слышно; bot: Извините, что-то со связью, повторите, пожалуйста.; bot: Какие-то проблемы со связью. Всего вам доброго, до свидания!",51,200 OK,"hello_main, hello_thanks, clarification_main, clarification_main_tail, clarification_null_1, clarification_null_2, clarification_null_3, bad_connection_hangup",True
2583933,сброс на предложении,угроза оттока не определена,,"bot: Добрый день! Корпоративный отдел компании t2, меня зову Ольга. Меня слышно, да?; bot: Алло, слышно меня?; human: день добрый; bot: У меня один короткий вопрос по вашему договору. Мм…; bot: Дело в том, что мы заметили снижение трафика по вашему контракту.; bot: Подскажите, пожалуйста, планируете ли вы пользоваться нашими услугами дальше?",27,200 OK,"hello_main, hello_null_1, hello_default, clarification_main, clarification_main_tail",True
2669194,сброс на предложении,угроза оттока не определена,,"bot: Добрый день! Это компания t2, корпоративный отдел, Ольга. Минуту уделите, пожалуйста?; human: алло да я слушаю вас внимательно; bot: Отлично!; bot: Дело в том, что мы заметили снижение трафика по вашему контракту.; bot: Подскажите, пожалуйста, планируете ли вы пользоваться нашими услугами дальше?",20,200 OK,"hello_main, hello_thanks, clarification_main, clarification_main_tail",True
3075333,сброс на предложении,угроза оттока не определена,,"bot: Добрый день! Компания t2, меня зовут Ольга. Звоню по корпоративному договору, меня хорошо слышно?; human: слушаю вас; bot: Отлично!; bot: Дело в том, что мы заметили снижение трафика по вашему контракту.; bot: Подскажите, пожалуйста, планируете ли вы пользоваться нашими услугами дальше?",24,200 OK,"hello_main, hello_thanks, clarification_main, clarification_main_tail",True
3112994,проблемы с распознаванием,угроза оттока не подтверждена,,"bot: Добрый день! Корпоративный отдел компании t2, меня зову Ольга. Меня слышно, да?; human: вас слышно говорите; bot: Отлично!; bot: Дело в том, что мы заметили снижение трафика по вашему контракту.; bot: Подскажите, пожалуйста, планируете ли вы пользоваться нашими услугами дальше?; bot: Алло?; bot: Вас не слышно; bot: Извините, что-то со связью, повторите, пожалуйста.; bot: Какие-то проблемы со связью. Всего вам доброго, до свидания!",48,200 OK,"hello_main, hello_thanks, clarification_main, clarification_main_tail, clarification_null_1, clarification_null_2, clarification_null_3, bad_connection_hangup",True
3166069,проблемы с распознаванием,угроза оттока не подтверждена,,"bot: Добрый день! Корпоративный отдел компании t2, меня зову Ольга. Меня слышно, да?; human: я слушаю; bot: Отлично!; bot: Дело в том, что мы заметили снижение трафика по вашему контракту.; bot: Подскажите, пожалуйста, планируете ли вы пользоваться нашими услугами дальше?; bot: Алло?; bot: Вас не слышно; bot: Извините, что-то со связью, повторите, пожалуйста.; bot: Какие-то проблемы со связью. Всего вам доброго, до свидания!",49,200 OK,"hello_main, hello_thanks, clarification_main, clarification_main_tail, clarification_null_1, clarification_null_2, clarification_null_3, bad_connection_hangup",True
3175952,сброс на предложении,угроза оттока не определена,,"bot: Добрый день! Это Ольга из компании t2. Мы с вами созванивались уже, но разговор прервался. Удобно сейчас?; human: не ну давайте; bot: Отлично!; bot: Дело в том, что мы заметили снижение трафика по вашему контракту.; bot: Подскажите, пожалуйста, планируете ли вы пользоваться нашими услугами дальше?; bot: Алло?",37,200 OK,"hello_main_recall, hello_thanks, clarification_main, clarification_main_tail, clarification_null_1",True
3183274,проблемы с распознаванием,угроза оттока не подтверждена,,"bot: Добрый день! Это компания t2, корпоративный отдел, Ольга. Минуту уделите, пожалуйста?; human: алло добрый день; bot: Отлично!; bot: Дело в том, что мы заметили снижение трафика по вашему контракту.; bot: Подскажите, пожалуйста, планируете ли вы пользоваться нашими услугами дальше?; bot: Алло?; bot: Вас не слышно; bot: Извините, что-то со связью, повторите, пожалуйста.; bot: Какие-то проблемы со связью. Всего вам доброго, до свидания!",47,200 OK,"hello_main, hello_thanks, clarification_main, clarification_main_tail, clarification_null_1, clarification_null_2, clarification_null_3, bad_connection_hangup",True
3220687,сброс на предложении,угроза оттока не определена,,"bot: Добрый день! Меня зовут Ольга, корпоративный отдел компании t2. Вам удобно сейчас минуту уделить?; human: что случилось; bot: У меня короткий вопрос по вашему договору, буквально минута.; bot: Дело в том, что мы заметили снижение трафика по вашему контракту.; bot: Подскажите, пожалуйста, планируете ли вы пользоваться нашими услугами дальше?",21,200 OK,"hello_main, hello_wrong_time, clarification_main, clarification_main_tail",True
3246520,сброс на предложении,угроза оттока не определена,,"bot: Добрый день! Компания t2, меня зовут Ольга. Звоню по корпоративному договору, меня хорошо слышно?; human: алло здравствуйте слышно; bot: Отлично!; bot: Дело в том, что мы заметили снижение трафика по вашему контракту.; bot: Подскажите, пожалуйста, планируете ли вы пользоваться нашими услугами дальше?",17,200 OK,"hello_main, hello_thanks, clarification_main, clarification_main_tail",True
3259410,сброс на предложении,угроза оттока не определена,,"bot: Добрый день! Это компания t2, корпоративный отдел, Ольга. Минуту уделите, пожалуйста?; bot: Алло, слышно меня?; human: говорите; bot: Отлично!; bot: Дело в том, что мы заметили снижение трафика по вашему контракту.; bot: Подскажите, пожалуйста, планируете ли вы пользоваться нашими услугами дальше?; bot: Алло?",32,200 OK,"hello_main, hello_null_1, hello_thanks, clarification_main, clarification_main_tail, clarification_null_1",True
3262212,сброс на предложении,угроза оттока не определена,,"bot: Добрый день! Компания t2, меня зовут Ольга. Звоню по корпоративному договору, меня хорошо слышно?; human: алло; bot: У меня один короткий вопрос по вашему договору. Мм…; bot: Дело в том, что мы заметили снижение трафика по вашему контракту.; bot: Подскажите, пожалуйста, планируете ли вы пользоваться нашими услугами дальше?",23,200 OK,"hello_main, hello_default, clarification_main, clarification_main_tail",True
3272579,сброс на предложении,угроза оттока не определена,,"bot: Добрый день! Компания t2, меня зовут Ольга. Звоню по корпоративному договору, меня хорошо слышно?; human: угу я говорите; bot: Отлично!; bot: Дело в том, что мы заметили снижение трафика по вашему контракту.; bot: Подскажите, пожалуйста, планируете ли вы пользоваться нашими услугами дальше?",18,200 OK,"hello_main, hello_thanks, clarification_main, clarification_main_tail",True
3274454,сброс на предложении,угроза оттока не определена,,"bot: Добрый день! Компания t2, меня зовут Ольга. Звоню по корпоративному договору, меня хорошо слышно?; human: вас слышно хорошо но я там больше не работаю; bot: Отлично!; bot: Дело в том, что мы заметили снижение трафика по вашему контракту.; bot: Подскажите, пожалуйста, планируете ли вы пользоваться нашими услугами дальше?",22,200 OK,"hello_main, hello_thanks, clarification_main, clarification_main_tail",True
3286696,проблемы с распознаванием,угроза оттока не подтверждена,,"bot: Добрый день! Компания t2, меня зовут Ольга. Звоню по корпоративному договору, меня хорошо слышно?; human: добрый день; bot: Отлично!; bot: Дело в том, что мы заметили снижение трафика по вашему контракту.; bot: Подскажите, пожалуйста, планируете ли вы пользоваться нашими услугами дальше?; bot: Алло?; bot: Вас не слышно; bot: Извините, что-то со связью, повторите, пожалуйста.; bot: Какие-то проблемы со связью. Всего вам доброго, до свидания!",50,200 OK,"hello_main, hello_thanks, clarification_main, clarification_main_tail, clarification_null_1, clarification_null_2, clarification_null_3, bad_connection_hangup",True
3288270,сброс на предложении,угроза оттока не определена,,"bot: Добрый день! Корпоративный отдел компании t2, меня зову Ольга. Меня слышно, да?; human: алло да слышно; bot: Отлично!; bot: Дело в том, что мы заметили снижение трафика по вашему контракту.; bot: Подскажите, пожалуйста, планируете ли вы пользоваться нашими услугами дальше?",14,200 OK,"hello_main, hello_thanks, clarification_main, clarification_main_tail",True
3295597,сброс на предложении,угроза оттока не определена,,"bot: Добрый день! Корпоративный отдел компании t2, меня зову Ольга. Меня слышно, да?; human: слышно; bot: Отлично!; bot: Дело в том, что мы заметили снижение трафика по вашему контракту.; bot: Подскажите, пожалуйста, планируете ли вы пользоваться нашими услугами дальше?",18,200 OK,"hello_main, hello_thanks, clarification_main, clarification_main_tail",True
3312851,сброс на предложении,угроза оттока не определена,,"bot: Добрый день! Это компания t2, корпоративный отдел, Ольга. Минуту уделите, пожалуйста?; bot: Алло, слышно меня?; human: алло детский сад; bot: У меня один короткий вопрос по вашему договору. Мм…; bot: Дело в том, что мы заметили снижение трафика по вашему контракту.; bot: Подскажите, пожалуйста, планируете ли вы пользоваться нашими услугами дальше?",28,200 OK,"hello_main, hello_null_1, hello_default, clarification_main, clarification_main_tail",True
3343151,сброс на предложении,угроза оттока не определена,,"bot: Добрый день! Меня зовут Ольга, корпоративный отдел компании t2. Вам удобно сейчас минуту уделить?; human: здравствуйте по какому поводу; bot: У меня короткий вопрос по вашему договору, буквально минута.; bot: Дело в том, что мы заметили снижение трафика по вашему контракту.; bot: Подскажите, пожалуйста, планируете ли вы пользоваться нашими услугами дальше?",28,200 OK,"hello_main, hello_wrong_time, clarification_main, clarification_main_tail",True
3370460,проблемы с распознаванием,угроза оттока не подтверждена,,"bot: Добрый день! Меня зовут Ольга, корпоративный отдел компании t2. Вам удобно сейчас минуту уделить?; bot: Алло, слышно меня?; human: да; bot: Отлично!; bot: Дело в том, что мы заметили снижение трафика по вашему контракту.; bot: Подскажите, пожалуйста, планируете ли вы пользоваться нашими услугами дальше?; bot: Алло?; bot: Вас не слышно; bot: Извините, что-то со связью, повторите, пожалуйста.",58,200 OK,"hello_main, hello_null_1, hello_thanks, clarification_main, clarification_main_tail, clarification_null_1, clarification_null_2, clarification_null_3",True
3408604,проблемы с распознаванием,угроза оттока не подтверждена,,"bot: Добрый день! Это компания t2, корпоративный отдел, Ольга. Минуту уделите, пожалуйста?; human: алло добрый день; bot: Отлично!; bot: Дело в том, что мы заметили снижение трафика по вашему контракту.; bot: Подскажите, пожалуйста, планируете ли вы пользоваться нашими услугами дальше?; bot: Алло?; bot: Вас не слышно; bot: Извините, что-то со связью, повторите, пожалуйста.; bot: Какие-то проблемы со связью. Всего вам доброго, до свидания!",58,200 OK,"hello_main, hello_thanks, clarification_main, clarification_main_tail, clarification_null_1, clarification_null_2, clarification_null_3, bad_connection_hangup",True
3414891,проблемы с распознаванием,угроза оттока не подтверждена,,"bot: Добрый день! Компания t2, меня зовут Ольга. Звоню по корпоративному договору, меня хорошо слышно?; human: что именно от меня нужно; bot: У меня короткий вопрос по вашему договору, буквально минута.; bot: Дело в том, что мы заметили снижение трафика по вашему контракту.; bot: Подскажите, пожалуйста, планируете ли вы пользоваться нашими услугами дальше?; bot: Алло?; bot: Вас не слышно; bot: Извините, что-то со связью, повторите, пожалуйста.; bot: Какие-то проблемы со связью. Всего вам доброго, до свидания!",59,200 OK,"hello_main, hello_wrong_time, clarification_main, clarification_main_tail, clarification_null_1, clarification_null_2, clarification_null_3, bad_connection_hangup",True
3423085,сброс на предложении,угроза оттока не определена,,"bot: Добрый день! Компания t2, меня зовут Ольга. Звоню по корпоративному договору, меня хорошо слышно?; human: сейчас минутку; bot: У меня один короткий вопрос по вашему договору. Мм…; bot: Дело в том, что мы заметили снижение трафика по вашему контракту.; bot: Подскажите, пожалуйста, планируете ли вы пользоваться нашими услугами дальше?",22,200 OK,"hello_main, hello_default, clarification_main, clarification_main_tail",True
3458103,проблемы с распознаванием,угроза оттока не подтверждена,,"bot: Добрый день! Это компания t2, корпоративный отдел, Ольга. Минуту уделите, пожалуйста?; human: что; bot: Компания ""t2"", ваш сотовый оператор. Ранее вы нас знали как ""Теле2"".; bot: Дело в том, что мы заметили снижение трафика по вашему контракту.; bot: Подскажите, пожалуйста, планируете ли вы пользоваться нашими услугами дальше?; bot: Алло?; bot: Вас не слышно; bot: Извините, что-то со связью, повторите, пожалуйста.; bot: Какие-то проблемы со связью. Всего вам доброго, до свидания!",51,200 OK,"hello_main, hello_repeat, clarification_main, clarification_main_tail, clarification_null_1, clarification_null_2, clarification_null_3, bad_connection_hangup",True
3510349,проблемы с распознаванием,угроза оттока не подтверждена,,"bot: Добрый день! Меня зовут Ольга, корпоративный отдел компании t2. Вам удобно сейчас минуту уделить?; human: ага а можете чуть подробнее пожалуйста; bot: Отлично!; bot: Дело в том, что мы заметили снижение трафика по вашему контракту.; bot: Подскажите, пожалуйста, планируете ли вы пользоваться нашими услугами дальше?; bot: Алло?; bot: Вас не слышно; bot: Извините, что-то со связью, повторите, пожалуйста.; bot: Какие-то проблемы со связью. Всего вам доброго, до свидания!",52,200 OK,"hello_main, hello_thanks, clarification_main, clarification_main_tail, clarification_null_1, clarification_null_2, clarification_null_3, bad_connection_hangup",True
3544087,сброс на предложении,угроза оттока не определена,,"bot: Добрый день! Это компания t2, корпоративный отдел, Ольга. Минуту уделите, пожалуйста?; human: угу да я слушаю; bot: Отлично!; bot: Дело в том, что мы заметили снижение трафика по вашему контракту.; bot: Подскажите, пожалуйста, планируете ли вы пользоваться нашими услугами дальше?",16,200 OK,"hello_main, hello_thanks, clarification_main, clarification_main_tail",True
3559177,проблемы с распознаванием,угроза оттока не подтверждена,,"bot: Добрый день! Меня зовут Ольга, корпоративный отдел компании t2. Вам удобно сейчас минуту уделить?; human: говорите; bot: Отлично!; bot: Дело в том, что мы заметили снижение трафика по вашему контракту.; bot: Подскажите, пожалуйста, планируете ли вы пользоваться нашими услугами дальше?; bot: Алло?; bot: Вас не слышно; bot: Извините, что-то со связью, повторите, пожалуйста.; bot: Какие-то проблемы со связью. Всего вам доброго, до свидания!",48,200 OK,"hello_main, hello_thanks, clarification_main, clarification_main_tail, clarification_null_1, clarification_null_2, clarification_null_3, bad_connection_hangup",True
3575530,сброс на предложении,угроза оттока не определена,,"bot: Добрый день! Это компания t2, корпоративный отдел, Ольга. Минуту уделите, пожалуйста?; human: да говорите; bot: Отлично!; bot: Дело в том, что мы заметили снижение трафика по вашему контракту.; bot: Подскажите, пожалуйста, планируете ли вы пользоваться нашими услугами дальше?",16,200 OK,"hello_main, hello_thanks, clarification_main, clarification_main_tail",True
3585902,проблемы с распознаванием,угроза оттока не подтверждена,,"bot: Добрый день! Меня зовут Ольга, корпоративный отдел компании t2. Вам удобно сейчас минуту уделить?; human: благодарю вас за звонок подождите вы уверены что не ошиблись номером; bot: У меня один короткий вопрос по вашему договору. Мм…; bot: Дело в том, что мы заметили снижение трафика по вашему контракту.; bot: Подскажите, пожалуйста, планируете ли вы пользоваться нашими услугами дальше?; bot: Алло?; bot: Вас не слышно; bot: Извините, что-то со связью, повторите, пожалуйста.; bot: Какие-то проблемы со связью. Всего вам доброго, до свидания!",48,200 OK,"hello_main, hello_default, clarification_main, clarification_main_tail, clarification_null_1, clarification_null_2, clarification_null_3, bad_connection_hangup",True
3587881,сброс на предложении,угроза оттока не определена,,"bot: Добрый день! Корпоративный отдел компании t2, меня зову Ольга. Меня слышно, да?; human: слышно; bot: Отлично!; bot: Дело в том, что мы заметили снижение трафика по вашему контракту.; bot: Подскажите, пожалуйста, планируете ли вы пользоваться нашими услугами дальше?",15,200 OK,"hello_main, hello_thanks, clarification_main, clarification_main_tail",True
3649080,сброс на предложении,угроза оттока не определена,,"bot: Добрый день! Компания t2, меня зовут Ольга. Звоню по корпоративному договору, меня хорошо слышно?; human: слушаю слушаю; bot: Отлично!; bot: Дело в том, что мы заметили снижение трафика по вашему контракту.; bot: Подскажите, пожалуйста, планируете ли вы пользоваться нашими услугами дальше?",19,200 OK,"hello_main, hello_thanks, clarification_main, clarification_main_tail",True
3649244,проблемы с распознаванием,угроза оттока не подтверждена,,"bot: Добрый день! Это компания t2, корпоративный отдел, Ольга. Минуту уделите, пожалуйста?; human: добрый день слушаю вас; bot: Отлично!; bot: Дело в том, что мы заметили снижение трафика по вашему контракту.; bot: Подскажите, пожалуйста, планируете ли вы пользоваться нашими услугами дальше?; bot: Алло?; bot: Вас не слышно; bot: Извините, что-то со связью, повторите, пожалуйста.; bot: Какие-то проблемы со связью. Всего вам доброго, до свидания!",50,200 OK,"hello_main, hello_thanks, clarification_main, clarification_main_tail, clarification_null_1, clarification_null_2, clarification_null_3, bad_connection_hangup",True
3659740,проблемы с распознаванием,угроза оттока не подтверждена,,"bot: Добрый день! Это компания t2, корпоративный отдел, Ольга. Минуту уделите, пожалуйста?; human: алло алло я; bot: У меня один короткий вопрос по вашему договору. Мм…; bot: Дело в том, что мы заметили снижение трафика по вашему контракту.; bot: Подскажите, пожалуйста, планируете ли вы пользоваться нашими услугами дальше?; bot: Алло?; bot: Вас не слышно; bot: Извините, что-то со связью, повторите, пожалуйста.; bot: Какие-то проблемы со связью. Всего вам доброго, до свидания!",49,200 OK,"hello_main, hello_default, clarification_main, clarification_main_tail, clarification_null_1, clarification_null_2, clarification_null_3, bad_connection_hangup",True
3700449,сброс на предложении,угроза оттока не определена,,"bot: Добрый день! Это Ольга из компании t2. Мы с вами созванивались уже, но разговор прервался. Удобно сейчас?; human: повторите пожалуйста кто звонит; bot: Компания ""t2"", ваш сотовый оператор. Ранее вы нас знали как ""Теле2"".; bot: Дело в том, что мы заметили снижение трафика по вашему контракту.; bot: Подскажите, пожалуйста, планируете ли вы пользоваться нашими услугами дальше?",24,200 OK,"hello_main_recall, hello_repeat, clarification_main, clarification_main_tail",True
3701424,сброс на предложении,угроза оттока не определена,,"bot: Добрый день! Корпоративный отдел компании t2, меня зову Ольга. Меня слышно, да?; human: здравствуйте да я слушаю вас; bot: Отлично!; bot: Дело в том, что мы заметили снижение трафика по вашему контракту.; bot: Подскажите, пожалуйста, планируете ли вы пользоваться нашими услугами дальше?",17,200 OK,"hello_main, hello_thanks, clarification_main, clarification_main_tail",True
3705185,проблемы с распознаванием,угроза оттока не подтверждена,,"bot: Добрый день! Это компания t2, корпоративный отдел, Ольга. Минуту уделите, пожалуйста?; human: кто это плохо слышно повторите пожалуйста; bot: Компания ""t2"", ваш сотовый оператор. Ранее вы нас знали как ""Теле2"".; bot: Дело в том, что мы заметили снижение трафика по вашему контракту.; bot: Подскажите, пожалуйста, планируете ли вы пользоваться нашими услугами дальше?; bot: Алло?; bot: Вас не слышно; bot: Извините, что-то со связью, повторите, пожалуйста.; bot: Какие-то проблемы со связью. Всего вам доброго, до свидания!",47,200 OK,"hello_main, hello_repeat, clarification_main, clarification_main_tail, clarification_null_1, clarification_null_2, clarification_null_3, bad_connection_hangup",True
3735830,сброс на предложении,угроза оттока не определена,,"bot: Добрый день! Компания t2, меня зовут Ольга. Звоню по корпоративному договору, меня хорошо слышно?; human: алло хорошо слышно; bot: Отлично!; bot: Дело в том, что мы заметили снижение трафика по вашему контракту.; bot: Подскажите, пожалуйста, планируете ли вы пользоваться нашими услугами дальше?",16,200 OK,"hello_main, hello_thanks, clarification_main, clarification_main_tail",True
3757694,проблемы с распознаванием,угроза оттока не подтверждена,,"bot: Добрый день! Это компания t2, корпоративный отдел, Ольга. Минуту уделите, пожалуйста?; human: подождите; bot: У меня один короткий вопрос по вашему договору. Мм…; bot: Дело в том, что мы заметили снижение трафика по вашему контракту.; bot: Подскажите, пожалуйста, планируете ли вы пользоваться нашими услугами дальше?; bot: Алло?; bot: Вас не слышно; bot: Извините, что-то со связью, повторите, пожалуйста.; bot: Какие-то проблемы со связью. Всего вам доброго, до свидания!",46,200 OK,"hello_main, hello_default, clarification_main, clarification_main_tail, clarification_null_1, clarification_null_2, clarification_null_3, bad_connection_hangup",True
3769117,проблемы с распознаванием,угроза оттока не подтверждена,,"bot: Добрый день! Корпоративный отдел компании t2, меня зову Ольга. Меня слышно, да?; human: алло день; bot: У меня один короткий вопрос по вашему договору. Мм…; bot: Дело в том, что мы заметили снижение трафика по вашему контракту.; bot: Подскажите, пожалуйста, планируете ли вы пользоваться нашими услугами дальше?; bot: Алло?; bot: Вас не слышно; bot: Извините, что-то со связью, повторите, пожалуйста.; bot: Какие-то проблемы со связью. Всего вам доброго, до свидания!",53,200 OK,"hello_main, hello_default, clarification_main, clarification_main_tail, clarification_null_1, clarification_null_2, clarification_null_3, bad_connection_hangup",True
3769190,проблемы с распознаванием,угроза оттока не подтверждена,,"bot: Добрый день! Компания t2, меня зовут Ольга. Звоню по корпоративному договору, меня хорошо слышно?; human: да секунду; bot: Отлично!; bot: Дело в том, что мы заметили снижение трафика по вашему контракту.; bot: Подскажите, пожалуйста, планируете ли вы пользоваться нашими услугами дальше?; bot: Алло?; bot: Вас не слышно; bot: Извините, что-то со связью, повторите, пожалуйста.; bot: Какие-то проблемы со связью. Всего вам доброго, до свидания!",48,200 OK,"hello_main, hello_thanks, clarification_main, clarification_main_tail, clarification_null_1, clarification_null_2, clarification_null_3, bad_connection_hangup",True
3772249,сброс на предложении,угроза оттока не определена,,"bot: Добрый день! Компания t2, меня зовут Ольга. Звоню по корпоративному договору, меня хорошо слышно?; human: алло алло по поводу чего; bot: У меня короткий вопрос по вашему договору, буквально минута.; bot: Дело в том, что мы заметили снижение трафика по вашему контракту.; bot: Подскажите, пожалуйста, планируете ли вы пользоваться нашими услугами дальше?",28,200 OK,"hello_main, hello_wrong_time, clarification_main, clarification_main_tail",True
3788299,проблемы с распознаванием,угроза оттока не подтверждена,,"bot: Добрый день! Компания t2, меня зовут Ольга. Звоню по корпоративному договору, меня хорошо слышно?; human: да слушаю; bot: Отлично!; bot: Дело в том, что мы заметили снижение трафика по вашему контракту.; bot: Подскажите, пожалуйста, планируете ли вы пользоваться нашими услугами дальше?; bot: Алло?; bot: Вас не слышно; bot: Извините, что-то со связью, повторите, пожалуйста.; bot: Какие-то проблемы со связью. Всего вам доброго, до свидания!",47,200 OK,"hello_main, hello_thanks, clarification_main, clarification_main_tail, clarification_null_1, clarification_null_2, clarification_null_3, bad_connection_hangup",True
3855279,проблемы с распознаванием,угроза оттока не подтверждена,,"bot: Добрый день! Корпоративный отдел компании t2, меня зову Ольга. Меня слышно, да?; human: слушаю вас не могу сейчас разговаривать давайте я вам перезвоню; bot: У меня короткий вопрос по вашему договору, буквально минута.; bot: Дело в том, что мы заметили снижение трафика по вашему контракту.; bot: Подскажите, пожалуйста, планируете ли вы пользоваться нашими услугами дальше?; bot: Алло?; bot: Вас не слышно; bot: Извините, что-то со связью, повторите, пожалуйста.; bot: Какие-то проблемы со связью. Всего вам доброго, до свидания!",48,200 OK,"hello_main, hello_wrong_time, clarification_main, clarification_main_tail, clarification_null_1, clarification_null_2, clarification_null_3, bad_connection_hangup",True
3866511,проблемы с распознаванием,угроза оттока не подтверждена,,"bot: Добрый день! Компания t2, меня зовут Ольга. Звоню по корпоративному договору, меня хорошо слышно?; human: алло добрый день; bot: Отлично!; bot: Дело в том, что мы заметили снижение трафика по вашему контракту.; bot: Подскажите, пожалуйста, планируете ли вы пользоваться нашими услугами дальше?; bot: Алло?; bot: Вас не слышно; bot: Извините, что-то со связью, повторите, пожалуйста.; bot: Какие-то проблемы со связью. Всего вам доброго, до свидания!",50,200 OK,"hello_main, hello_thanks, clarification_main, clarification_main_tail, clarification_null_1, clarification_null_2, clarification_null_3, bad_connection_hangup",True
3871150,сброс на предложении,угроза оттока не определена,,"bot: Добрый день! Это компания t2, корпоративный отдел, Ольга. Минуту уделите, пожалуйста?; human: здравствуйте; bot: Отлично!; bot: Дело в том, что мы заметили снижение трафика по вашему контракту.; bot: Подскажите, пожалуйста, планируете ли вы пользоваться нашими услугами дальше?; bot: Алло?",32,200 OK,"hello_main, hello_thanks, clarification_main, clarification_main_tail, clarification_null_1",True
3873072,сброс на предложении,угроза оттока не определена,,"bot: Добрый день! Это компания t2, корпоративный отдел, Ольга. Минуту уделите, пожалуйста?; bot: Алло, слышно меня?; human: группа компаний метталид день; bot: У меня один короткий вопрос по вашему договору. Мм…; bot: Дело в том, что мы заметили снижение трафика по вашему контракту.; bot: Подскажите, пожалуйста, планируете ли вы пользоваться нашими услугами дальше?",25,200 OK,"hello_main, hello_null_1, hello_default, clarification_main, clarification_main_tail",True
3873086,проблемы с распознаванием,угроза оттока не подтверждена,,"bot: Добрый день! Меня зовут Ольга, корпоративный отдел компании t2. Вам удобно сейчас минуту уделить?; human: слушаю вас интересно я бы даже сказала привлекательно; bot: Отлично!; bot: Дело в том, что мы заметили снижение трафика по вашему контракту.; bot: Подскажите, пожалуйста, планируете ли вы пользоваться нашими услугами дальше?; bot: Алло?; bot: Вас не слышно; bot: Извините, что-то со связью, повторите, пожалуйста.; bot: Какие-то проблемы со связью. Всего вам доброго, до свидания!",45,200 OK,"hello_main, hello_thanks, clarification_main, clarification_main_tail, clarification_null_1, clarification_null_2, clarification_null_3, bad_connection_hangup",True
3873926,проблемы с распознаванием,угроза оттока не подтверждена,,"bot: Добрый день! Это компания t2, корпоративный отдел, Ольга. Минуту уделите, пожалуйста?; bot: Алло, слышно меня?; bot: Аааллооо.; human: прощения а вы по какому вопросу; bot: У меня короткий вопрос по вашему договору, буквально минута.; bot: Дело в том, что мы заметили снижение трафика по вашему контракту.; bot: Подскажите, пожалуйста, планируете ли вы пользоваться нашими услугами дальше?; bot: Алло?; bot: Вас не слышно; bot: Извините, что-то со связью, повторите, пожалуйста.; bot: Какие-то проблемы со связью. Всего вам доброго, до свидания!",68,200 OK,"hello_main, hello_null_1, hello_null_2, hello_wrong_time, clarification_main, clarification_main_tail, clarification_null_1, clarification_null_2, clarification_null_3, bad_connection_hangup",True
3925962,проблемы с распознаванием,угроза оттока не подтверждена,,"bot: Добрый день! Это компания t2, корпоративный отдел, Ольга. Минуту уделите, пожалуйста?; human: добрый день; bot: Отлично!; bot: Дело в том, что мы заметили снижение трафика по вашему контракту.; bot: Подскажите, пожалуйста, планируете ли вы пользоваться нашими услугами дальше?; bot: Алло?; bot: Вас не слышно; bot: Извините, что-то со связью, повторите, пожалуйста.; bot: Какие-то проблемы со связью. Всего вам доброго, до свидания!",47,200 OK,"hello_main, hello_thanks, clarification_main, clarification_main_tail, clarification_null_1, clarification_null_2, clarification_null_3, bad_connection_hangup",True
3956152,проблемы с распознаванием,угроза оттока не подтверждена,,"bot: Добрый день! Корпоративный отдел компании t2, меня зову Ольга. Меня слышно, да?; human: алло я слушаю вас внимательно говорите; bot: Отлично!; bot: Дело в том, что мы заметили снижение трафика по вашему контракту.; bot: Подскажите, пожалуйста, планируете ли вы пользоваться нашими услугами дальше?; bot: Алло?; bot: Вас не слышно; bot: Извините, что-то со связью, повторите, пожалуйста.; bot: Какие-то проблемы со связью. Всего вам доброго, до свидания!",46,200 OK,"hello_main, hello_thanks, clarification_main, clarification_main_tail, clarification_null_1, clarification_null_2, clarification_null_3, bad_connection_hangup",True
3957285,сброс на предложении,угроза оттока не определена,,"bot: Добрый день! Меня зовут Ольга, корпоративный отдел компании t2. Вам удобно сейчас минуту уделить?; bot: Алло, слышно меня?; human: мир к лариса доброе утро; bot: У меня один короткий вопрос по вашему договору. Мм…; bot: Дело в том, что мы заметили снижение трафика по вашему контракту.; bot: Подскажите, пожалуйста, планируете ли вы пользоваться нашими услугами дальше?",30,200 OK,"hello_main, hello_null_1, hello_default, clarification_main, clarification_main_tail",True
3961881,сброс на предложении,угроза оттока не определена,,"bot: Добрый день! Компания t2, меня зовут Ольга. Звоню по корпоративному договору, меня хорошо слышно?; human: да; bot: Отлично!; bot: Дело в том, что мы заметили снижение трафика по вашему контракту.; bot: Подскажите, пожалуйста, планируете ли вы пользоваться нашими услугами дальше?",17,200 OK,"hello_main, hello_thanks, clarification_main, clarification_main_tail",True
4029680,проблемы с распознаванием,угроза оттока не подтверждена,,"bot: Добрый день! Это компания t2, корпоративный отдел, Ольга. Минуту уделите, пожалуйста?; human: слушаю вас; bot: Отлично!; bot: Дело в том, что мы заметили снижение трафика по вашему контракту.; bot: Подскажите, пожалуйста, планируете ли вы пользоваться нашими услугами дальше?; bot: Алло?; bot: Вас не слышно; bot: Извините, что-то со связью, повторите, пожалуйста.; bot: Какие-то проблемы со связью. Всего вам доброго, до свидания!",47,200 OK,"hello_main, hello_thanks, clarification_main, clarification_main_tail, clarification_null_1, clarification_null_2, clarification_null_3, bad_connection_hangup",True
4031033,сброс на предложении,угроза оттока не определена,,"bot: Добрый день! Корпоративный отдел компании t2, меня зову Ольга. Меня слышно, да?; human: слышно слушаю вас; bot: Отлично!; bot: Дело в том, что мы заметили снижение трафика по вашему контракту.; bot: Подскажите, пожалуйста, планируете ли вы пользоваться нашими услугами дальше?",18,200 OK,"hello_main, hello_thanks, clarification_main, clarification_main_tail",True
4032624,сброс на предложении,угроза оттока не определена,,"bot: Добрый день! Корпоративный отдел компании t2, меня зову Ольга. Меня слышно, да?; bot: Алло, слышно меня?; human: кто; bot: Компания ""t2"", ваш сотовый оператор. Ранее вы нас знали как ""Теле2"".; bot: Дело в том, что мы заметили снижение трафика по вашему контракту.; bot: Подскажите, пожалуйста, планируете ли вы пользоваться нашими услугами дальше?",25,200 OK,"hello_main, hello_null_1, hello_repeat, clarification_main, clarification_main_tail",True
4046037,сброс на предложении,угроза оттока не определена,,"bot: Добрый день! Компания t2, меня зовут Ольга. Звоню по корпоративному договору, меня хорошо слышно?; human: да; bot: Отлично!; bot: Дело в том, что мы заметили снижение трафика по вашему контракту.; bot: Подскажите, пожалуйста, планируете ли вы пользоваться нашими услугами дальше?; bot: Алло?",26,200 OK,"hello_main, hello_thanks, clarification_main, clarification_main_tail, clarification_null_1",True
4399095,проблемы с распознаванием,угроза оттока не подтверждена,,"bot: Добрый день! Компания t2, меня зовут Ольга. Звоню по корпоративному договору, меня хорошо слышно?; human: что то подобное уже слышала; bot: У меня один короткий вопрос по вашему договору. Мм…; bot: Дело в том, что мы заметили снижение трафика по вашему контракту.; bot: Подскажите, пожалуйста, планируете ли вы пользоваться нашими услугами дальше?; bot: Алло?; bot: Вас не слышно; bot: Извините, что-то со связью, повторите, пожалуйста.; bot: Какие-то проблемы со связью. Всего вам доброго, до свидания!",58,200 OK,"hello_main, hello_default, clarification_main, clarification_main_tail, clarification_null_1, clarification_null_2, clarification_null_3, bad_connection_hangup",True
4432906,сброс на предложении,угроза оттока не определена,,"bot: Добрый день! Это компания t2, корпоративный отдел, Ольга. Минуту уделите, пожалуйста?; human: ну а что вы хотели то; bot: У меня короткий вопрос по вашему договору, буквально минута.; bot: Дело в том, что мы заметили снижение трафика по вашему контракту.; bot: Подскажите, пожалуйста, планируете ли вы пользоваться нашими услугами дальше?",21,200 OK,"hello_main, hello_wrong_time, clarification_main, clarification_main_tail",True
4482575,сброс на предложении,угроза оттока не определена,,"bot: Добрый день! Это компания t2, корпоративный отдел, Ольга. Минуту уделите, пожалуйста?; human: слушаю вас; bot: Отлично!; bot: Дело в том, что мы заметили снижение трафика по вашему контракту.; bot: Подскажите, пожалуйста, планируете ли вы пользоваться нашими услугами дальше?",16,200 OK,"hello_main, hello_thanks, clarification_main, clarification_main_tail",True
4491571,сброс на предложении,угроза оттока не определена,,"bot: Добрый день! Корпоративный отдел компании t2, меня зову Ольга. Меня слышно, да?; human: нет; bot: У меня короткий вопрос по вашему договору, буквально минута.; bot: Дело в том, что мы заметили снижение трафика по вашему контракту.; bot: Подскажите, пожалуйста, планируете ли вы пользоваться нашими услугами дальше?",18,200 OK,"hello_main, hello_wrong_time, clarification_main, clarification_main_tail",True
4505132,проблемы с распознаванием,угроза оттока не подтверждена,,"bot: Добрый день! Меня зовут Ольга, корпоративный отдел компании t2. Вам удобно сейчас минуту уделить?; human: алло добрый день; bot: Отлично!; bot: Дело в том, что мы заметили снижение трафика по вашему контракту.; bot: Подскажите, пожалуйста, планируете ли вы пользоваться нашими услугами дальше?; bot: Алло?; bot: Вас не слышно; bot: Извините, что-то со связью, повторите, пожалуйста.; bot: Какие-то проблемы со связью. Всего вам доброго, до свидания!",50,200 OK,"hello_main, hello_thanks, clarification_main, clarification_main_tail, clarification_null_1, clarification_null_2, clarification_null_3, bad_connection_hangup",True
4650227,сброс на предложении,угроза оттока не определена,,"bot: Добрый день! Компания t2, меня зовут Ольга. Звоню по корпоративному договору, меня хорошо слышно?; bot: Алло, слышно меня?; bot: Аааллооо.; human: улица; bot: У меня один короткий вопрос по вашему договору. Мм…; bot: Дело в том, что мы заметили снижение трафика по вашему контракту.; bot: Подскажите, пожалуйста, планируете ли вы пользоваться нашими услугами дальше?",41,200 OK,"hello_main, hello_null_1, hello_null_2, hello_default, clarification_main, clarification_main_tail",True
4652518,сброс на предложении,угроза оттока не определена,,"bot: Добрый день! Корпоративный отдел компании t2, меня зову Ольга. Меня слышно, да?; human: да; bot: Отлично!; bot: Дело в том, что мы заметили снижение трафика по вашему контракту.; bot: Подскажите, пожалуйста, планируете ли вы пользоваться нашими услугами дальше?",21,200 OK,"hello_main, hello_thanks, clarification_main, clarification_main_tail",True
4698215,сброс на предложении,угроза оттока не определена,,"bot: Добрый день! Компания t2, меня зовут Ольга. Звоню по корпоративному договору, меня хорошо слышно?; human: добрый слышно; bot: У меня один короткий вопрос по вашему договору. Мм…; bot: Дело в том, что мы заметили снижение трафика по вашему контракту.; bot: Подскажите, пожалуйста, планируете ли вы пользоваться нашими услугами дальше?",19,200 OK,"hello_main, hello_default, clarification_main, clarification_main_tail",True
4731447,проблемы с распознаванием,угроза оттока не подтверждена,,"bot: Добрый день! Меня зовут Ольга, корпоративный отдел компании t2. Вам удобно сейчас минуту уделить?; human: слушаю; bot: Отлично!; bot: Дело в том, что мы заметили снижение трафика по вашему контракту.; bot: Подскажите, пожалуйста, планируете ли вы пользоваться нашими услугами дальше?; bot: Алло?; bot: Вас не слышно; bot: Извините, что-то со связью, повторите, пожалуйста.; bot: Какие-то проблемы со связью. Всего вам доброго, до свидания!",48,200 OK,"hello_main, hello_thanks, clarification_main, clarification_main_tail, clarification_null_1, clarification_null_2, clarification_null_3, bad_connection_hangup",True
4742793,проблемы с распознаванием,угроза оттока не подтверждена,,"bot: Добрый день! Это компания t2, корпоративный отдел, Ольга. Минуту уделите, пожалуйста?; human: алло добрый день; bot: Отлично!; bot: Дело в том, что мы заметили снижение трафика по вашему контракту.; bot: Подскажите, пожалуйста, планируете ли вы пользоваться нашими услугами дальше?; bot: Алло?; bot: Вас не слышно; bot: Извините, что-то со связью, повторите, пожалуйста.; bot: Какие-то проблемы со связью. Всего вам доброго, до свидания!",52,200 OK,"hello_main, hello_thanks, clarification_main, clarification_main_tail, clarification_null_1, clarification_null_2, clarification_null_3, bad_connection_hangup",True
4772038,сброс на предложении,угроза оттока не определена,,"bot: Добрый день! Меня зовут Ольга, корпоративный отдел компании t2. Вам удобно сейчас минуту уделить?; human: слушаю; bot: Отлично!; bot: Дело в том, что мы заметили снижение трафика по вашему контракту.; bot: Подскажите, пожалуйста, планируете ли вы пользоваться нашими услугами дальше?",22,200 OK,"hello_main, hello_thanks, clarification_main, clarification_main_tail",True
4772416,проблемы с распознаванием,угроза оттока не подтверждена,,"bot: Добрый день! Корпоративный отдел компании t2, меня зову Ольга. Меня слышно, да?; human: слушаю вас не до этого не звонили голос только вот знакомый; bot: Отлично!; bot: Дело в том, что мы заметили снижение трафика по вашему контракту.; bot: Подскажите, пожалуйста, планируете ли вы пользоваться нашими услугами дальше?; bot: Алло?; bot: Вас не слышно; bot: Извините, что-то со связью, повторите, пожалуйста.; bot: Какие-то проблемы со связью. Всего вам доброго, до свидания!",56,200 OK,"hello_main, hello_thanks, clarification_main, clarification_main_tail, clarification_null_1, clarification_null_2, clarification_null_3, bad_connection_hangup",True
4783826,сброс на предложении,угроза оттока не определена,,"bot: Добрый день! Меня зовут Ольга, корпоративный отдел компании t2. Вам удобно сейчас минуту уделить?; human: к сожалению нет; bot: У меня короткий вопрос по вашему договору, буквально минута.; bot: Дело в том, что мы заметили снижение трафика по вашему контракту.; bot: Подскажите, пожалуйста, планируете ли вы пользоваться нашими услугами дальше?",19,200 OK,"hello_main, hello_wrong_time, clarification_main, clarification_main_tail",True
4784256,сброс на предложении,угроза оттока не определена,,"bot: Добрый день! Меня зовут Ольга, корпоративный отдел компании t2. Вам удобно сейчас минуту уделить?; bot: Алло, слышно меня?; human: нет ну хотя ладно; bot: У меня короткий вопрос по вашему договору, буквально минута.; bot: Дело в том, что мы заметили снижение трафика по вашему контракту.; bot: Подскажите, пожалуйста, планируете ли вы пользоваться нашими услугами дальше?",25,200 OK,"hello_main, hello_null_1, hello_wrong_time, clarification_main, clarification_main_tail",True
4796024,сброс на предложении,угроза оттока не определена,,"bot: Добрый день! Это компания t2, корпоративный отдел, Ольга. Минуту уделите, пожалуйста?; human: да да конечно; bot: Отлично!; bot: Дело в том, что мы заметили снижение трафика по вашему контракту.; bot: Подскажите, пожалуйста, планируете ли вы пользоваться нашими услугами дальше?",25,200 OK,"hello_main, hello_thanks, clarification_main, clarification_main_tail",True
4799756,проблемы с распознаванием,угроза оттока не подтверждена,,"bot: Добрый день! Меня зовут Ольга, корпоративный отдел компании t2. Вам удобно сейчас минуту уделить?; human: вам удобно сейчас; bot: Отлично!; bot: Дело в том, что мы заметили снижение трафика по вашему контракту.; bot: Подскажите, пожалуйста, планируете ли вы пользоваться нашими услугами дальше?; bot: Алло?; bot: Вас не слышно; bot: Извините, что-то со связью, повторите, пожалуйста.; bot: Какие-то проблемы со связью. Всего вам доброго, до свидания!",46,200 OK,"hello_main, hello_thanks, clarification_main, clarification_main_tail, clarification_null_1, clarification_null_2, clarification_null_3, bad_connection_hangup",True
4815467,сброс на предложении,угроза оттока не определена,,"bot: Добрый день! Меня зовут Ольга, корпоративный отдел компании t2. Вам удобно сейчас минуту уделить?; human: да; bot: Отлично!; bot: Дело в том, что мы заметили снижение трафика по вашему контракту.; bot: Подскажите, пожалуйста, планируете ли вы пользоваться нашими услугами дальше?",17,200 OK,"hello_main, hello_thanks, clarification_main, clarification_main_tail",True
4819589,сброс на предложении,угроза оттока не определена,,"bot: Добрый день! Это компания t2, корпоративный отдел, Ольга. Минуту уделите, пожалуйста?; human: добрый день у меня счет что вы хотели что то предложить мне не до этого; bot: У меня короткий вопрос по вашему договору, буквально минута.; bot: Дело в том, что мы заметили снижение трафика по вашему контракту.; bot: Подскажите, пожалуйста, планируете ли вы пользоваться нашими услугами дальше?",30,200 OK,"hello_main, hello_wrong_time, clarification_main, clarification_main_tail",True
4819682,сброс на предложении,угроза оттока не определена,,"bot: Добрый день! Это компания t2, корпоративный отдел, Ольга. Минуту уделите, пожалуйста?; human: что хотели; bot: У меня короткий вопрос по вашему договору, буквально минута.; bot: Дело в том, что мы заметили снижение трафика по вашему контракту.; bot: Подскажите, пожалуйста, планируете ли вы пользоваться нашими услугами дальше?",19,200 OK,"hello_main, hello_wrong_time, clarification_main, clarification_main_tail",True
4830097,сброс на предложении,угроза оттока не определена,,"bot: Добрый день! Корпоративный отдел компании t2, меня зову Ольга. Меня слышно, да?; human: да; bot: Отлично!; bot: Дело в том, что мы заметили снижение трафика по вашему контракту.; bot: Подскажите, пожалуйста, планируете ли вы пользоваться нашими услугами дальше?",18,200 OK,"hello_main, hello_thanks, clarification_main, clarification_main_tail",True
4901155,сброс на предложении,угроза оттока не определена,,"bot: Добрый день! Корпоративный отдел компании t2, меня зову Ольга. Меня слышно, да?; human: да; bot: Отлично!; bot: Дело в том, что мы заметили снижение трафика по вашему контракту.; bot: Подскажите, пожалуйста, планируете ли вы пользоваться нашими услугами дальше?; bot: Алло?",39,200 OK,"hello_main, hello_thanks, clarification_main, clarification_main_tail, clarification_null_1",True
4904289,проблемы с распознаванием,угроза оттока не подтверждена,,"bot: Добрый день! Меня зовут Ольга, корпоративный отдел компании t2. Вам удобно сейчас минуту уделить?; human: алло добрый день; bot: Отлично!; bot: Дело в том, что мы заметили снижение трафика по вашему контракту.; bot: Подскажите, пожалуйста, планируете ли вы пользоваться нашими услугами дальше?; bot: Алло?; bot: Вас не слышно; bot: Извините, что-то со связью, повторите, пожалуйста.; bot: Какие-то проблемы со связью. Всего вам доброго, до свидания!",49,200 OK,"hello_main, hello_thanks, clarification_main, clarification_main_tail, clarification_null_1, clarification_null_2, clarification_null_3, bad_connection_hangup",True
4907646,сброс на предложении,угроза оттока не определена,,"bot: Добрый день! Корпоративный отдел компании t2, меня зову Ольга. Меня слышно, да?; human: слушаю; bot: Отлично!; bot: Дело в том, что мы заметили снижение трафика по вашему контракту.; bot: Подскажите, пожалуйста, планируете ли вы пользоваться нашими услугами дальше?",21,200 OK,"hello_main, hello_thanks, clarification_main, clarification_main_tail",True
4909674,проблемы с распознаванием,угроза оттока не подтверждена,,"bot: Добрый день! Компания t2, меня зовут Ольга. Звоню по корпоративному договору, меня хорошо слышно?; human: говорите откуда у вас мой номер можете переключить на; bot: Компания ""t2"", ваш сотовый оператор. Ранее вы нас знали как ""Теле2"".; bot: Дело в том, что мы заметили снижение трафика по вашему контракту.; bot: Подскажите, пожалуйста, планируете ли вы пользоваться нашими услугами дальше?; bot: Алло?; bot: Вас не слышно; bot: Извините, что-то со связью, повторите, пожалуйста.; bot: Какие-то проблемы со связью. Всего вам доброго, до свидания!",50,200 OK,"hello_main, hello_repeat, clarification_main, clarification_main_tail, clarification_null_1, clarification_null_2, clarification_null_3, bad_connection_hangup",True
4910197,проблемы с распознаванием,угроза оттока не подтверждена,,"bot: Добрый день! Меня зовут Ольга, корпоративный отдел компании t2. Вам удобно сейчас минуту уделить?; human: звучит интересно можете переключить на; bot: Отлично!; bot: Дело в том, что мы заметили снижение трафика по вашему контракту.; bot: Подскажите, пожалуйста, планируете ли вы пользоваться нашими услугами дальше?; bot: Алло?; bot: Вас не слышно; bot: Извините, что-то со связью, повторите, пожалуйста.; bot: Какие-то проблемы со связью. Всего вам доброго, до свидания!",53,200 OK,"hello_main, hello_thanks, clarification_main, clarification_main_tail, clarification_null_1, clarification_null_2, clarification_null_3, bad_connection_hangup",True
4910405,проблемы с распознаванием,угроза оттока не подтверждена,,"bot: Добрый день! Меня зовут Ольга, корпоративный отдел компании t2. Вам удобно сейчас минуту уделить?; human: можете повторить пожалуйста можете переключить на; bot: Компания ""t2"", ваш сотовый оператор. Ранее вы нас знали как ""Теле2"".; bot: Дело в том, что мы заметили снижение трафика по вашему контракту.; bot: Подскажите, пожалуйста, планируете ли вы пользоваться нашими услугами дальше?; bot: Алло?; bot: Вас не слышно; bot: Извините, что-то со связью, повторите, пожалуйста.; bot: Какие-то проблемы со связью. Всего вам доброго, до свидания!",56,200 OK,"hello_main, hello_repeat, clarification_main, clarification_main_tail, clarification_null_1, clarification_null_2, clarification_null_3, bad_connection_hangup",True
4919660,проблемы с распознаванием,угроза оттока не подтверждена,,"bot: Добрый день! Меня зовут Ольга, корпоративный отдел компании t2. Вам удобно сейчас минуту уделить?; human: возможно скажите я могу вам перезвонить; bot: У меня один короткий вопрос по вашему договору. Мм…; bot: Дело в том, что мы заметили снижение трафика по вашему контракту.; bot: Подскажите, пожалуйста, планируете ли вы пользоваться нашими услугами дальше?; bot: Алло?; bot: Вас не слышно; bot: Извините, что-то со связью, повторите, пожалуйста.; bot: Какие-то проблемы со связью. Всего вам доброго, до свидания!",48,200 OK,"hello_main, hello_default, clarification_main, clarification_main_tail, clarification_null_1, clarification_null_2, clarification_null_3, bad_connection_hangup",True
4919771,проблемы с распознаванием,угроза оттока не подтверждена,,"bot: Добрый день! Меня зовут Ольга, корпоративный отдел компании t2. Вам удобно сейчас минуту уделить?; human: слушаю вас; bot: Отлично!; bot: Дело в том, что мы заметили снижение трафика по вашему контракту.; bot: Подскажите, пожалуйста, планируете ли вы пользоваться нашими услугами дальше?; bot: Алло?; bot: Вас не слышно; bot: Извините, что-то со связью, повторите, пожалуйста.; bot: Какие-то проблемы со связью. Всего вам доброго, до свидания!",50,200 OK,"hello_main, hello_thanks, clarification_main, clarification_main_tail, clarification_null_1, clarification_null_2, clarification_null_3, bad_connection_hangup",True
4928279,проблемы с распознаванием,угроза оттока не подтверждена,,"bot: Добрый день! Компания t2, меня зовут Ольга. Звоню по корпоративному договору, меня хорошо слышно?; human: что вы хотели из какой организации как на точно называется; bot: Компания ""t2"", ваш сотовый оператор. Ранее вы нас знали как ""Теле2"".; bot: Дело в том, что мы заметили снижение трафика по вашему контракту.; bot: Подскажите, пожалуйста, планируете ли вы пользоваться нашими услугами дальше?; bot: Алло?; bot: Вас не слышно; bot: Извините, что-то со связью, повторите, пожалуйста.; bot: Какие-то проблемы со связью. Всего вам доброго, до свидания!",60,200 OK,"hello_main, hello_repeat, clarification_main, clarification_main_tail, clarification_null_1, clarification_null_2, clarification_null_3, bad_connection_hangup",True
4930162,сброс на предложении,угроза оттока не определена,,"bot: Добрый день! Корпоративный отдел компании t2, меня зову Ольга. Меня слышно, да?; human: да здравствуйте да слышно; bot: Отлично!; bot: Дело в том, что мы заметили снижение трафика по вашему контракту.; bot: Подскажите, пожалуйста, планируете ли вы пользоваться нашими услугами дальше?",14,200 OK,"hello_main, hello_thanks, clarification_main, clarification_main_tail",True
4947784,проблемы с распознаванием,угроза оттока не подтверждена,,"bot: Добрый день! Корпоративный отдел компании t2, меня зову Ольга. Меня слышно, да?; human: алло алло; bot: У меня один короткий вопрос по вашему договору. Мм…; bot: Дело в том, что мы заметили снижение трафика по вашему контракту.; bot: Подскажите, пожалуйста, планируете ли вы пользоваться нашими услугами дальше?; bot: Алло?; bot: Вас не слышно; bot: Извините, что-то со связью, повторите, пожалуйста.; bot: Какие-то проблемы со связью. Всего вам доброго, до свидания!",49,200 OK,"hello_main, hello_default, clarification_main, clarification_main_tail, clarification_null_1, clarification_null_2, clarification_null_3, bad_connection_hangup",True
4951318,сброс на предложении,угроза оттока не определена,,"bot: Добрый день! Меня зовут Ольга, корпоративный отдел компании t2. Вам удобно сейчас минуту уделить?; human: слушаю да; bot: Отлично!; bot: Дело в том, что мы заметили снижение трафика по вашему контракту.; bot: Подскажите, пожалуйста, планируете ли вы пользоваться нашими услугами дальше?",21,200 OK,"hello_main, hello_thanks, clarification_main, clarification_main_tail",True
4982006,сброс на предложении,угроза оттока не определена,,"bot: Добрый день! Это компания t2, корпоративный отдел, Ольга. Минуту уделите, пожалуйста?; human: пожалуйста подождите тональ; bot: У меня один короткий вопрос по вашему договору. Мм…; bot: Дело в том, что мы заметили снижение трафика по вашему контракту.; bot: Подскажите, пожалуйста, планируете ли вы пользоваться нашими услугами дальше?",21,200 OK,"hello_main, hello_default, clarification_main, clarification_main_tail",True
4987519,проблемы с распознаванием,угроза оттока не подтверждена,,"bot: Добрый день! Это компания t2, корпоративный отдел, Ольга. Минуту уделите, пожалуйста?; human: слушаю; bot: Отлично!; bot: Дело в том, что мы заметили снижение трафика по вашему контракту.; bot: Подскажите, пожалуйста, планируете ли вы пользоваться нашими услугами дальше?; bot: Алло?; bot: Вас не слышно; bot: Извините, что-то со связью, повторите, пожалуйста.; bot: Какие-то проблемы со связью. Всего вам доброго, до свидания!",49,200 OK,"hello_main, hello_thanks, clarification_main, clarification_main_tail, clarification_null_1, clarification_null_2, clarification_null_3, bad_connection_hangup",True
4988683,проблемы с распознаванием,угроза оттока не подтверждена,,"bot: Добрый день! Компания t2, меня зовут Ольга. Звоню по корпоративному договору, меня хорошо слышно?; human: подождите; bot: У меня один короткий вопрос по вашему договору. Мм…; bot: Дело в том, что мы заметили снижение трафика по вашему контракту.; bot: Подскажите, пожалуйста, планируете ли вы пользоваться нашими услугами дальше?; bot: Алло?; bot: Вас не слышно; bot: Извините, что-то со связью, повторите, пожалуйста.; bot: Какие-то проблемы со связью. Всего вам доброго, до свидания!",50,200 OK,"hello_main, hello_default, clarification_main, clarification_main_tail, clarification_null_1, clarification_null_2, clarification_null_3, bad_connection_hangup",True
4991392,сброс на предложении,угроза оттока не определена,,"bot: Добрый день! Корпоративный отдел компании t2, меня зову Ольга. Меня слышно, да?; human: да; bot: Отлично!; bot: Дело в том, что мы заметили снижение трафика по вашему контракту.; bot: Подскажите, пожалуйста, планируете ли вы пользоваться нашими услугами дальше?",21,200 OK,"hello_main, hello_thanks, clarification_main, clarification_main_tail",True
4999110,сброс на предложении,угроза оттока не определена,,"bot: Добрый день! Компания t2, меня зовут Ольга. Звоню по корпоративному договору, меня хорошо слышно?; human: слушаю слышно; bot: Отлично!; bot: Дело в том, что мы заметили снижение трафика по вашему контракту.; bot: Подскажите, пожалуйста, планируете ли вы пользоваться нашими услугами дальше?",21,200 OK,"hello_main, hello_thanks, clarification_main, clarification_main_tail",True
5004946,проблемы с распознаванием,угроза оттока не подтверждена,,"bot: Добрый день! Это компания t2, корпоративный отдел, Ольга. Минуту уделите, пожалуйста?; human: алло; bot: У меня один короткий вопрос по вашему договору. Мм…; bot: Дело в том, что мы заметили снижение трафика по вашему контракту.; bot: Подскажите, пожалуйста, планируете ли вы пользоваться нашими услугами дальше?; bot: Алло?; bot: Вас не слышно; bot: Извините, что-то со связью, повторите, пожалуйста.; bot: Какие-то проблемы со связью. Всего вам доброго, до свидания!",51,200 OK,"hello_main, hello_default, clarification_main, clarification_main_tail, clarification_null_1, clarification_null_2, clarification_null_3, bad_connection_hangup",True
5006435,сброс на предложении,угроза оттока не определена,,"bot: Добрый день! Компания t2, меня зовут Ольга. Звоню по корпоративному договору, меня хорошо слышно?; human: алло да здравствуйте; bot: Отлично!; bot: Дело в том, что мы заметили снижение трафика по вашему контракту.; bot: Подскажите, пожалуйста, планируете ли вы пользоваться нашими услугами дальше?",25,200 OK,"hello_main, hello_thanks, clarification_main, clarification_main_tail",True
5032042,проблемы с распознаванием,угроза оттока не подтверждена,,"bot: Добрый день! Меня зовут Ольга, корпоративный отдел компании t2. Вам удобно сейчас минуту уделить?; human: звучит почти привлекательно; bot: У меня один короткий вопрос по вашему договору. Мм…; bot: Дело в том, что мы заметили снижение трафика по вашему контракту.; bot: Подскажите, пожалуйста, планируете ли вы пользоваться нашими услугами дальше?; bot: Алло?; bot: Вас не слышно; bot: Извините, что-то со связью, повторите, пожалуйста.; bot: Какие-то проблемы со связью. Всего вам доброго, до свидания!",50,200 OK,"hello_main, hello_default, clarification_main, clarification_main_tail, clarification_null_1, clarification_null_2, clarification_null_3, bad_connection_hangup",True
5055761,сброс на предложении,угроза оттока не определена,,"bot: Добрый день! Корпоративный отдел компании t2, меня зову Ольга. Меня слышно, да?; human: слушаю; bot: Отлично!; bot: Дело в том, что мы заметили снижение трафика по вашему контракту.; bot: Подскажите, пожалуйста, планируете ли вы пользоваться нашими услугами дальше?",25,200 OK,"hello_main, hello_thanks, clarification_main, clarification_main_tail",True
5064902,сброс на предложении,угроза оттока не определена,,"bot: Добрый день! Корпоративный отдел компании t2, меня зову Ольга. Меня слышно, да?; human: слушаю вас; bot: Отлично!; bot: Дело в том, что мы заметили снижение трафика по вашему контракту.; bot: Подскажите, пожалуйста, планируете ли вы пользоваться нашими услугами дальше?",18,200 OK,"hello_main, hello_thanks, clarification_main, clarification_main_tail",True
5072892,проблемы с распознаванием,угроза оттока не подтверждена,,"bot: Добрый день! Это компания t2, корпоративный отдел, Ольга. Минуту уделите, пожалуйста?; human: я тут; bot: У меня один короткий вопрос по вашему договору. Мм…; bot: Дело в том, что мы заметили снижение трафика по вашему контракту.; bot: Подскажите, пожалуйста, планируете ли вы пользоваться нашими услугами дальше?; bot: Алло?; bot: Вас не слышно; bot: Извините, что-то со связью, повторите, пожалуйста.; bot: Какие-то проблемы со связью. Всего вам доброго, до свидания!",52,200 OK,"hello_main, hello_default, clarification_main, clarification_main_tail, clarification_null_1, clarification_null_2, clarification_null_3, bad_connection_hangup",True
5102743,проблемы с распознаванием,угроза оттока не подтверждена,,"bot: Добрый день! Меня зовут Ольга, корпоративный отдел компании t2. Вам удобно сейчас минуту уделить?; human: кто это; bot: Компания ""t2"", ваш сотовый оператор. Ранее вы нас знали как ""Теле2"".; bot: Дело в том, что мы заметили снижение трафика по вашему контракту.; bot: Подскажите, пожалуйста, планируете ли вы пользоваться нашими услугами дальше?; bot: Алло?; bot: Вас не слышно; bot: Извините, что-то со связью, повторите, пожалуйста.; bot: Какие-то проблемы со связью. Всего вам доброго, до свидания!",55,200 OK,"hello_main, hello_repeat, clarification_main, clarification_main_tail, clarification_null_1, clarification_null_2, clarification_null_3, bad_connection_hangup",True
5108860,сброс на предложении,угроза оттока не определена,,"bot: Добрый день! Компания t2, меня зовут Ольга. Звоню по корпоративному договору, меня хорошо слышно?; human: ева мне неудобно разговаривать; bot: У меня короткий вопрос по вашему договору, буквально минута.; bot: Дело в том, что мы заметили снижение трафика по вашему контракту.; bot: Подскажите, пожалуйста, планируете ли вы пользоваться нашими услугами дальше?",20,200 OK,"hello_main, hello_wrong_time, clarification_main, clarification_main_tail",True
5133722,проблемы с распознаванием,угроза оттока не подтверждена,,"bot: Добрый день! Меня зовут Ольга, корпоративный отдел компании t2. Вам удобно сейчас минуту уделить?; human: алло добрый день; bot: Отлично!; bot: Дело в том, что мы заметили снижение трафика по вашему контракту.; bot: Подскажите, пожалуйста, планируете ли вы пользоваться нашими услугами дальше?; bot: Алло?; bot: Вас не слышно; bot: Извините, что-то со связью, повторите, пожалуйста.; bot: Какие-то проблемы со связью. Всего вам доброго, до свидания!",50,200 OK,"hello_main, hello_thanks, clarification_main, clarification_main_tail, clarification_null_1, clarification_null_2, clarification_null_3, bad_connection_hangup",True
5134610,сброс на предложении,угроза оттока не определена,,"bot: Добрый день! Меня зовут Ольга, корпоративный отдел компании t2. Вам удобно сейчас минуту уделить?; human: алло алло; bot: У меня один короткий вопрос по вашему договору. Мм…; bot: Дело в том, что мы заметили снижение трафика по вашему контракту.; bot: Подскажите, пожалуйста, планируете ли вы пользоваться нашими услугами дальше?",19,200 OK,"hello_main, hello_default, clarification_main, clarification_main_tail",True
5139116,проблемы с распознаванием,угроза оттока не подтверждена,,"bot: Добрый день! Меня зовут Ольга, корпоративный отдел компании t2. Вам удобно сейчас минуту уделить?; human: алло ну а что вас мой номер вы звоните мне; bot: У меня один короткий вопрос по вашему договору. Мм…; bot: Дело в том, что мы заметили снижение трафика по вашему контракту.; bot: Подскажите, пожалуйста, планируете ли вы пользоваться нашими услугами дальше?; bot: Алло?; bot: Вас не слышно; bot: Извините, что-то со связью, повторите, пожалуйста.; bot: Какие-то проблемы со связью. Всего вам доброго, до свидания!",53,200 OK,"hello_main, hello_default, clarification_main, clarification_main_tail, clarification_null_1, clarification_null_2, clarification_null_3, bad_connection_hangup",True
5142703,проблемы с распознаванием,угроза оттока не подтверждена,,"bot: Добрый день! Корпоративный отдел компании t2, меня зову Ольга. Меня слышно, да?; human: слушаю вас я вас не расслышал повторите; bot: Компания ""t2"", ваш сотовый оператор. Ранее вы нас знали как ""Теле2"".; bot: Дело в том, что мы заметили снижение трафика по вашему контракту.; bot: Подскажите, пожалуйста, планируете ли вы пользоваться нашими услугами дальше?; bot: Алло?; bot: Вас не слышно; bot: Извините, что-то со связью, повторите, пожалуйста.; bot: Какие-то проблемы со связью. Всего вам доброго, до свидания!",49,200 OK,"hello_main, hello_repeat, clarification_main, clarification_main_tail, clarification_null_1, clarification_null_2, clarification_null_3, bad_connection_hangup",True
5161558,проблемы с распознаванием,угроза оттока не подтверждена,,"bot: Добрый день! Меня зовут Ольга, корпоративный отдел компании t2. Вам удобно сейчас минуту уделить?; bot: Алло, слышно меня?; human: нет; bot: У меня короткий вопрос по вашему договору, буквально минута.; bot: Дело в том, что мы заметили снижение трафика по вашему контракту.; bot: Подскажите, пожалуйста, планируете ли вы пользоваться нашими услугами дальше?; bot: Алло?; bot: Вас не слышно; bot: Извините, что-то со связью, повторите, пожалуйста.; bot: Какие-то проблемы со связью. Всего вам доброго, до свидания!",59,200 OK,"hello_main, hello_null_1, hello_wrong_time, clarification_main, clarification_main_tail, clarification_null_1, clarification_null_2, clarification_null_3, bad_connection_hangup",True
5171446,сброс на предложении,угроза оттока не определена,,"bot: Добрый день! Компания t2, меня зовут Ольга. Звоню по корпоративному договору, меня хорошо слышно?; human: здравствуйте нормально слышно; bot: Отлично!; bot: Дело в том, что мы заметили снижение трафика по вашему контракту.; bot: Подскажите, пожалуйста, планируете ли вы пользоваться нашими услугами дальше?",24,200 OK,"hello_main, hello_thanks, clarification_main, clarification_main_tail",True
5180385,сброс на предложении,угроза оттока не определена,,"bot: Добрый день! Это Ольга из компании t2. Мы с вами созванивались уже, но разговор прервался. Удобно сейчас?; bot: Алло, слышно меня?; human: да диалог; bot: Отлично!; bot: Дело в том, что мы заметили снижение трафика по вашему контракту.; bot: Подскажите, пожалуйста, планируете ли вы пользоваться нашими услугами дальше?",25,200 OK,"hello_main_recall, hello_null_1, hello_thanks, clarification_main, clarification_main_tail",True
5185770,проблемы с распознаванием,угроза оттока не подтверждена,,"bot: Добрый день! Компания t2, меня зовут Ольга. Звоню по корпоративному договору, меня хорошо слышно?; human: я тут; bot: У меня один короткий вопрос по вашему договору. Мм…; bot: Дело в том, что мы заметили снижение трафика по вашему контракту.; bot: Подскажите, пожалуйста, планируете ли вы пользоваться нашими услугами дальше?; bot: Алло?; bot: Вас не слышно; bot: Извините, что-то со связью, повторите, пожалуйста.; bot: Какие-то проблемы со связью. Всего вам доброго, до свидания!",50,200 OK,"hello_main, hello_default, clarification_main, clarification_main_tail, clarification_null_1, clarification_null_2, clarification_null_3, bad_connection_hangup",True
5193783,проблемы с распознаванием,угроза оттока не подтверждена,,"bot: Добрый день! Это компания t2, корпоративный отдел, Ольга. Минуту уделите, пожалуйста?; human: слушаю вас; bot: Отлично!; bot: Дело в том, что мы заметили снижение трафика по вашему контракту.; bot: Подскажите, пожалуйста, планируете ли вы пользоваться нашими услугами дальше?; bot: Алло?; bot: Вас не слышно; bot: Извините, что-то со связью, повторите, пожалуйста.; bot: Какие-то проблемы со связью. Всего вам доброго, до свидания!",48,200 OK,"hello_main, hello_thanks, clarification_main, clarification_main_tail, clarification_null_1, clarification_null_2, clarification_null_3, bad_connection_hangup",True
5195801,проблемы с распознаванием,угроза оттока не подтверждена,,"bot: Добрый день! Меня зовут Ольга, корпоративный отдел компании t2. Вам удобно сейчас минуту уделить?; human: алло добрый день; bot: Отлично!; bot: Дело в том, что мы заметили снижение трафика по вашему контракту.; bot: Подскажите, пожалуйста, планируете ли вы пользоваться нашими услугами дальше?; bot: Алло?; bot: Вас не слышно; bot: Извините, что-то со связью, повторите, пожалуйста.; bot: Какие-то проблемы со связью. Всего вам доброго, до свидания!",49,200 OK,"hello_main, hello_thanks, clarification_main, clarification_main_tail, clarification_null_1, clarification_null_2, clarification_null_3, bad_connection_hangup",True
5202420,сброс на предложении,угроза оттока не определена,,"bot: Добрый день! Корпоративный отдел компании t2, меня зову Ольга. Меня слышно, да?; human: говорите; bot: Отлично!; bot: Дело в том, что мы заметили снижение трафика по вашему контракту.; bot: Подскажите, пожалуйста, планируете ли вы пользоваться нашими услугами дальше?",19,200 OK,"hello_main, hello_thanks, clarification_main, clarification_main_tail",True
5203873,проблемы с распознаванием,угроза оттока не подтверждена,,"bot: Добрый день! Корпоративный отдел компании t2, меня зову Ольга. Меня слышно, да?; human: послушаю и зачем мне это делать; bot: Отлично!; bot: Дело в том, что мы заметили снижение трафика по вашему контракту.; bot: Подскажите, пожалуйста, планируете ли вы пользоваться нашими услугами дальше?; bot: Алло?; bot: Вас не слышно; bot: Извините, что-то со связью, повторите, пожалуйста.; bot: Какие-то проблемы со связью. Всего вам доброго, до свидания!",45,200 OK,"hello_main, hello_thanks, clarification_main, clarification_main_tail, clarification_null_1, clarification_null_2, clarification_null_3, bad_connection_hangup",True
5216187,проблемы с распознаванием,угроза оттока не подтверждена,,"bot: Добрый день! Компания t2, меня зовут Ольга. Звоню по корпоративному договору, меня хорошо слышно?; human: хорошо; bot: Отлично!; bot: Дело в том, что мы заметили снижение трафика по вашему контракту.; bot: Подскажите, пожалуйста, планируете ли вы пользоваться нашими услугами дальше?; bot: Алло?; bot: Вас не слышно; bot: Извините, что-то со связью, повторите, пожалуйста.; bot: Какие-то проблемы со связью. Всего вам доброго, до свидания!",58,200 OK,"hello_main, hello_thanks, clarification_main, clarification_main_tail, clarification_null_1, clarification_null_2, clarification_null_3, bad_connection_hangup",True
5223174,сброс на предложении,угроза оттока не определена,,"bot: Добрый день! Корпоративный отдел компании t2, меня зову Ольга. Меня слышно, да?; human: в размере 1000; bot: У меня один короткий вопрос по вашему договору. Мм…; bot: Дело в том, что мы заметили снижение трафика по вашему контракту.; bot: Подскажите, пожалуйста, планируете ли вы пользоваться нашими услугами дальше?",17,200 OK,"hello_main, hello_default, clarification_main, clarification_main_tail",True
5226022,сброс на предложении,угроза оттока не определена,,"bot: Добрый день! Компания t2, меня зовут Ольга. Звоню по корпоративному договору, меня хорошо слышно?; human: алло да; bot: Отлично!; bot: Дело в том, что мы заметили снижение трафика по вашему контракту.; bot: Подскажите, пожалуйста, планируете ли вы пользоваться нашими услугами дальше?",21,200 OK,"hello_main, hello_thanks, clarification_main, clarification_main_tail",True
5226563,сброс на предложении,угроза оттока не определена,,"bot: Добрый день! Это компания t2, корпоративный отдел, Ольга. Минуту уделите, пожалуйста?; human: не алло; bot: У меня один короткий вопрос по вашему договору. Мм…; bot: Дело в том, что мы заметили снижение трафика по вашему контракту.; bot: Подскажите, пожалуйста, планируете ли вы пользоваться нашими услугами дальше?; bot: Алло?",33,200 OK,"hello_main, hello_default, clarification_main, clarification_main_tail, clarification_null_1",True
5247665,проблемы с распознаванием,угроза оттока не подтверждена,,"bot: Добрый день! Меня зовут Ольга, корпоративный отдел компании t2. Вам удобно сейчас минуту уделить?; human: говорите что вы хотели что вы хотели; bot: У меня короткий вопрос по вашему договору, буквально минута.; bot: Дело в том, что мы заметили снижение трафика по вашему контракту.; bot: Подскажите, пожалуйста, планируете ли вы пользоваться нашими услугами дальше?; bot: Алло?; bot: Вас не слышно; bot: Извините, что-то со связью, повторите, пожалуйста.; bot: Какие-то проблемы со связью. Всего вам доброго, до свидания!",53,200 OK,"hello_main, hello_wrong_time, clarification_main, clarification_main_tail, clarification_null_1, clarification_null_2, clarification_null_3, bad_connection_hangup",True
5249355,проблемы с распознаванием,угроза оттока не подтверждена,,"bot: Добрый день! Это компания t2, корпоративный отдел, Ольга. Минуту уделите, пожалуйста?; human: секунд соединила сейчаст родником связи; bot: У меня один короткий вопрос по вашему договору. Мм…; bot: Дело в том, что мы заметили снижение трафика по вашему контракту.; bot: Подскажите, пожалуйста, планируете ли вы пользоваться нашими услугами дальше?; bot: Алло?; bot: Вас не слышно; bot: Извините, что-то со связью, повторите, пожалуйста.; bot: Какие-то проблемы со связью. Всего вам доброго, до свидания!",50,200 OK,"hello_main, hello_default, clarification_main, clarification_main_tail, clarification_null_1, clarification_null_2, clarification_null_3, bad_connection_hangup",True
5261221,проблемы с распознаванием,угроза оттока не подтверждена,,"bot: Добрый день! Корпоративный отдел компании t2, меня зову Ольга. Меня слышно, да?; human: внимательно слушаю; bot: Отлично!; bot: Дело в том, что мы заметили снижение трафика по вашему контракту.; bot: Подскажите, пожалуйста, планируете ли вы пользоваться нашими услугами дальше?; bot: Алло?; bot: Вас не слышно; bot: Извините, что-то со связью, повторите, пожалуйста.; bot: Какие-то проблемы со связью. Всего вам доброго, до свидания!",48,200 OK,"hello_main, hello_thanks, clarification_main, clarification_main_tail, clarification_null_1, clarification_null_2, clarification_null_3, bad_connection_hangup",True
5262002,проблемы с распознаванием,угроза оттока не подтверждена,,"bot: Добрый день! Меня зовут Ольга, корпоративный отдел компании t2. Вам удобно сейчас минуту уделить?; human: добрый день слушаю вас; bot: Отлично!; bot: Дело в том, что мы заметили снижение трафика по вашему контракту.; bot: Подскажите, пожалуйста, планируете ли вы пользоваться нашими услугами дальше?; bot: Алло?; bot: Вас не слышно; bot: Извините, что-то со связью, повторите, пожалуйста.; bot: Какие-то проблемы со связью. Всего вам доброго, до свидания!",49,200 OK,"hello_main, hello_thanks, clarification_main, clarification_main_tail, clarification_null_1, clarification_null_2, clarification_null_3, bad_connection_hangup",True
5265631,проблемы с распознаванием,угроза оттока не подтверждена,,"bot: Добрый день! Меня зовут Ольга, корпоративный отдел компании t2. Вам удобно сейчас минуту уделить?; human: добрый день слушаю вас; bot: Отлично!; bot: Дело в том, что мы заметили снижение трафика по вашему контракту.; bot: Подскажите, пожалуйста, планируете ли вы пользоваться нашими услугами дальше?; bot: Алло?; bot: Вас не слышно; bot: Извините, что-то со связью, повторите, пожалуйста.; bot: Какие-то проблемы со связью. Всего вам доброго, до свидания!",48,200 OK,"hello_main, hello_thanks, clarification_main, clarification_main_tail, clarification_null_1, clarification_null_2, clarification_null_3, bad_connection_hangup",True
5270552,сброс на предложении,угроза оттока не определена,,"bot: Добрый день! Корпоративный отдел компании t2, меня зову Ольга. Меня слышно, да?; human: добрый день слышно; bot: У меня один короткий вопрос по вашему договору. Мм…; bot: Дело в том, что мы заметили снижение трафика по вашему контракту.; bot: Подскажите, пожалуйста, планируете ли вы пользоваться нашими услугами дальше?",17,200 OK,"hello_main, hello_default, clarification_main, clarification_main_tail",True
5271559,сброс на предложении,угроза оттока не определена,,"bot: Добрый день! Меня зовут Ольга, корпоративный отдел компании t2. Вам удобно сейчас минуту уделить?; human: что вы хотели; bot: У меня короткий вопрос по вашему договору, буквально минута.; bot: Дело в том, что мы заметили снижение трафика по вашему контракту.; bot: Подскажите, пожалуйста, планируете ли вы пользоваться нашими услугами дальше?",18,200 OK,"hello_main, hello_wrong_time, clarification_main, clarification_main_tail",True
5282131,проблемы с распознаванием,угроза оттока не подтверждена,,"bot: Добрый день! Компания t2, меня зовут Ольга. Звоню по корпоративному договору, меня хорошо слышно?; human: добрый день; bot: Отлично!; bot: Дело в том, что мы заметили снижение трафика по вашему контракту.; bot: Подскажите, пожалуйста, планируете ли вы пользоваться нашими услугами дальше?; bot: Алло?; bot: Вас не слышно; bot: Извините, что-то со связью, повторите, пожалуйста.; bot: Какие-то проблемы со связью. Всего вам доброго, до свидания!",53,200 OK,"hello_main, hello_thanks, clarification_main, clarification_main_tail, clarification_null_1, clarification_null_2, clarification_null_3, bad_connection_hangup",True
5322873,сброс на предложении,угроза оттока не определена,,"bot: Добрый день! Компания t2, меня зовут Ольга. Звоню по корпоративному договору, меня хорошо слышно?; human: да еще раз на этот номер; bot: Компания ""t2"", ваш сотовый оператор. Ранее вы нас знали как ""Теле2"".; bot: Дело в том, что мы заметили снижение трафика по вашему контракту.; bot: Подскажите, пожалуйста, планируете ли вы пользоваться нашими услугами дальше?",25,200 OK,"hello_main, hello_repeat, clarification_main, clarification_main_tail",True
5325440,проблемы с распознаванием,угроза оттока не подтверждена,,"bot: Добрый день! Меня зовут Ольга, корпоративный отдел компании t2. Вам удобно сейчас минуту уделить?; human: да; bot: Отлично!; bot: Дело в том, что мы заметили снижение трафика по вашему контракту.; bot: Подскажите, пожалуйста, планируете ли вы пользоваться нашими услугами дальше?; bot: Алло?; bot: Вас не слышно; bot: Извините, что-то со связью, повторите, пожалуйста.; bot: Какие-то проблемы со связью. Всего вам доброго, до свидания!",59,200 OK,"hello_main, hello_thanks, clarification_main, clarification_main_tail, clarification_null_1, clarification_null_2, clarification_null_3, bad_connection_hangup",True
5330236,проблемы с распознаванием,угроза оттока не подтверждена,,"bot: Добрый день! Корпоративный отдел компании t2, меня зову Ольга. Меня слышно, да?; human: говорите говорите подождите вы номером ошиблись; bot: Отлично!; bot: Дело в том, что мы заметили снижение трафика по вашему контракту.; bot: Подскажите, пожалуйста, планируете ли вы пользоваться нашими услугами дальше?; bot: Алло?; bot: Вас не слышно; bot: Извините, что-то со связью, повторите, пожалуйста.; bot: Какие-то проблемы со связью. Всего вам доброго, до свидания!",45,200 OK,"hello_main, hello_thanks, clarification_main, clarification_main_tail, clarification_null_1, clarification_null_2, clarification_null_3, bad_connection_hangup",True
5367662,сброс на предложении,угроза оттока не определена,,"bot: Добрый день! Компания t2, меня зовут Ольга. Звоню по корпоративному договору, меня хорошо слышно?; human: да; bot: Отлично!; bot: Дело в том, что мы заметили снижение трафика по вашему контракту.; bot: Подскажите, пожалуйста, планируете ли вы пользоваться нашими услугами дальше?",22,200 OK,"hello_main, hello_thanks, clarification_main, clarification_main_tail",True
5402713,проблемы с распознаванием,угроза оттока не подтверждена,,"bot: Добрый день! Компания t2, меня зовут Ольга. Звоню по корпоративному договору, меня хорошо слышно?; human: корпоративный; bot: У меня один короткий вопрос по вашему договору. Мм…; bot: Дело в том, что мы заметили снижение трафика по вашему контракту.; bot: Подскажите, пожалуйста, планируете ли вы пользоваться нашими услугами дальше?; bot: Алло?; bot: Вас не слышно; bot: Извините, что-то со связью, повторите, пожалуйста.; bot: Какие-то проблемы со связью. Всего вам доброго, до свидания!",45,200 OK,"hello_main, hello_default, clarification_main, clarification_main_tail, clarification_null_1, clarification_null_2, clarification_null_3, bad_connection_hangup",True
5403658,проблемы с распознаванием,угроза оттока не подтверждена,,"bot: Добрый день! Меня зовут Ольга, корпоративный отдел компании t2. Вам удобно сейчас минуту уделить?; human: здравствуйте откуда у вас мой номер; bot: Отлично!; bot: Дело в том, что мы заметили снижение трафика по вашему контракту.; bot: Подскажите, пожалуйста, планируете ли вы пользоваться нашими услугами дальше?; bot: Алло?; bot: Вас не слышно; bot: Извините, что-то со связью, повторите, пожалуйста.; bot: Какие-то проблемы со связью. Всего вам доброго, до свидания!",50,200 OK,"hello_main, hello_thanks, clarification_main, clarification_main_tail, clarification_null_1, clarification_null_2, clarification_null_3, bad_connection_hangup",True
5403963,сброс на предложении,угроза оттока не определена,,"bot: Добрый день! Корпоративный отдел компании t2, меня зову Ольга. Меня слышно, да?; human: здравствуйте; bot: Отлично!; bot: Дело в том, что мы заметили снижение трафика по вашему контракту.; bot: Подскажите, пожалуйста, планируете ли вы пользоваться нашими услугами дальше?",19,200 OK,"hello_main, hello_thanks, clarification_main, clarification_main_tail",True
5405553,проблемы с распознаванием,угроза оттока не подтверждена,,"bot: Добрый день! Меня зовут Ольга, корпоративный отдел компании t2. Вам удобно сейчас минуту уделить?; human: что такое; bot: У меня короткий вопрос по вашему договору, буквально минута.; bot: Дело в том, что мы заметили снижение трафика по вашему контракту.; bot: Подскажите, пожалуйста, планируете ли вы пользоваться нашими услугами дальше?; bot: Алло?; bot: Вас не слышно; bot: Извините, что-то со связью, повторите, пожалуйста.; bot: Какие-то проблемы со связью. Всего вам доброго, до свидания!",51,200 OK,"hello_main, hello_wrong_time, clarification_main, clarification_main_tail, clarification_null_1, clarification_null_2, clarification_null_3, bad_connection_hangup",True
5407210,проблемы с распознаванием,угроза оттока не подтверждена,,"bot: Добрый день! Это компания t2, корпоративный отдел, Ольга. Минуту уделите, пожалуйста?; human: внимательно слушаю; bot: Отлично!; bot: Дело в том, что мы заметили снижение трафика по вашему контракту.; bot: Подскажите, пожалуйста, планируете ли вы пользоваться нашими услугами дальше?; bot: Алло?; bot: Вас не слышно; bot: Извините, что-то со связью, повторите, пожалуйста.; bot: Какие-то проблемы со связью. Всего вам доброго, до свидания!",48,200 OK,"hello_main, hello_thanks, clarification_main, clarification_main_tail, clarification_null_1, clarification_null_2, clarification_null_3, bad_connection_hangup",True
5408818,сброс на предложении,угроза оттока не определена,,"bot: Добрый день! Корпоративный отдел компании t2, меня зову Ольга. Меня слышно, да?; human: слушаю вас здравствуйте; bot: Отлично!; bot: Дело в том, что мы заметили снижение трафика по вашему контракту.; bot: Подскажите, пожалуйста, планируете ли вы пользоваться нашими услугами дальше?",13,200 OK,"hello_main, hello_thanks, clarification_main, clarification_main_tail",True
5416123,проблемы с распознаванием,угроза оттока не подтверждена,,"bot: Добрый день! Меня зовут Ольга, корпоративный отдел компании t2. Вам удобно сейчас минуту уделить?; human: внимательно говорите; bot: Отлично!; bot: Дело в том, что мы заметили снижение трафика по вашему контракту.; bot: Подскажите, пожалуйста, планируете ли вы пользоваться нашими услугами дальше?; bot: Алло?; bot: Вас не слышно; bot: Извините, что-то со связью, повторите, пожалуйста.; bot: Какие-то проблемы со связью. Всего вам доброго, до свидания!",53,200 OK,"hello_main, hello_thanks, clarification_main, clarification_main_tail, clarification_null_1, clarification_null_2, clarification_null_3, bad_connection_hangup",True
5427908,сброс на предложении,угроза оттока не определена,,"bot: Добрый день! Корпоративный отдел компании t2, меня зову Ольга. Меня слышно, да?; human: да слушаю; bot: Отлично!; bot: Дело в том, что мы заметили снижение трафика по вашему контракту.; bot: Подскажите, пожалуйста, планируете ли вы пользоваться нашими услугами дальше?",13,200 OK,"hello_main, hello_thanks, clarification_main, clarification_main_tail",True
5437245,сброс на предложении,угроза оттока не определена,,"bot: Добрый день! Корпоративный отдел компании t2, меня зову Ольга. Меня слышно, да?; human: да говорите; bot: Отлично!; bot: Дело в том, что мы заметили снижение трафика по вашему контракту.; bot: Подскажите, пожалуйста, планируете ли вы пользоваться нашими услугами дальше?; bot: Алло?",30,200 OK,"hello_main, hello_thanks, clarification_main, clarification_main_tail, clarification_null_1",True
5442678,проблемы с распознаванием,угроза оттока не подтверждена,,"bot: Добрый день! Это компания t2, корпоративный отдел, Ольга. Минуту уделите, пожалуйста?; human: добрый день слушаю вас; bot: Отлично!; bot: Дело в том, что мы заметили снижение трафика по вашему контракту.; bot: Подскажите, пожалуйста, планируете ли вы пользоваться нашими услугами дальше?; bot: Алло?; bot: Вас не слышно; bot: Извините, что-то со связью, повторите, пожалуйста.; bot: Какие-то проблемы со связью. Всего вам доброго, до свидания!",48,200 OK,"hello_main, hello_thanks, clarification_main, clarification_main_tail, clarification_null_1, clarification_null_2, clarification_null_3, bad_connection_hangup",True
5446991,проблемы с распознаванием,угроза оттока не подтверждена,,"bot: Добрый день! Это компания t2, корпоративный отдел, Ольга. Минуту уделите, пожалуйста?; human: здравствуйте; bot: Отлично!; bot: Дело в том, что мы заметили снижение трафика по вашему контракту.; bot: Подскажите, пожалуйста, планируете ли вы пользоваться нашими услугами дальше?; bot: Алло?; bot: Вас не слышно; bot: Извините, что-то со связью, повторите, пожалуйста.; bot: Какие-то проблемы со связью. Всего вам доброго, до свидания!",48,200 OK,"hello_main, hello_thanks, clarification_main, clarification_main_tail, clarification_null_1, clarification_null_2, clarification_null_3, bad_connection_hangup",True
5457424,проблемы с распознаванием,угроза оттока не подтверждена,,"bot: Добрый день! Это компания t2, корпоративный отдел, Ольга. Минуту уделите, пожалуйста?; human: хорошо скажите а вы с какой целью звоните; bot: У меня короткий вопрос по вашему договору, буквально минута.; bot: Дело в том, что мы заметили снижение трафика по вашему контракту.; bot: Подскажите, пожалуйста, планируете ли вы пользоваться нашими услугами дальше?; bot: Алло?; bot: Вас не слышно; bot: Извините, что-то со связью, повторите, пожалуйста.; bot: Какие-то проблемы со связью. Всего вам доброго, до свидания!",51,200 OK,"hello_main, hello_wrong_time, clarification_main, clarification_main_tail, clarification_null_1, clarification_null_2, clarification_null_3, bad_connection_hangup",True
5462721,сброс на предложении,угроза оттока не определена,,"bot: Добрый день! Корпоративный отдел компании t2, меня зову Ольга. Меня слышно, да?; human: что вы хотели; bot: У меня короткий вопрос по вашему договору, буквально минута.; bot: Дело в том, что мы заметили снижение трафика по вашему контракту.; bot: Подскажите, пожалуйста, планируете ли вы пользоваться нашими услугами дальше?",27,200 OK,"hello_main, hello_wrong_time, clarification_main, clarification_main_tail",True
5468037,проблемы с распознаванием,угроза оттока не подтверждена,,"bot: Добрый день! Меня зовут Ольга, корпоративный отдел компании t2. Вам удобно сейчас минуту уделить?; human: алло; bot: У меня один короткий вопрос по вашему договору. Мм…; bot: Дело в том, что мы заметили снижение трафика по вашему контракту.; bot: Подскажите, пожалуйста, планируете ли вы пользоваться нашими услугами дальше?; bot: Алло?; bot: Вас не слышно; bot: Извините, что-то со связью, повторите, пожалуйста.; bot: Какие-то проблемы со связью. Всего вам доброго, до свидания!",49,200 OK,"hello_main, hello_default, clarification_main, clarification_main_tail, clarification_null_1, clarification_null_2, clarification_null_3, bad_connection_hangup",True
5478773,сброс на предложении,угроза оттока не определена,,"bot: Добрый день! Это компания t2, корпоративный отдел, Ольга. Минуту уделите, пожалуйста?; human: давайте; bot: Отлично!; bot: Дело в том, что мы заметили снижение трафика по вашему контракту.; bot: Подскажите, пожалуйста, планируете ли вы пользоваться нашими услугами дальше?; bot: Алло?",26,200 OK,"hello_main, hello_thanks, clarification_main, clarification_main_tail, clarification_null_1",True
5480694,сброс на предложении,угроза оттока не определена,,"bot: Добрый день! Меня зовут Ольга, корпоративный отдел компании t2. Вам удобно сейчас минуту уделить?; human: ой некогда; bot: У меня короткий вопрос по вашему договору, буквально минута.; bot: Дело в том, что мы заметили снижение трафика по вашему контракту.; bot: Подскажите, пожалуйста, планируете ли вы пользоваться нашими услугами дальше?",26,200 OK,"hello_main, hello_wrong_time, clarification_main, clarification_main_tail",True
5482730,проблемы с распознаванием,угроза оттока не подтверждена,,"bot: Добрый день! Корпоративный отдел компании t2, меня зову Ольга. Меня слышно, да?; human: слушаю; bot: Отлично!; bot: Дело в том, что мы заметили снижение трафика по вашему контракту.; bot: Подскажите, пожалуйста, планируете ли вы пользоваться нашими услугами дальше?; bot: Алло?; bot: Вас не слышно; bot: Извините, что-то со связью, повторите, пожалуйста.; bot: Какие-то проблемы со связью. Всего вам доброго, до свидания!",47,200 OK,"hello_main, hello_thanks, clarification_main, clarification_main_tail, clarification_null_1, clarification_null_2, clarification_null_3, bad_connection_hangup",True
5482978,проблемы с распознаванием,угроза оттока не подтверждена,,"bot: Добрый день! Компания t2, меня зовут Ольга. Звоню по корпоративному договору, меня хорошо слышно?; human: алло; bot: У меня один короткий вопрос по вашему договору. Мм…; bot: Дело в том, что мы заметили снижение трафика по вашему контракту.; bot: Подскажите, пожалуйста, планируете ли вы пользоваться нашими услугами дальше?; bot: Алло?; bot: Вас не слышно; bot: Извините, что-то со связью, повторите, пожалуйста.; bot: Какие-то проблемы со связью. Всего вам доброго, до свидания!",50,200 OK,"hello_main, hello_default, clarification_main, clarification_main_tail, clarification_null_1, clarification_null_2, clarification_null_3, bad_connection_hangup",True
5484548,сброс на предложении,угроза оттока не определена,,"bot: Добрый день! Компания t2, меня зовут Ольга. Звоню по корпоративному договору, меня хорошо слышно?; human: алло слышно; bot: У меня один короткий вопрос по вашему договору. Мм…; bot: Дело в том, что мы заметили снижение трафика по вашему контракту.; bot: Подскажите, пожалуйста, планируете ли вы пользоваться нашими услугами дальше?",17,200 OK,"hello_main, hello_default, clarification_main, clarification_main_tail",True
5486512,сброс на предложении,угроза оттока не определена,,"bot: Добрый день! Меня зовут Ольга, корпоративный отдел компании t2. Вам удобно сейчас минуту уделить?; human: олте слушаю вас; bot: Отлично!; bot: Дело в том, что мы заметили снижение трафика по вашему контракту.; bot: Подскажите, пожалуйста, планируете ли вы пользоваться нашими услугами дальше?",18,200 OK,"hello_main, hello_thanks, clarification_main, clarification_main_tail",True
5487386,проблемы с распознаванием,угроза оттока не подтверждена,,"bot: Добрый день! Меня зовут Ольга, корпоративный отдел компании t2. Вам удобно сейчас минуту уделить?; human: добрый день меня зовут; bot: У меня один короткий вопрос по вашему договору. Мм…; bot: Дело в том, что мы заметили снижение трафика по вашему контракту.; bot: Подскажите, пожалуйста, планируете ли вы пользоваться нашими услугами дальше?; bot: Алло?; bot: Вас не слышно; bot: Извините, что-то со связью, повторите, пожалуйста.",44,200 OK,"hello_main, hello_default, clarification_main, clarification_main_tail, clarification_null_1, clarification_null_2, clarification_null_3",True
5496787,проблемы с распознаванием,угроза оттока не подтверждена,,"bot: Добрый день! Компания t2, меня зовут Ольга. Звоню по корпоративному договору, меня хорошо слышно?; human: а я как раз натижа я вас слушаю; bot: Отлично!; bot: Дело в том, что мы заметили снижение трафика по вашему контракту.; bot: Подскажите, пожалуйста, планируете ли вы пользоваться нашими услугами дальше?; bot: Алло?; bot: Вас не слышно; bot: Извините, что-то со связью, повторите, пожалуйста.; bot: Какие-то проблемы со связью. Всего вам доброго, до свидания!",56,200 OK,"hello_main, hello_thanks, clarification_main, clarification_main_tail, clarification_null_1, clarification_null_2, clarification_null_3, bad_connection_hangup",True
5497332,сброс на предложении,угроза оттока не определена,,"bot: Добрый день! Компания t2, меня зовут Ольга. Звоню по корпоративному договору, меня хорошо слышно?; human: не очень; bot: У меня короткий вопрос по вашему договору, буквально минута.; bot: Дело в том, что мы заметили снижение трафика по вашему контракту.; bot: Подскажите, пожалуйста, планируете ли вы пользоваться нашими услугами дальше?",28,200 OK,"hello_main, hello_wrong_time, clarification_main, clarification_main_tail",True
5510856,проблемы с распознаванием,угроза оттока не подтверждена,,"bot: Добрый день! Компания t2, меня зовут Ольга. Звоню по корпоративному договору, меня хорошо слышно?; human: алло; bot: У меня один короткий вопрос по вашему договору. Мм…; bot: Дело в том, что мы заметили снижение трафика по вашему контракту.; bot: Подскажите, пожалуйста, планируете ли вы пользоваться нашими услугами дальше?; bot: Алло?; bot: Вас не слышно; bot: Извините, что-то со связью, повторите, пожалуйста.; bot: Какие-то проблемы со связью. Всего вам доброго, до свидания!",51,200 OK,"hello_main, hello_default, clarification_main, clarification_main_tail, clarification_null_1, clarification_null_2, clarification_null_3, bad_connection_hangup",True
5516741,сброс на предложении,угроза оттока не определена,,"bot: Добрый день! Это компания t2, корпоративный отдел, Ольга. Минуту уделите, пожалуйста?; human: да да слушаю вас; bot: Отлично!; bot: Дело в том, что мы заметили снижение трафика по вашему контракту.; bot: Подскажите, пожалуйста, планируете ли вы пользоваться нашими услугами дальше?; bot: Алло?",29,200 OK,"hello_main, hello_thanks, clarification_main, clarification_main_tail, clarification_null_1",True
5524057,проблемы с распознаванием,угроза оттока не подтверждена,,"bot: Добрый день! Компания t2, меня зовут Ольга. Звоню по корпоративному договору, меня хорошо слышно?; human: добрый день; bot: Отлично!; bot: Дело в том, что мы заметили снижение трафика по вашему контракту.; bot: Подскажите, пожалуйста, планируете ли вы пользоваться нашими услугами дальше?; bot: Алло?; bot: Вас не слышно; bot: Извините, что-то со связью, повторите, пожалуйста.; bot: Какие-то проблемы со связью. Всего вам доброго, до свидания!",57,200 OK,"hello_main, hello_thanks, clarification_main, clarification_main_tail, clarification_null_1, clarification_null_2, clarification_null_3, bad_connection_hangup",True
5537410,проблемы с распознаванием,угроза оттока не подтверждена,,"bot: Добрый день! Меня зовут Ольга, корпоративный отдел компании t2. Вам удобно сейчас минуту уделить?; human: м на автоответчик; bot: У меня один короткий вопрос по вашему договору. Мм…; bot: Дело в том, что мы заметили снижение трафика по вашему контракту.; bot: Подскажите, пожалуйста, планируете ли вы пользоваться нашими услугами дальше?; bot: Алло?; bot: Вас не слышно; bot: Извините, что-то со связью, повторите, пожалуйста.; bot: Какие-то проблемы со связью. Всего вам доброго, до свидания!",46,200 OK,"hello_main, hello_default, clarification_main, clarification_main_tail, clarification_null_1, clarification_null_2, clarification_null_3, bad_connection_hangup",True
5541418,сброс на предложении,угроза оттока не определена,,"bot: Добрый день! Корпоративный отдел компании t2, меня зову Ольга. Меня слышно, да?; human: угу; bot: Отлично!; bot: Дело в том, что мы заметили снижение трафика по вашему контракту.; bot: Подскажите, пожалуйста, планируете ли вы пользоваться нашими услугами дальше?; bot: Алло?",27,200 OK,"hello_main, hello_thanks, clarification_main, clarification_main_tail, clarification_null_1",True
5542012,сброс на предложении,угроза оттока не определена,,"bot: Добрый день! Это компания t2, корпоративный отдел, Ольга. Минуту уделите, пожалуйста?; bot: Алло, слышно меня?; human: слышно; bot: Отлично!; bot: Дело в том, что мы заметили снижение трафика по вашему контракту.; bot: Подскажите, пожалуйста, планируете ли вы пользоваться нашими услугами дальше?",23,200 OK,"hello_main, hello_null_1, hello_thanks, clarification_main, clarification_main_tail",True
5542192,сброс на предложении,угроза оттока не определена,,"bot: Добрый день! Компания t2, меня зовут Ольга. Звоню по корпоративному договору, меня хорошо слышно?; human: сейчас не очень удобно; bot: У меня короткий вопрос по вашему договору, буквально минута.; bot: Дело в том, что мы заметили снижение трафика по вашему контракту.; bot: Подскажите, пожалуйста, планируете ли вы пользоваться нашими услугами дальше?",24,200 OK,"hello_main, hello_wrong_time, clarification_main, clarification_main_tail",True
5559655,проблемы с распознаванием,угроза оттока не подтверждена,,"bot: Добрый день! Корпоративный отдел компании t2, меня зову Ольга. Меня слышно, да?; human: алло; bot: У меня один короткий вопрос по вашему договору. Мм…; bot: Дело в том, что мы заметили снижение трафика по вашему контракту.; bot: Подскажите, пожалуйста, планируете ли вы пользоваться нашими услугами дальше?; bot: Алло?; bot: Вас не слышно; bot: Извините, что-то со связью, повторите, пожалуйста.; bot: Какие-то проблемы со связью. Всего вам доброго, до свидания!",49,200 OK,"hello_main, hello_default, clarification_main, clarification_main_tail, clarification_null_1, clarification_null_2, clarification_null_3, bad_connection_hangup",True
5571068,проблемы с распознаванием,угроза оттока не подтверждена,,"bot: Добрый день! Меня зовут Ольга, корпоративный отдел компании t2. Вам удобно сейчас минуту уделить?; human: алло алло не вас пояснить пожалуйста что от меня нужно; bot: У меня короткий вопрос по вашему договору, буквально минута.; bot: Дело в том, что мы заметили снижение трафика по вашему контракту.; bot: Подскажите, пожалуйста, планируете ли вы пользоваться нашими услугами дальше?; bot: Алло?; bot: Вас не слышно; bot: Извините, что-то со связью, повторите, пожалуйста.; bot: Какие-то проблемы со связью. Всего вам доброго, до свидания!",48,200 OK,"hello_main, hello_wrong_time, clarification_main, clarification_main_tail, clarification_null_1, clarification_null_2, clarification_null_3, bad_connection_hangup",True
5572640,проблемы с распознаванием,угроза оттока не подтверждена,,"bot: Добрый день! Корпоративный отдел компании t2, меня зову Ольга. Меня слышно, да?; human: слушаю вас; bot: Отлично!; bot: Дело в том, что мы заметили снижение трафика по вашему контракту.; bot: Подскажите, пожалуйста, планируете ли вы пользоваться нашими услугами дальше?; bot: Алло?; bot: Вас не слышно; bot: Извините, что-то со связью, повторите, пожалуйста.; bot: Какие-то проблемы со связью. Всего вам доброго, до свидания!",47,200 OK,"hello_main, hello_thanks, clarification_main, clarification_main_tail, clarification_null_1, clarification_null_2, clarification_null_3, bad_connection_hangup",True
5605643,сброс на предложении,угроза оттока не определена,,"bot: Добрый день! Компания t2, меня зовут Ольга. Звоню по корпоративному договору, меня хорошо слышно?; human: по какому договору; bot: У меня один короткий вопрос по вашему договору. Мм…; bot: Дело в том, что мы заметили снижение трафика по вашему контракту.; bot: Подскажите, пожалуйста, планируете ли вы пользоваться нашими услугами дальше?",20,200 OK,"hello_main, hello_default, clarification_main, clarification_main_tail",True
5610552,проблемы с распознаванием,угроза оттока не подтверждена,,"bot: Добрый день! Это компания t2, корпоративный отдел, Ольга. Минуту уделите, пожалуйста?; human: добрый день; bot: Отлично!; bot: Дело в том, что мы заметили снижение трафика по вашему контракту.; bot: Подскажите, пожалуйста, планируете ли вы пользоваться нашими услугами дальше?; bot: Алло?; bot: Вас не слышно; bot: Извините, что-то со связью, повторите, пожалуйста.; bot: Какие-то проблемы со связью. Всего вам доброго, до свидания!",49,200 OK,"hello_main, hello_thanks, clarification_main, clarification_main_tail, clarification_null_1, clarification_null_2, clarification_null_3, bad_connection_hangup",True
5644119,проблемы с распознаванием,угроза оттока не подтверждена,,"bot: Добрый день! Меня зовут Ольга, корпоративный отдел компании t2. Вам удобно сейчас минуту уделить?; human: говорите; bot: Отлично!; bot: Дело в том, что мы заметили снижение трафика по вашему контракту.; bot: Подскажите, пожалуйста, планируете ли вы пользоваться нашими услугами дальше?; bot: Алло?; bot: Вас не слышно; bot: Извините, что-то со связью, повторите, пожалуйста.; bot: Какие-то проблемы со связью. Всего вам доброго, до свидания!",48,200 OK,"hello_main, hello_thanks, clarification_main, clarification_main_tail, clarification_null_1, clarification_null_2, clarification_null_3, bad_connection_hangup",True
5669540,сброс на предложении,угроза оттока не определена,,"bot: Добрый день! Корпоративный отдел компании t2, меня зову Ольга. Меня слышно, да?; human: да здравствуйте слышно; bot: Отлично!; bot: Дело в том, что мы заметили снижение трафика по вашему контракту.; bot: Подскажите, пожалуйста, планируете ли вы пользоваться нашими услугами дальше?",22,200 OK,"hello_main, hello_thanks, clarification_main, clarification_main_tail",True
5671859,сброс на предложении,угроза оттока не определена,,"bot: Добрый день! Меня зовут Ольга, корпоративный отдел компании t2. Вам удобно сейчас минуту уделить?; human: слушаю; bot: Отлично!; bot: Дело в том, что мы заметили снижение трафика по вашему контракту.; bot: Подскажите, пожалуйста, планируете ли вы пользоваться нашими услугами дальше?",17,200 OK,"hello_main, hello_thanks, clarification_main, clarification_main_tail",True
5676244,сброс на предложении,угроза оттока не определена,,"bot: Добрый день! Корпоративный отдел компании t2, меня зову Ольга. Меня слышно, да?; human: да слушаю; bot: Отлично!; bot: Дело в том, что мы заметили снижение трафика по вашему контракту.; bot: Подскажите, пожалуйста, планируете ли вы пользоваться нашими услугами дальше?",21,200 OK,"hello_main, hello_thanks, clarification_main, clarification_main_tail",True
5690804,сброс на предложении,угроза оттока не определена,,"bot: Добрый день! Меня зовут Ольга, корпоративный отдел компании t2. Вам удобно сейчас минуту уделить?; human: слушаю; bot: Отлично!; bot: Дело в том, что мы заметили снижение трафика по вашему контракту.; bot: Подскажите, пожалуйста, планируете ли вы пользоваться нашими услугами дальше?; bot: Алло?; bot: Вас не слышно",29,200 OK,"hello_main, hello_thanks, clarification_main, clarification_main_tail, clarification_null_1, clarification_null_2",True
5698047,сброс на предложении,угроза оттока не определена,,"bot: Добрый день! Меня зовут Ольга, корпоративный отдел компании t2. Вам удобно сейчас минуту уделить?; human: говорите; bot: Отлично!; bot: Дело в том, что мы заметили снижение трафика по вашему контракту.; bot: Подскажите, пожалуйста, планируете ли вы пользоваться нашими услугами дальше?",22,200 OK,"hello_main, hello_thanks, clarification_main, clarification_main_tail",True
5698143,проблемы с распознаванием,угроза оттока не подтверждена,,"bot: Добрый день! Корпоративный отдел компании t2, меня зову Ольга. Меня слышно, да?; human: слушаю вас; bot: Отлично!; bot: Дело в том, что мы заметили снижение трафика по вашему контракту.; bot: Подскажите, пожалуйста, планируете ли вы пользоваться нашими услугами дальше?; bot: Алло?; bot: Вас не слышно; bot: Извините, что-то со связью, повторите, пожалуйста.; bot: Какие-то проблемы со связью. Всего вам доброго, до свидания!",47,200 OK,"hello_main, hello_thanks, clarification_main, clarification_main_tail, clarification_null_1, clarification_null_2, clarification_null_3, bad_connection_hangup",True
5699890,проблемы с распознаванием,угроза оттока не подтверждена,,"bot: Добрый день! Корпоративный отдел компании t2, меня зову Ольга. Меня слышно, да?; human: кто это у вас мой номер почему вы звоните мне; bot: Компания ""t2"", ваш сотовый оператор. Ранее вы нас знали как ""Теле2"".; bot: Дело в том, что мы заметили снижение трафика по вашему контракту.; bot: Подскажите, пожалуйста, планируете ли вы пользоваться нашими услугами дальше?; bot: Алло?; bot: Вас не слышно; bot: Извините, что-то со связью, повторите, пожалуйста.; bot: Какие-то проблемы со связью. Всего вам доброго, до свидания!",52,200 OK,"hello_main, hello_repeat, clarification_main, clarification_main_tail, clarification_null_1, clarification_null_2, clarification_null_3, bad_connection_hangup",True
5719005,сброс на предложении,угроза оттока не определена,,"bot: Добрый день! Компания t2, меня зовут Ольга. Звоню по корпоративному договору, меня хорошо слышно?; human: могли бы перезвонить через 3 часа у меня сейчас возможности; bot: У меня один короткий вопрос по вашему договору. Мм…; bot: Дело в том, что мы заметили снижение трафика по вашему контракту.; bot: Подскажите, пожалуйста, планируете ли вы пользоваться нашими услугами дальше?",21,200 OK,"hello_main, hello_default, clarification_main, clarification_main_tail",True
5731396,проблемы с распознаванием,угроза оттока не подтверждена,,"bot: Добрый день! Меня зовут Ольга, корпоративный отдел компании t2. Вам удобно сейчас минуту уделить?; human: добрый день меня зовут ога корпоративный отдел компании теле 2 вам удобно сейчас; bot: Отлично!; bot: Дело в том, что мы заметили снижение трафика по вашему контракту.; bot: Подскажите, пожалуйста, планируете ли вы пользоваться нашими услугами дальше?; bot: Алло?; bot: Вас не слышно; bot: Извините, что-то со связью, повторите, пожалуйста.; bot: Какие-то проблемы со связью. Всего вам доброго, до свидания!",46,200 OK,"hello_main, hello_thanks, clarification_main, clarification_main_tail, clarification_null_1, clarification_null_2, clarification_null_3, bad_connection_hangup",True
5732555,проблемы с распознаванием,угроза оттока не подтверждена,,"bot: Добрый день! Это компания t2, корпоративный отдел, Ольга. Минуту уделите, пожалуйста?; human: хорошо скажите а вы с какой целью звоните; bot: У меня короткий вопрос по вашему договору, буквально минута.; bot: Дело в том, что мы заметили снижение трафика по вашему контракту.; bot: Подскажите, пожалуйста, планируете ли вы пользоваться нашими услугами дальше?; bot: Алло?; bot: Вас не слышно; bot: Извините, что-то со связью, повторите, пожалуйста.; bot: Какие-то проблемы со связью. Всего вам доброго, до свидания!",51,200 OK,"hello_main, hello_wrong_time, clarification_main, clarification_main_tail, clarification_null_1, clarification_null_2, clarification_null_3, bad_connection_hangup",True
5741637,сброс на предложении,угроза оттока не определена,,"bot: Добрый день! Компания t2, меня зовут Ольга. Звоню по корпоративному договору, меня хорошо слышно?; human: алло хорошо; bot: Отлично!; bot: Дело в том, что мы заметили снижение трафика по вашему контракту.; bot: Подскажите, пожалуйста, планируете ли вы пользоваться нашими услугами дальше?",15,200 OK,"hello_main, hello_thanks, clarification_main, clarification_main_tail",True
5746330,сброс на предложении,угроза оттока не определена,,"bot: Добрый день! Это компания t2, корпоративный отдел, Ольга. Минуту уделите, пожалуйста?; human: зачем; bot: Компания ""t2"", ваш сотовый оператор. Ранее вы нас знали как ""Теле2"".; bot: Дело в том, что мы заметили снижение трафика по вашему контракту.; bot: Подскажите, пожалуйста, планируете ли вы пользоваться нашими услугами дальше?",21,200 OK,"hello_main, hello_repeat, clarification_main, clarification_main_tail",True
5748374,проблемы с распознаванием,угроза оттока не подтверждена,,"bot: Добрый день! Компания t2, меня зовут Ольга. Звоню по корпоративному договору, меня хорошо слышно?; human: алло люры день; bot: У меня один короткий вопрос по вашему договору. Мм…; bot: Дело в том, что мы заметили снижение трафика по вашему контракту.; bot: Подскажите, пожалуйста, планируете ли вы пользоваться нашими услугами дальше?; bot: Алло?; bot: Вас не слышно; bot: Извините, что-то со связью, повторите, пожалуйста.; bot: Какие-то проблемы со связью. Всего вам доброго, до свидания!",53,200 OK,"hello_main, hello_default, clarification_main, clarification_main_tail, clarification_null_1, clarification_null_2, clarification_null_3, bad_connection_hangup",True
5750694,проблемы с распознаванием,угроза оттока не подтверждена,,"bot: Добрый день! Компания t2, меня зовут Ольга. Звоню по корпоративному договору, меня хорошо слышно?; human: говорите; bot: Отлично!; bot: Дело в том, что мы заметили снижение трафика по вашему контракту.; bot: Подскажите, пожалуйста, планируете ли вы пользоваться нашими услугами дальше?; bot: Алло?; bot: Вас не слышно; bot: Извините, что-то со связью, повторите, пожалуйста.; bot: Какие-то проблемы со связью. Всего вам доброго, до свидания!",48,200 OK,"hello_main, hello_thanks, clarification_main, clarification_main_tail, clarification_null_1, clarification_null_2, clarification_null_3, bad_connection_hangup",True
5761294,сброс на предложении,угроза оттока не определена,,"bot: Добрый день! Корпоративный отдел компании t2, меня зову Ольга. Меня слышно, да?; human: слышно; bot: Отлично!; bot: Дело в том, что мы заметили снижение трафика по вашему контракту.; bot: Подскажите, пожалуйста, планируете ли вы пользоваться нашими услугами дальше?",23,200 OK,"hello_main, hello_thanks, clarification_main, clarification_main_tail",True
5763517,проблемы с распознаванием,угроза оттока не подтверждена,,"bot: Добрый день! Это компания t2, корпоративный отдел, Ольга. Минуту уделите, пожалуйста?; human: значит интересно; bot: Отлично!; bot: Дело в том, что мы заметили снижение трафика по вашему контракту.; bot: Подскажите, пожалуйста, планируете ли вы пользоваться нашими услугами дальше?; bot: Алло?; bot: Вас не слышно; bot: Извините, что-то со связью, повторите, пожалуйста.; bot: Какие-то проблемы со связью. Всего вам доброго, до свидания!",47,200 OK,"hello_main, hello_thanks, clarification_main, clarification_main_tail, clarification_null_1, clarification_null_2, clarification_null_3, bad_connection_hangup",True
5764068,проблемы с распознаванием,угроза оттока не подтверждена,,"bot: Добрый день! Меня зовут Ольга, корпоративный отдел компании t2. Вам удобно сейчас минуту уделить?; human: я вас не расслышал повторите; bot: Компания ""t2"", ваш сотовый оператор. Ранее вы нас знали как ""Теле2"".; bot: Дело в том, что мы заметили снижение трафика по вашему контракту.; bot: Подскажите, пожалуйста, планируете ли вы пользоваться нашими услугами дальше?; bot: Алло?; bot: Вас не слышно; bot: Извините, что-то со связью, повторите, пожалуйста.; bot: Какие-то проблемы со связью. Всего вам доброго, до свидания!",54,200 OK,"hello_main, hello_repeat, clarification_main, clarification_main_tail, clarification_null_1, clarification_null_2, clarification_null_3, bad_connection_hangup",True
5768323,сброс на предложении,угроза оттока не определена,,"bot: Добрый день! Корпоративный отдел компании t2, меня зову Ольга. Меня слышно, да?; human: да да да; bot: Отлично!; bot: Дело в том, что мы заметили снижение трафика по вашему контракту.; bot: Подскажите, пожалуйста, планируете ли вы пользоваться нашими услугами дальше?",16,200 OK,"hello_main, hello_thanks, clarification_main, clarification_main_tail",True
5791161,проблемы с распознаванием,угроза оттока не подтверждена,,"bot: Добрый день! Это компания t2, корпоративный отдел, Ольга. Минуту уделите, пожалуйста?; human: добрый день; bot: Отлично!; bot: Дело в том, что мы заметили снижение трафика по вашему контракту.; bot: Подскажите, пожалуйста, планируете ли вы пользоваться нашими услугами дальше?; bot: Алло?; bot: Вас не слышно; bot: Извините, что-то со связью, повторите, пожалуйста.; bot: Какие-то проблемы со связью. Всего вам доброго, до свидания!",48,200 OK,"hello_main, hello_thanks, clarification_main, clarification_main_tail, clarification_null_1, clarification_null_2, clarification_null_3, bad_connection_hangup",True
5793710,сброс на предложении,угроза оттока не определена,,"bot: Добрый день! Корпоративный отдел компании t2, меня зову Ольга. Меня слышно, да?; human: пожалуйста подождите; bot: У меня один короткий вопрос по вашему договору. Мм…; bot: Дело в том, что мы заметили снижение трафика по вашему контракту.; bot: Подскажите, пожалуйста, планируете ли вы пользоваться нашими услугами дальше?; bot: Алло?",33,200 OK,"hello_main, hello_default, clarification_main, clarification_main_tail, clarification_null_1",True
5797682,проблемы с распознаванием,угроза оттока не подтверждена,,"bot: Добрый день! Корпоративный отдел компании t2, меня зову Ольга. Меня слышно, да?; human: звонили потом я буду; bot: У меня один короткий вопрос по вашему договору. Мм…; bot: Дело в том, что мы заметили снижение трафика по вашему контракту.; bot: Подскажите, пожалуйста, планируете ли вы пользоваться нашими услугами дальше?; bot: Алло?; bot: Вас не слышно; bot: Извините, что-то со связью, повторите, пожалуйста.; bot: Какие-то проблемы со связью. Всего вам доброго, до свидания!",49,200 OK,"hello_main, hello_default, clarification_main, clarification_main_tail, clarification_null_1, clarification_null_2, clarification_null_3, bad_connection_hangup",True
5835515,сброс на предложении,угроза оттока не определена,,"bot: Добрый день! Корпоративный отдел компании t2, меня зову Ольга. Меня слышно, да?; human: плохо слышно; bot: Компания ""t2"", ваш сотовый оператор. Ранее вы нас знали как ""Теле2"".; bot: Дело в том, что мы заметили снижение трафика по вашему контракту.; bot: Подскажите, пожалуйста, планируете ли вы пользоваться нашими услугами дальше?",21,200 OK,"hello_main, hello_repeat, clarification_main, clarification_main_tail",True
5877101,проблемы с распознаванием,угроза оттока не подтверждена,,"bot: Добрый день! Корпоративный отдел компании t2, меня зову Ольга. Меня слышно, да?; human: кто это; bot: Компания ""t2"", ваш сотовый оператор. Ранее вы нас знали как ""Теле2"".; bot: Дело в том, что мы заметили снижение трафика по вашему контракту.; bot: Подскажите, пожалуйста, планируете ли вы пользоваться нашими услугами дальше?; bot: Алло?; bot: Вас не слышно; bot: Извините, что-то со связью, повторите, пожалуйста.; bot: Какие-то проблемы со связью. Всего вам доброго, до свидания!",49,200 OK,"hello_main, hello_repeat, clarification_main, clarification_main_tail, clarification_null_1, clarification_null_2, clarification_null_3, bad_connection_hangup",True
5899245,проблемы с распознаванием,угроза оттока не подтверждена,,"bot: Добрый день! Компания t2, меня зовут Ольга. Звоню по корпоративному договору, меня хорошо слышно?; human: каждый раз сама думаю на эту тему но ответа так и не нахожу; bot: У меня один короткий вопрос по вашему договору. Мм…; bot: Дело в том, что мы заметили снижение трафика по вашему контракту.; bot: Подскажите, пожалуйста, планируете ли вы пользоваться нашими услугами дальше?; bot: Алло?; bot: Вас не слышно; bot: Извините, что-то со связью, повторите, пожалуйста.; bot: Какие-то проблемы со связью. Всего вам доброго, до свидания!",49,200 OK,"hello_main, hello_default, clarification_main, clarification_main_tail, clarification_null_1, clarification_null_2, clarification_null_3, bad_connection_hangup",True
5900744,сброс на предложении,угроза оттока не определена,,"bot: Добрый день! Компания t2, меня зовут Ольга. Звоню по корпоративному договору, меня хорошо слышно?; human: хорошо; bot: Отлично!; bot: Дело в том, что мы заметили снижение трафика по вашему контракту.; bot: Подскажите, пожалуйста, планируете ли вы пользоваться нашими услугами дальше?",19,200 OK,"hello_main, hello_thanks, clarification_main, clarification_main_tail",True
5921605,сброс на предложении,угроза оттока не определена,,"bot: Добрый день! Это компания t2, корпоративный отдел, Ольга. Минуту уделите, пожалуйста?; human: да; bot: Отлично!; bot: Дело в том, что мы заметили снижение трафика по вашему контракту.; bot: Подскажите, пожалуйста, планируете ли вы пользоваться нашими услугами дальше?",16,200 OK,"hello_main, hello_thanks, clarification_main, clarification_main_tail",True
5928171,проблемы с распознаванием,угроза оттока не подтверждена,,"bot: Добрый день! Корпоративный отдел компании t2, меня зову Ольга. Меня слышно, да?; human: сейчас не мот ответить возможно он занят его телефон; bot: У меня короткий вопрос по вашему договору, буквально минута.; bot: Дело в том, что мы заметили снижение трафика по вашему контракту.; bot: Подскажите, пожалуйста, планируете ли вы пользоваться нашими услугами дальше?; bot: Алло?; bot: Вас не слышно; bot: Извините, что-то со связью, повторите, пожалуйста.; bot: Какие-то проблемы со связью. Всего вам доброго, до свидания!",58,200 OK,"hello_main, hello_wrong_time, clarification_main, clarification_main_tail, clarification_null_1, clarification_null_2, clarification_null_3, bad_connection_hangup",True
5942553,сброс на предложении,угроза оттока не определена,,"bot: Добрый день! Меня зовут Ольга, корпоративный отдел компании t2. Вам удобно сейчас минуту уделить?; human: ну говорите; bot: Отлично!; bot: Дело в том, что мы заметили снижение трафика по вашему контракту.; bot: Подскажите, пожалуйста, планируете ли вы пользоваться нашими услугами дальше?; bot: Алло?",34,200 OK,"hello_main, hello_thanks, clarification_main, clarification_main_tail, clarification_null_1",True
5966399,проблемы с распознаванием,угроза оттока не подтверждена,,"bot: Добрый день! Компания t2, меня зовут Ольга. Звоню по корпоративному договору, меня хорошо слышно?; human: я что то подобное; bot: У меня один короткий вопрос по вашему договору. Мм…; bot: Дело в том, что мы заметили снижение трафика по вашему контракту.; bot: Подскажите, пожалуйста, планируете ли вы пользоваться нашими услугами дальше?; bot: Алло?; bot: Вас не слышно; bot: Извините, что-то со связью, повторите, пожалуйста.; bot: Какие-то проблемы со связью. Всего вам доброго, до свидания!",55,200 OK,"hello_main, hello_default, clarification_main, clarification_main_tail, clarification_null_1, clarification_null_2, clarification_null_3, bad_connection_hangup",True
5969650,сброс на предложении,угроза оттока не определена,,"bot: Добрый день! Это компания t2, корпоративный отдел, Ольга. Минуту уделите, пожалуйста?; human: да; bot: Отлично!; bot: Дело в том, что мы заметили снижение трафика по вашему контракту.; bot: Подскажите, пожалуйста, планируете ли вы пользоваться нашими услугами дальше?",17,200 OK,"hello_main, hello_thanks, clarification_main, clarification_main_tail",True
6016223,проблемы с распознаванием,угроза оттока не подтверждена,,"bot: Добрый день! Это компания t2, корпоративный отдел, Ольга. Минуту уделите, пожалуйста?; human: добрый день слушаю вас; bot: Отлично!; bot: Дело в том, что мы заметили снижение трафика по вашему контракту.; bot: Подскажите, пожалуйста, планируете ли вы пользоваться нашими услугами дальше?; bot: Алло?; bot: Вас не слышно; bot: Извините, что-то со связью, повторите, пожалуйста.; bot: Какие-то проблемы со связью. Всего вам доброго, до свидания!",47,200 OK,"hello_main, hello_thanks, clarification_main, clarification_main_tail, clarification_null_1, clarification_null_2, clarification_null_3, bad_connection_hangup",True
6022662,проблемы с распознаванием,угроза оттока не подтверждена,,"bot: Добрый день! Компания t2, меня зовут Ольга. Звоню по корпоративному договору, меня хорошо слышно?; human: слушаю; bot: Отлично!; bot: Дело в том, что мы заметили снижение трафика по вашему контракту.; bot: Подскажите, пожалуйста, планируете ли вы пользоваться нашими услугами дальше?; bot: Алло?; bot: Вас не слышно; bot: Извините, что-то со связью, повторите, пожалуйста.; bot: Какие-то проблемы со связью. Всего вам доброго, до свидания!",48,200 OK,"hello_main, hello_thanks, clarification_main, clarification_main_tail, clarification_null_1, clarification_null_2, clarification_null_3, bad_connection_hangup",True
6035496,сброс на предложении,угроза оттока не определена,,"bot: Добрый день! Компания t2, меня зовут Ольга. Звоню по корпоративному договору, меня хорошо слышно?; human: по вопросу; bot: Отлично!; bot: Дело в том, что мы заметили снижение трафика по вашему контракту.; bot: Подскажите, пожалуйста, планируете ли вы пользоваться нашими услугами дальше?",21,200 OK,"hello_main, hello_thanks, clarification_main, clarification_main_tail",True
6117165,сброс на предложении,угроза оттока не определена,,"bot: Добрый день! Это Ольга из компании t2. Мы с вами созванивались уже, но разговор прервался. Удобно сейчас?; human: да ольга что вы хотите; bot: У меня короткий вопрос по вашему договору, буквально минута.; bot: Дело в том, что мы заметили снижение трафика по вашему контракту.; bot: Подскажите, пожалуйста, планируете ли вы пользоваться нашими услугами дальше?",23,200 OK,"hello_main_recall, hello_wrong_time, clarification_main, clarification_main_tail",True
6130737,проблемы с распознаванием,угроза оттока не подтверждена,,"bot: Добрый день! Корпоративный отдел компании t2, меня зову Ольга. Меня слышно, да?; human: возможно он занят его разрядился или находится в беззвучном режиме; bot: У меня короткий вопрос по вашему договору, буквально минута.; bot: Дело в том, что мы заметили снижение трафика по вашему контракту.; bot: Подскажите, пожалуйста, планируете ли вы пользоваться нашими услугами дальше?; bot: Алло?; bot: Вас не слышно; bot: Извините, что-то со связью, повторите, пожалуйста.; bot: Какие-то проблемы со связью. Всего вам доброго, до свидания!",67,200 OK,"hello_main, hello_wrong_time, clarification_main, clarification_main_tail, clarification_null_1, clarification_null_2, clarification_null_3, bad_connection_hangup",True
6283549,сброс на предложении,угроза оттока не определена,,"bot: Добрый день! Меня зовут Ольга, корпоративный отдел компании t2. Вам удобно сейчас минуту уделить?; human: это после 5 я с вами поговорю; bot: У меня один короткий вопрос по вашему договору. Мм…; bot: Дело в том, что мы заметили снижение трафика по вашему контракту.; bot: Подскажите, пожалуйста, планируете ли вы пользоваться нашими услугами дальше?",37,200 OK,"hello_main, hello_default, clarification_main, clarification_main_tail",True
6286443,сброс на предложении,угроза оттока не определена,,"bot: Добрый день! Компания t2, меня зовут Ольга. Звоню по корпоративному договору, меня хорошо слышно?; human: да слышу; bot: Отлично!; bot: Дело в том, что мы заметили снижение трафика по вашему контракту.; bot: Подскажите, пожалуйста, планируете ли вы пользоваться нашими услугами дальше?",20,200 OK,"hello_main, hello_thanks, clarification_main, clarification_main_tail",True
6370928,проблемы с распознаванием,угроза оттока не подтверждена,,"bot: Добрый день! Компания t2, меня зовут Ольга. Звоню по корпоративному договору, меня хорошо слышно?; human: добрый день слушаю вас; bot: Отлично!; bot: Дело в том, что мы заметили снижение трафика по вашему контракту.; bot: Подскажите, пожалуйста, планируете ли вы пользоваться нашими услугами дальше?; bot: Алло?; bot: Вас не слышно; bot: Извините, что-то со связью, повторите, пожалуйста.; bot: Какие-то проблемы со связью. Всего вам доброго, до свидания!",48,200 OK,"hello_main, hello_thanks, clarification_main, clarification_main_tail, clarification_null_1, clarification_null_2, clarification_null_3, bad_connection_hangup",True
6382260,сброс на предложении,угроза оттока не определена,,"bot: Добрый день! Компания t2, меня зовут Ольга. Звоню по корпоративному договору, меня хорошо слышно?; human: алло; bot: У меня один короткий вопрос по вашему договору. Мм…; bot: Дело в том, что мы заметили снижение трафика по вашему контракту.; bot: Подскажите, пожалуйста, планируете ли вы пользоваться нашими услугами дальше?",22,200 OK,"hello_main, hello_default, clarification_main, clarification_main_tail",True
6398653,проблемы с распознаванием,угроза оттока не подтверждена,,"bot: Добрый день! Корпоративный отдел компании t2, меня зову Ольга. Меня слышно, да?; human: алло добрый день; bot: Отлично!; bot: Дело в том, что мы заметили снижение трафика по вашему контракту.; bot: Подскажите, пожалуйста, планируете ли вы пользоваться нашими услугами дальше?; bot: Алло?; bot: Вас не слышно; bot: Извините, что-то со связью, повторите, пожалуйста.; bot: Какие-то проблемы со связью. Всего вам доброго, до свидания!",58,200 OK,"hello_main, hello_thanks, clarification_main, clarification_main_tail, clarification_null_1, clarification_null_2, clarification_null_3, bad_connection_hangup",True
6425649,проблемы с распознаванием,угроза оттока не подтверждена,,"bot: Добрый день! Меня зовут Ольга, корпоративный отдел компании t2. Вам удобно сейчас минуту уделить?; human: говорите говорите; bot: Отлично!; bot: Дело в том, что мы заметили снижение трафика по вашему контракту.; bot: Подскажите, пожалуйста, планируете ли вы пользоваться нашими услугами дальше?; bot: Алло?; bot: Вас не слышно; bot: Извините, что-то со связью, повторите, пожалуйста.; bot: Какие-то проблемы со связью. Всего вам доброго, до свидания!",55,200 OK,"hello_main, hello_thanks, clarification_main, clarification_main_tail, clarification_null_1, clarification_null_2, clarification_null_3, bad_connection_hangup",True
6434906,проблемы с распознаванием,угроза оттока не подтверждена,,"bot: Добрый день! Это компания t2, корпоративный отдел, Ольга. Минуту уделите, пожалуйста?; human: откуда у вас мой номер а вы не робот; bot: Компания ""t2"", ваш сотовый оператор. Ранее вы нас знали как ""Теле2"".; bot: Дело в том, что мы заметили снижение трафика по вашему контракту.; bot: Подскажите, пожалуйста, планируете ли вы пользоваться нашими услугами дальше?; bot: Алло?; bot: Вас не слышно; bot: Извините, что-то со связью, повторите, пожалуйста.; bot: Какие-то проблемы со связью. Всего вам доброго, до свидания!",49,200 OK,"hello_main, hello_repeat, clarification_main, clarification_main_tail, clarification_null_1, clarification_null_2, clarification_null_3, bad_connection_hangup",True
6435050,сброс на предложении,угроза оттока не определена,,"bot: Добрый день! Компания t2, меня зовут Ольга. Звоню по корпоративному договору, меня хорошо слышно?; human: здравствуйте слушаю вас; bot: Отлично!; bot: Дело в том, что мы заметили снижение трафика по вашему контракту.; bot: Подскажите, пожалуйста, планируете ли вы пользоваться нашими услугами дальше?",24,200 OK,"hello_main, hello_thanks, clarification_main, clarification_main_tail",True
6436776,проблемы с распознаванием,угроза оттока не подтверждена,,"bot: Добрый день! Это компания t2, корпоративный отдел, Ольга. Минуту уделите, пожалуйста?; bot: Алло, слышно меня?; bot: Аааллооо.; human: говорите; bot: Отлично!; bot: Дело в том, что мы заметили снижение трафика по вашему контракту.; bot: Подскажите, пожалуйста, планируете ли вы пользоваться нашими услугами дальше?; bot: Алло?; bot: Вас не слышно; bot: Извините, что-то со связью, повторите, пожалуйста.; bot: Какие-то проблемы со связью. Всего вам доброго, до свидания!",67,200 OK,"hello_main, hello_null_1, hello_null_2, hello_thanks, clarification_main, clarification_main_tail, clarification_null_1, clarification_null_2, clarification_null_3, bad_connection_hangup",True
6440140,проблемы с распознаванием,угроза оттока не подтверждена,,"bot: Добрый день! Меня зовут Ольга, корпоративный отдел компании t2. Вам удобно сейчас минуту уделить?; human: повторите пожалуйста; bot: Компания ""t2"", ваш сотовый оператор. Ранее вы нас знали как ""Теле2"".; bot: Дело в том, что мы заметили снижение трафика по вашему контракту.; bot: Подскажите, пожалуйста, планируете ли вы пользоваться нашими услугами дальше?; bot: Алло?; bot: Вас не слышно; bot: Извините, что-то со связью, повторите, пожалуйста.; bot: Какие-то проблемы со связью. Всего вам доброго, до свидания!",62,200 OK,"hello_main, hello_repeat, clarification_main, clarification_main_tail, clarification_null_1, clarification_null_2, clarification_null_3, bad_connection_hangup",True
6457923,проблемы с распознаванием,угроза оттока не подтверждена,,"bot: Добрый день! Корпоративный отдел компании t2, меня зову Ольга. Меня слышно, да?; human: здравствуйте; bot: Отлично!; bot: Дело в том, что мы заметили снижение трафика по вашему контракту.; bot: Подскажите, пожалуйста, планируете ли вы пользоваться нашими услугами дальше?; bot: Алло?; bot: Вас не слышно; bot: Извините, что-то со связью, повторите, пожалуйста.; bot: Какие-то проблемы со связью. Всего вам доброго, до свидания!",48,200 OK,"hello_main, hello_thanks, clarification_main, clarification_main_tail, clarification_null_1, clarification_null_2, clarification_null_3, bad_connection_hangup",True
6468687,проблемы с распознаванием,угроза оттока не подтверждена,,"bot: Добрый день! Корпоративный отдел компании t2, меня зову Ольга. Меня слышно, да?; human: здравствуйте; bot: Отлично!; bot: Дело в том, что мы заметили снижение трафика по вашему контракту.; bot: Подскажите, пожалуйста, планируете ли вы пользоваться нашими услугами дальше?; bot: Алло?; bot: Вас не слышно; bot: Извините, что-то со связью, повторите, пожалуйста.; bot: Какие-то проблемы со связью. Всего вам доброго, до свидания!",46,200 OK,"hello_main, hello_thanks, clarification_main, clarification_main_tail, clarification_null_1, clarification_null_2, clarification_null_3, bad_connection_hangup",True
6519580,сброс на предложении,угроза оттока не определена,,"bot: Добрый день! Корпоративный отдел компании t2, меня зову Ольга. Меня слышно, да?; human: алло да; bot: Отлично!; bot: Дело в том, что мы заметили снижение трафика по вашему контракту.; bot: Подскажите, пожалуйста, планируете ли вы пользоваться нашими услугами дальше?",14,200 OK,"hello_main, hello_thanks, clarification_main, clarification_main_tail",True
6521103,проблемы с распознаванием,угроза оттока не подтверждена,,"bot: Добрый день! Меня зовут Ольга, корпоративный отдел компании t2. Вам удобно сейчас минуту уделить?; human: нет; bot: У меня короткий вопрос по вашему договору, буквально минута.; bot: Дело в том, что мы заметили снижение трафика по вашему контракту.; bot: Подскажите, пожалуйста, планируете ли вы пользоваться нашими услугами дальше?; bot: Алло?; bot: Вас не слышно; bot: Извините, что-то со связью, повторите, пожалуйста.; bot: Какие-то проблемы со связью. Всего вам доброго, до свидания!",50,200 OK,"hello_main, hello_wrong_time, clarification_main, clarification_main_tail, clarification_null_1, clarification_null_2, clarification_null_3, bad_connection_hangup",True
6522429,проблемы с распознаванием,угроза оттока не подтверждена,,"bot: Добрый день! Это Ольга из компании t2. Мы с вами созванивались уже, но разговор прервался. Удобно сейчас?; human: добрый день; bot: Отлично!; bot: Дело в том, что мы заметили снижение трафика по вашему контракту.; bot: Подскажите, пожалуйста, планируете ли вы пользоваться нашими услугами дальше?; bot: Алло?; bot: Вас не слышно; bot: Извините, что-то со связью, повторите, пожалуйста.; bot: Какие-то проблемы со связью. Всего вам доброго, до свидания!",56,200 OK,"hello_main_recall, hello_thanks, clarification_main, clarification_main_tail, clarification_null_1, clarification_null_2, clarification_null_3, bad_connection_hangup",True
6524870,проблемы с распознаванием,угроза оттока не подтверждена,,"bot: Добрый день! Это компания t2, корпоративный отдел, Ольга. Минуту уделите, пожалуйста?; human: алло; bot: У меня один короткий вопрос по вашему договору. Мм…; bot: Дело в том, что мы заметили снижение трафика по вашему контракту.; bot: Подскажите, пожалуйста, планируете ли вы пользоваться нашими услугами дальше?; bot: Алло?; bot: Вас не слышно; bot: Извините, что-то со связью, повторите, пожалуйста.; bot: Какие-то проблемы со связью. Всего вам доброго, до свидания!",53,200 OK,"hello_main, hello_default, clarification_main, clarification_main_tail, clarification_null_1, clarification_null_2, clarification_null_3, bad_connection_hangup",True
6525413,проблемы с распознаванием,угроза оттока не подтверждена,,"bot: Добрый день! Меня зовут Ольга, корпоративный отдел компании t2. Вам удобно сейчас минуту уделить?; human: внимательно; bot: Отлично!; bot: Дело в том, что мы заметили снижение трафика по вашему контракту.; bot: Подскажите, пожалуйста, планируете ли вы пользоваться нашими услугами дальше?; bot: Алло?; bot: Вас не слышно; bot: Извините, что-то со связью, повторите, пожалуйста.; bot: Какие-то проблемы со связью. Всего вам доброго, до свидания!",48,200 OK,"hello_main, hello_thanks, clarification_main, clarification_main_tail, clarification_null_1, clarification_null_2, clarification_null_3, bad_connection_hangup",True
6527136,проблемы с распознаванием,угроза оттока не подтверждена,,"bot: Добрый день! Компания t2, меня зовут Ольга. Звоню по корпоративному договору, меня хорошо слышно?; human: зовут; bot: У меня один короткий вопрос по вашему договору. Мм…; bot: Дело в том, что мы заметили снижение трафика по вашему контракту.; bot: Подскажите, пожалуйста, планируете ли вы пользоваться нашими услугами дальше?; bot: Алло?; bot: Вас не слышно; bot: Извините, что-то со связью, повторите, пожалуйста.; bot: Какие-то проблемы со связью. Всего вам доброго, до свидания!",50,200 OK,"hello_main, hello_default, clarification_main, clarification_main_tail, clarification_null_1, clarification_null_2, clarification_null_3, bad_connection_hangup",True
6538262,проблемы с распознаванием,угроза оттока не подтверждена,,"bot: Добрый день! Корпоративный отдел компании t2, меня зову Ольга. Меня слышно, да?; human: угу; bot: Отлично!; bot: Дело в том, что мы заметили снижение трафика по вашему контракту.; bot: Подскажите, пожалуйста, планируете ли вы пользоваться нашими услугами дальше?; bot: Алло?; bot: Вас не слышно; bot: Извините, что-то со связью, повторите, пожалуйста.; bot: Какие-то проблемы со связью. Всего вам доброго, до свидания!",47,200 OK,"hello_main, hello_thanks, clarification_main, clarification_main_tail, clarification_null_1, clarification_null_2, clarification_null_3, bad_connection_hangup",True
6541082,сброс на предложении,угроза оттока не определена,,"bot: Добрый день! Компания t2, меня зовут Ольга. Звоню по корпоративному договору, меня хорошо слышно?; human: очень не сейчас 2 нет корпоративного; bot: У меня короткий вопрос по вашему договору, буквально минута.; bot: Дело в том, что мы заметили снижение трафика по вашему контракту.; bot: Подскажите, пожалуйста, планируете ли вы пользоваться нашими услугами дальше?",31,200 OK,"hello_main, hello_wrong_time, clarification_main, clarification_main_tail",True
6546807,проблемы с распознаванием,угроза оттока не подтверждена,,"bot: Добрый день! Меня зовут Ольга, корпоративный отдел компании t2. Вам удобно сейчас минуту уделить?; human: добрый день слушаю вас; bot: Отлично!; bot: Дело в том, что мы заметили снижение трафика по вашему контракту.; bot: Подскажите, пожалуйста, планируете ли вы пользоваться нашими услугами дальше?; bot: Алло?; bot: Вас не слышно; bot: Извините, что-то со связью, повторите, пожалуйста.; bot: Какие-то проблемы со связью. Всего вам доброго, до свидания!",52,200 OK,"hello_main, hello_thanks, clarification_main, clarification_main_tail, clarification_null_1, clarification_null_2, clarification_null_3, bad_connection_hangup",True
6565788,сброс на предложении,угроза оттока не определена,,"bot: Добрый день! Это компания t2, корпоративный отдел, Ольга. Минуту уделите, пожалуйста?; bot: Алло, слышно меня?; bot: Аааллооо.; human: да да; bot: Отлично!; bot: Дело в том, что мы заметили снижение трафика по вашему контракту.; bot: Подскажите, пожалуйста, планируете ли вы пользоваться нашими услугами дальше?",43,200 OK,"hello_main, hello_null_1, hello_null_2, hello_thanks, clarification_main, clarification_main_tail",True
6573178,сброс на предложении,угроза оттока не определена,,"bot: Добрый день! Меня зовут Ольга, корпоративный отдел компании t2. Вам удобно сейчас минуту уделить?; human: ой не очень удобно можно через минут 20 перезвонить; bot: У меня короткий вопрос по вашему договору, буквально минута.; bot: Дело в том, что мы заметили снижение трафика по вашему контракту.; bot: Подскажите, пожалуйста, планируете ли вы пользоваться нашими услугами дальше?",21,200 OK,"hello_main, hello_wrong_time, clarification_main, clarification_main_tail",True
6573947,сброс на предложении,угроза оттока не определена,,"bot: Добрый день! Корпоративный отдел компании t2, меня зову Ольга. Меня слышно, да?; human: угу; bot: Отлично!; bot: Дело в том, что мы заметили снижение трафика по вашему контракту.; bot: Подскажите, пожалуйста, планируете ли вы пользоваться нашими услугами дальше?",28,200 OK,"hello_main, hello_thanks, clarification_main, clarification_main_tail",True
6575914,проблемы с распознаванием,угроза оттока не подтверждена,,"bot: Добрый день! Меня зовут Ольга, корпоративный отдел компании t2. Вам удобно сейчас минуту уделить?; human: алло; bot: У меня один короткий вопрос по вашему договору. Мм…; bot: Дело в том, что мы заметили снижение трафика по вашему контракту.; bot: Подскажите, пожалуйста, планируете ли вы пользоваться нашими услугами дальше?; bot: Алло?; bot: Вас не слышно; bot: Извините, что-то со связью, повторите, пожалуйста.; bot: Какие-то проблемы со связью. Всего вам доброго, до свидания!",51,200 OK,"hello_main, hello_default, clarification_main, clarification_main_tail, clarification_null_1, clarification_null_2, clarification_null_3, bad_connection_hangup",True
6577357,сброс на предложении,угроза оттока не определена,,"bot: Добрый день! Это компания t2, корпоративный отдел, Ольга. Минуту уделите, пожалуйста?; human: что случилось; bot: У меня короткий вопрос по вашему договору, буквально минута.; bot: Дело в том, что мы заметили снижение трафика по вашему контракту.; bot: Подскажите, пожалуйста, планируете ли вы пользоваться нашими услугами дальше?; bot: Алло?",27,200 OK,"hello_main, hello_wrong_time, clarification_main, clarification_main_tail, clarification_null_1",True
6580418,проблемы с распознаванием,угроза оттока не подтверждена,,"bot: Добрый день! Компания t2, меня зовут Ольга. Звоню по корпоративному договору, меня хорошо слышно?; human: внимательно слушаю; bot: Отлично!; bot: Дело в том, что мы заметили снижение трафика по вашему контракту.; bot: Подскажите, пожалуйста, планируете ли вы пользоваться нашими услугами дальше?; bot: Алло?; bot: Вас не слышно; bot: Извините, что-то со связью, повторите, пожалуйста.; bot: Какие-то проблемы со связью. Всего вам доброго, до свидания!",49,200 OK,"hello_main, hello_thanks, clarification_main, clarification_main_tail, clarification_null_1, clarification_null_2, clarification_null_3, bad_connection_hangup",True
6601425,сброс на предложении,угроза оттока не определена,,"bot: Добрый день! Это компания t2, корпоративный отдел, Ольга. Минуту уделите, пожалуйста?; human: центр здравствуйте; bot: Отлично!; bot: Дело в том, что мы заметили снижение трафика по вашему контракту.; bot: Подскажите, пожалуйста, планируете ли вы пользоваться нашими услугами дальше?",17,200 OK,"hello_main, hello_thanks, clarification_main, clarification_main_tail",True
6603318,сброс на предложении,угроза оттока не определена,,"bot: Добрый день! Меня зовут Ольга, корпоративный отдел компании t2. Вам удобно сейчас минуту уделить?; human: алло нет; bot: У меня короткий вопрос по вашему договору, буквально минута.; bot: Дело в том, что мы заметили снижение трафика по вашему контракту.; bot: Подскажите, пожалуйста, планируете ли вы пользоваться нашими услугами дальше?",25,200 OK,"hello_main, hello_wrong_time, clarification_main, clarification_main_tail",True
6610972,проблемы с распознаванием,угроза оттока не подтверждена,,"bot: Добрый день! Это компания t2, корпоративный отдел, Ольга. Минуту уделите, пожалуйста?; human: не могу сейчас разговаривать давайте я вам перезвоню; bot: У меня короткий вопрос по вашему договору, буквально минута.; bot: Дело в том, что мы заметили снижение трафика по вашему контракту.; bot: Подскажите, пожалуйста, планируете ли вы пользоваться нашими услугами дальше?; bot: Алло?; bot: Вас не слышно; bot: Извините, что-то со связью, повторите, пожалуйста.; bot: Какие-то проблемы со связью. Всего вам доброго, до свидания!",46,200 OK,"hello_main, hello_wrong_time, clarification_main, clarification_main_tail, clarification_null_1, clarification_null_2, clarification_null_3, bad_connection_hangup",True
6627086,проблемы с распознаванием,угроза оттока не подтверждена,,"bot: Добрый день! Меня зовут Ольга, корпоративный отдел компании t2. Вам удобно сейчас минуту уделить?; human: здравствуйте пожалуйста последнее предложение к сожалению связь нет; bot: У меня короткий вопрос по вашему договору, буквально минута.; bot: Дело в том, что мы заметили снижение трафика по вашему контракту.; bot: Подскажите, пожалуйста, планируете ли вы пользоваться нашими услугами дальше?; bot: Алло?; bot: Вас не слышно; bot: Извините, что-то со связью, повторите, пожалуйста.; bot: Какие-то проблемы со связью. Всего вам доброго, до свидания!",50,200 OK,"hello_main, hello_wrong_time, clarification_main, clarification_main_tail, clarification_null_1, clarification_null_2, clarification_null_3, bad_connection_hangup",True
6634044,проблемы с распознаванием,угроза оттока не подтверждена,,"bot: Добрый день! Меня зовут Ольга, корпоративный отдел компании t2. Вам удобно сейчас минуту уделить?; bot: Алло, слышно меня?; human: здравствуйте; bot: Отлично!; bot: Дело в том, что мы заметили снижение трафика по вашему контракту.; bot: Подскажите, пожалуйста, планируете ли вы пользоваться нашими услугами дальше?; bot: Алло?; bot: Вас не слышно; bot: Извините, что-то со связью, повторите, пожалуйста.; bot: Какие-то проблемы со связью. Всего вам доброго, до свидания!",54,200 OK,"hello_main, hello_null_1, hello_thanks, clarification_main, clarification_main_tail, clarification_null_1, clarification_null_2, clarification_null_3, bad_connection_hangup",True
6638137,сброс на предложении,угроза оттока не определена,,"bot: Добрый день! Корпоративный отдел компании t2, меня зову Ольга. Меня слышно, да?; human: да; bot: Отлично!; bot: Дело в том, что мы заметили снижение трафика по вашему контракту.; bot: Подскажите, пожалуйста, планируете ли вы пользоваться нашими услугами дальше?",13,200 OK,"hello_main, hello_thanks, clarification_main, clarification_main_tail",True
6644807,проблемы с распознаванием,угроза оттока не подтверждена,,"bot: Добрый день! Меня зовут Ольга, корпоративный отдел компании t2. Вам удобно сейчас минуту уделить?; human: говорите; bot: Отлично!; bot: Дело в том, что мы заметили снижение трафика по вашему контракту.; bot: Подскажите, пожалуйста, планируете ли вы пользоваться нашими услугами дальше?; bot: Алло?; bot: Вас не слышно; bot: Извините, что-то со связью, повторите, пожалуйста.; bot: Какие-то проблемы со связью. Всего вам доброго, до свидания!",48,200 OK,"hello_main, hello_thanks, clarification_main, clarification_main_tail, clarification_null_1, clarification_null_2, clarification_null_3, bad_connection_hangup",True
6646044,проблемы с распознаванием,угроза оттока не подтверждена,,"bot: Добрый день! Корпоративный отдел компании t2, меня зову Ольга. Меня слышно, да?; human: не на автоответчик; bot: У меня один короткий вопрос по вашему договору. Мм…; bot: Дело в том, что мы заметили снижение трафика по вашему контракту.; bot: Подскажите, пожалуйста, планируете ли вы пользоваться нашими услугами дальше?; bot: Алло?; bot: Вас не слышно; bot: Извините, что-то со связью, повторите, пожалуйста.; bot: Какие-то проблемы со связью. Всего вам доброго, до свидания!",45,200 OK,"hello_main, hello_default, clarification_main, clarification_main_tail, clarification_null_1, clarification_null_2, clarification_null_3, bad_connection_hangup",True
6651896,сброс на предложении,угроза оттока не определена,,"bot: Добрый день! Это компания t2, корпоративный отдел, Ольга. Минуту уделите, пожалуйста?; human: подождите; bot: У меня один короткий вопрос по вашему договору. Мм…; bot: Дело в том, что мы заметили снижение трафика по вашему контракту.; bot: Подскажите, пожалуйста, планируете ли вы пользоваться нашими услугами дальше?; bot: Алло?; bot: Вас не слышно",31,200 OK,"hello_main, hello_default, clarification_main, clarification_main_tail, clarification_null_1, clarification_null_2",True
6661931,сброс на предложении,угроза оттока не определена,,"bot: Добрый день! Корпоративный отдел компании t2, меня зову Ольга. Меня слышно, да?; bot: Алло, слышно меня?; human: слушаю; bot: Отлично!; bot: Дело в том, что мы заметили снижение трафика по вашему контракту.; bot: Подскажите, пожалуйста, планируете ли вы пользоваться нашими услугами дальше?",23,200 OK,"hello_main, hello_null_1, hello_thanks, clarification_main, clarification_main_tail",True
6665244,проблемы с распознаванием,угроза оттока не подтверждена,,"bot: Добрый день! Это компания t2, корпоративный отдел, Ольга. Минуту уделите, пожалуйста?; human: не кажется я что то подобное не услышала; bot: Компания ""t2"", ваш сотовый оператор. Ранее вы нас знали как ""Теле2"".; bot: Дело в том, что мы заметили снижение трафика по вашему контракту.; bot: Подскажите, пожалуйста, планируете ли вы пользоваться нашими услугами дальше?; bot: Алло?; bot: Вас не слышно; bot: Извините, что-то со связью, повторите, пожалуйста.; bot: Какие-то проблемы со связью. Всего вам доброго, до свидания!",53,200 OK,"hello_main, hello_repeat, clarification_main, clarification_main_tail, clarification_null_1, clarification_null_2, clarification_null_3, bad_connection_hangup",True
6665604,сброс на предложении,угроза оттока не определена,,"bot: Добрый день! Корпоративный отдел компании t2, меня зову Ольга. Меня слышно, да?; human: слушаю; bot: Отлично!; bot: Дело в том, что мы заметили снижение трафика по вашему контракту.; bot: Подскажите, пожалуйста, планируете ли вы пользоваться нашими услугами дальше?; bot: Алло?",28,200 OK,"hello_main, hello_thanks, clarification_main, clarification_main_tail, clarification_null_1",True
6668979,проблемы с распознаванием,угроза оттока не подтверждена,,"bot: Добрый день! Корпоративный отдел компании t2, меня зову Ольга. Меня слышно, да?; human: знаете вовремя мне позвонили я с этой как раз недавно в себе наметила разобраться; bot: У меня один короткий вопрос по вашему договору. Мм…; bot: Дело в том, что мы заметили снижение трафика по вашему контракту.; bot: Подскажите, пожалуйста, планируете ли вы пользоваться нашими услугами дальше?; bot: Алло?; bot: Вас не слышно; bot: Извините, что-то со связью, повторите, пожалуйста.; bot: Какие-то проблемы со связью. Всего вам доброго, до свидания!",52,200 OK,"hello_main, hello_default, clarification_main, clarification_main_tail, clarification_null_1, clarification_null_2, clarification_null_3, bad_connection_hangup",True
6687215,сброс на предложении,угроза оттока не определена,,"bot: Добрый день! Компания t2, меня зовут Ольга. Звоню по корпоративному договору, меня хорошо слышно?; human: да слушаю вас ольга; bot: Отлично!; bot: Дело в том, что мы заметили снижение трафика по вашему контракту.; bot: Подскажите, пожалуйста, планируете ли вы пользоваться нашими услугами дальше?; bot: Алло?",24,200 OK,"hello_main, hello_thanks, clarification_main, clarification_main_tail, clarification_null_1",True
6704439,сброс на предложении,угроза оттока не определена,,"bot: Добрый день! Корпоративный отдел компании t2, меня зову Ольга. Меня слышно, да?; human: не очень удобно сейчас меня 2 линии разговариваю; bot: У меня короткий вопрос по вашему договору, буквально минута.; bot: Дело в том, что мы заметили снижение трафика по вашему контракту.; bot: Подскажите, пожалуйста, планируете ли вы пользоваться нашими услугами дальше?",22,200 OK,"hello_main, hello_wrong_time, clarification_main, clarification_main_tail",True
6716046,проблемы с распознаванием,угроза оттока не подтверждена,,"bot: Добрый день! Компания t2, меня зовут Ольга. Звоню по корпоративному договору, меня хорошо слышно?; human: у вас; bot: У меня один короткий вопрос по вашему договору. Мм…; bot: Дело в том, что мы заметили снижение трафика по вашему контракту.; bot: Подскажите, пожалуйста, планируете ли вы пользоваться нашими услугами дальше?; bot: Алло?; bot: Вас не слышно; bot: Извините, что-то со связью, повторите, пожалуйста.; bot: Какие-то проблемы со связью. Всего вам доброго, до свидания!",50,200 OK,"hello_main, hello_default, clarification_main, clarification_main_tail, clarification_null_1, clarification_null_2, clarification_null_3, bad_connection_hangup",True
6764203,проблемы с распознаванием,угроза оттока не подтверждена,,"bot: Добрый день! Корпоративный отдел компании t2, меня зову Ольга. Меня слышно, да?; human: сотрудника или ожидайте на линии; bot: У меня один короткий вопрос по вашему договору. Мм…; bot: Дело в том, что мы заметили снижение трафика по вашему контракту.; bot: Подскажите, пожалуйста, планируете ли вы пользоваться нашими услугами дальше?; bot: Алло?; bot: Вас не слышно; bot: Извините, что-то со связью, повторите, пожалуйста.; bot: Какие-то проблемы со связью. Всего вам доброго, до свидания!",47,200 OK,"hello_main, hello_default, clarification_main, clarification_main_tail, clarification_null_1, clarification_null_2, clarification_null_3, bad_connection_hangup",True
6766448,проблемы с распознаванием,угроза оттока не подтверждена,,"bot: Добрый день! Компания t2, меня зовут Ольга. Звоню по корпоративному договору, меня хорошо слышно?; human: подождите вы уверены что не ошиблись номером; bot: У меня один короткий вопрос по вашему договору. Мм…; bot: Дело в том, что мы заметили снижение трафика по вашему контракту.; bot: Подскажите, пожалуйста, планируете ли вы пользоваться нашими услугами дальше?; bot: Алло?; bot: Вас не слышно; bot: Извините, что-то со связью, повторите, пожалуйста.; bot: Какие-то проблемы со связью. Всего вам доброго, до свидания!",51,200 OK,"hello_main, hello_default, clarification_main, clarification_main_tail, clarification_null_1, clarification_null_2, clarification_null_3, bad_connection_hangup",True
6772466,сброс на предложении,угроза оттока не определена,,"bot: Добрый день! Компания t2, меня зовут Ольга. Звоню по корпоративному договору, меня хорошо слышно?; human: говори; bot: Отлично!; bot: Дело в том, что мы заметили снижение трафика по вашему контракту.; bot: Подскажите, пожалуйста, планируете ли вы пользоваться нашими услугами дальше?",23,200 OK,"hello_main, hello_thanks, clarification_main, clarification_main_tail",True
6775353,проблемы с распознаванием,угроза оттока не подтверждена,,"bot: Добрый день! Корпоративный отдел компании t2, меня зову Ольга. Меня слышно, да?; human: слушаю вас; bot: Отлично!; bot: Дело в том, что мы заметили снижение трафика по вашему контракту.; bot: Подскажите, пожалуйста, планируете ли вы пользоваться нашими услугами дальше?; bot: Алло?; bot: Вас не слышно; bot: Извините, что-то со связью, повторите, пожалуйста.; bot: Какие-то проблемы со связью. Всего вам доброго, до свидания!",46,200 OK,"hello_main, hello_thanks, clarification_main, clarification_main_tail, clarification_null_1, clarification_null_2, clarification_null_3, bad_connection_hangup",True
6862945,проблемы с распознаванием,угроза оттока не подтверждена,,"bot: Добрый день! Компания t2, меня зовут Ольга. Звоню по корпоративному договору, меня хорошо слышно?; human: кто это; bot: Компания ""t2"", ваш сотовый оператор. Ранее вы нас знали как ""Теле2"".; bot: Дело в том, что мы заметили снижение трафика по вашему контракту.; bot: Подскажите, пожалуйста, планируете ли вы пользоваться нашими услугами дальше?; bot: Алло?; bot: Вас не слышно; bot: Извините, что-то со связью, повторите, пожалуйста.; bot: Какие-то проблемы со связью. Всего вам доброго, до свидания!",57,200 OK,"hello_main, hello_repeat, clarification_main, clarification_main_tail, clarification_null_1, clarification_null_2, clarification_null_3, bad_connection_hangup",True
6870945,сброс на предложении,угроза оттока не определена,,"bot: Добрый день! Это компания t2, корпоративный отдел, Ольга. Минуту уделите, пожалуйста?; human: здравствуйте слушаю вас; bot: Отлично!; bot: Дело в том, что мы заметили снижение трафика по вашему контракту.; bot: Подскажите, пожалуйста, планируете ли вы пользоваться нашими услугами дальше?; bot: Алло?",30,200 OK,"hello_main, hello_thanks, clarification_main, clarification_main_tail, clarification_null_1",True
6902826,проблемы с распознаванием,угроза оттока не подтверждена,,"bot: Добрый день! Меня зовут Ольга, корпоративный отдел компании t2. Вам удобно сейчас минуту уделить?; human: слушаю вас; bot: Отлично!; bot: Дело в том, что мы заметили снижение трафика по вашему контракту.; bot: Подскажите, пожалуйста, планируете ли вы пользоваться нашими услугами дальше?; bot: Алло?; bot: Вас не слышно; bot: Извините, что-то со связью, повторите, пожалуйста.; bot: Какие-то проблемы со связью. Всего вам доброго, до свидания!",48,200 OK,"hello_main, hello_thanks, clarification_main, clarification_main_tail, clarification_null_1, clarification_null_2, clarification_null_3, bad_connection_hangup",True
6903803,сброс на предложении,угроза оттока не определена,,"bot: Добрый день! Это компания t2, корпоративный отдел, Ольга. Минуту уделите, пожалуйста?; human: добрый день да внимательно слушаю вас; bot: Отлично!; bot: Дело в том, что мы заметили снижение трафика по вашему контракту.; bot: Подскажите, пожалуйста, планируете ли вы пользоваться нашими услугами дальше?",26,200 OK,"hello_main, hello_thanks, clarification_main, clarification_main_tail",True
6906560,сброс на предложении,угроза оттока не определена,,"bot: Добрый день! Корпоративный отдел компании t2, меня зову Ольга. Меня слышно, да?; human: угу; bot: Отлично!; bot: Дело в том, что мы заметили снижение трафика по вашему контракту.; bot: Подскажите, пожалуйста, планируете ли вы пользоваться нашими услугами дальше?",16,200 OK,"hello_main, hello_thanks, clarification_main, clarification_main_tail",True
6907192,проблемы с распознаванием,угроза оттока не подтверждена,,"bot: Добрый день! Это компания t2, корпоративный отдел, Ольга. Минуту уделите, пожалуйста?; bot: Алло, слышно меня?; bot: Аааллооо.; human: говорите; bot: Отлично!; bot: Дело в том, что мы заметили снижение трафика по вашему контракту.; bot: Подскажите, пожалуйста, планируете ли вы пользоваться нашими услугами дальше?; bot: Алло?; bot: Вас не слышно; bot: Извините, что-то со связью, повторите, пожалуйста.; bot: Какие-то проблемы со связью. Всего вам доброго, до свидания!",64,200 OK,"hello_main, hello_null_1, hello_null_2, hello_thanks, clarification_main, clarification_main_tail, clarification_null_1, clarification_null_2, clarification_null_3, bad_connection_hangup",True
6925587,проблемы с распознаванием,угроза оттока не подтверждена,,"bot: Добрый день! Меня зовут Ольга, корпоративный отдел компании t2. Вам удобно сейчас минуту уделить?; human: алло а вы откуда звоните; bot: Компания ""t2"", ваш сотовый оператор. Ранее вы нас знали как ""Теле2"".; bot: Дело в том, что мы заметили снижение трафика по вашему контракту.; bot: Подскажите, пожалуйста, планируете ли вы пользоваться нашими услугами дальше?; bot: Алло?; bot: Вас не слышно; bot: Извините, что-то со связью, повторите, пожалуйста.; bot: Какие-то проблемы со связью. Всего вам доброго, до свидания!",49,200 OK,"hello_main, hello_repeat, clarification_main, clarification_main_tail, clarification_null_1, clarification_null_2, clarification_null_3, bad_connection_hangup",True
6928813,проблемы с распознаванием,угроза оттока не подтверждена,,"bot: Добрый день! Корпоративный отдел компании t2, меня зову Ольга. Меня слышно, да?; human: добрый день слушаю вас; bot: Отлично!; bot: Дело в том, что мы заметили снижение трафика по вашему контракту.; bot: Подскажите, пожалуйста, планируете ли вы пользоваться нашими услугами дальше?; bot: Алло?; bot: Вас не слышно; bot: Извините, что-то со связью, повторите, пожалуйста.; bot: Какие-то проблемы со связью. Всего вам доброго, до свидания!",50,200 OK,"hello_main, hello_thanks, clarification_main, clarification_main_tail, clarification_null_1, clarification_null_2, clarification_null_3, bad_connection_hangup",True
6943238,проблемы с распознаванием,угроза оттока не подтверждена,,"bot: Добрый день! Это компания t2, корпоративный отдел, Ольга. Минуту уделите, пожалуйста?; human: добрый день; bot: Отлично!; bot: Дело в том, что мы заметили снижение трафика по вашему контракту.; bot: Подскажите, пожалуйста, планируете ли вы пользоваться нашими услугами дальше?; bot: Алло?; bot: Вас не слышно; bot: Извините, что-то со связью, повторите, пожалуйста.; bot: Какие-то проблемы со связью. Всего вам доброго, до свидания!",56,200 OK,"hello_main, hello_thanks, clarification_main, clarification_main_tail, clarification_null_1, clarification_null_2, clarification_null_3, bad_connection_hangup",True
6945815,проблемы с распознаванием,угроза оттока не подтверждена,,"bot: Добрый день! Меня зовут Ольга, корпоративный отдел компании t2. Вам удобно сейчас минуту уделить?; human: я тут; bot: У меня один короткий вопрос по вашему договору. Мм…; bot: Дело в том, что мы заметили снижение трафика по вашему контракту.; bot: Подскажите, пожалуйста, планируете ли вы пользоваться нашими услугами дальше?; bot: Алло?; bot: Вас не слышно; bot: Извините, что-то со связью, повторите, пожалуйста.; bot: Какие-то проблемы со связью. Всего вам доброго, до свидания!",50,200 OK,"hello_main, hello_default, clarification_main, clarification_main_tail, clarification_null_1, clarification_null_2, clarification_null_3, bad_connection_hangup",True
6950822,сброс на предложении,угроза оттока не определена,,"bot: Добрый день! Корпоративный отдел компании t2, меня зову Ольга. Меня слышно, да?; human: партнерам слушаю; bot: Отлично!; bot: Дело в том, что мы заметили снижение трафика по вашему контракту.; bot: Подскажите, пожалуйста, планируете ли вы пользоваться нашими услугами дальше?",15,200 OK,"hello_main, hello_thanks, clarification_main, clarification_main_tail",True
6990626,проблемы с распознаванием,угроза оттока не подтверждена,,"bot: Добрый день! Корпоративный отдел компании t2, меня зову Ольга. Меня слышно, да?; human: алло слушаю; bot: Отлично!; bot: Дело в том, что мы заметили снижение трафика по вашему контракту.; bot: Подскажите, пожалуйста, планируете ли вы пользоваться нашими услугами дальше?; bot: Алло?; bot: Вас не слышно; bot: Извините, что-то со связью, повторите, пожалуйста.; bot: Какие-то проблемы со связью. Всего вам доброго, до свидания!",48,200 OK,"hello_main, hello_thanks, clarification_main, clarification_main_tail, clarification_null_1, clarification_null_2, clarification_null_3, bad_connection_hangup",True
6999242,сброс на предложении,угроза оттока не определена,,"bot: Добрый день! Это компания t2, корпоративный отдел, Ольга. Минуту уделите, пожалуйста?; human: слушаю угу; bot: Отлично!; bot: Дело в том, что мы заметили снижение трафика по вашему контракту.; bot: Подскажите, пожалуйста, планируете ли вы пользоваться нашими услугами дальше?",16,200 OK,"hello_main, hello_thanks, clarification_main, clarification_main_tail",True
7026945,сброс на предложении,угроза оттока не определена,,"bot: Добрый день! Корпоративный отдел компании t2, меня зову Ольга. Меня слышно, да?; human: да да; bot: Отлично!; bot: Дело в том, что мы заметили снижение трафика по вашему контракту.; bot: Подскажите, пожалуйста, планируете ли вы пользоваться нашими услугами дальше?",18,200 OK,"hello_main, hello_thanks, clarification_main, clarification_main_tail",True
7037211,сброс на предложении,угроза оттока не определена,,"bot: Добрый день! Меня зовут Ольга, корпоративный отдел компании t2. Вам удобно сейчас минуту уделить?; human: слушаю; bot: Отлично!; bot: Дело в том, что мы заметили снижение трафика по вашему контракту.; bot: Подскажите, пожалуйста, планируете ли вы пользоваться нашими услугами дальше?",19,200 OK,"hello_main, hello_thanks, clarification_main, clarification_main_tail",True
7037425,сброс на предложении,угроза оттока не определена,,"bot: Добрый день! Это компания t2, корпоративный отдел, Ольга. Минуту уделите, пожалуйста?; human: позвони земельные участки; bot: У меня один короткий вопрос по вашему договору. Мм…; bot: Дело в том, что мы заметили снижение трафика по вашему контракту.; bot: Подскажите, пожалуйста, планируете ли вы пользоваться нашими услугами дальше?; bot: Алло?",25,200 OK,"hello_main, hello_default, clarification_main, clarification_main_tail, clarification_null_1",True
7038617,проблемы с распознаванием,угроза оттока не подтверждена,,"bot: Добрый день! Меня зовут Ольга, корпоративный отдел компании t2. Вам удобно сейчас минуту уделить?; human: слушаю вас здорово буду еще подробностей; bot: Отлично!; bot: Дело в том, что мы заметили снижение трафика по вашему контракту.; bot: Подскажите, пожалуйста, планируете ли вы пользоваться нашими услугами дальше?; bot: Алло?; bot: Вас не слышно; bot: Извините, что-то со связью, повторите, пожалуйста.; bot: Какие-то проблемы со связью. Всего вам доброго, до свидания!",45,200 OK,"hello_main, hello_thanks, clarification_main, clarification_main_tail, clarification_null_1, clarification_null_2, clarification_null_3, bad_connection_hangup",True
7052580,сброс на предложении,угроза оттока не определена,,"bot: Добрый день! Корпоративный отдел компании t2, меня зову Ольга. Меня слышно, да?; human: алло; bot: У меня один короткий вопрос по вашему договору. Мм…; bot: Дело в том, что мы заметили снижение трафика по вашему контракту.; bot: Подскажите, пожалуйста, планируете ли вы пользоваться нашими услугами дальше?; bot: Алло?",30,200 OK,"hello_main, hello_default, clarification_main, clarification_main_tail, clarification_null_1",True
7061547,проблемы с распознаванием,угроза оттока не подтверждена,,"bot: Добрый день! Меня зовут Ольга, корпоративный отдел компании t2. Вам удобно сейчас минуту уделить?; human: алло; bot: У меня один короткий вопрос по вашему договору. Мм…; bot: Дело в том, что мы заметили снижение трафика по вашему контракту.; bot: Подскажите, пожалуйста, планируете ли вы пользоваться нашими услугами дальше?; bot: Алло?; bot: Вас не слышно; bot: Извините, что-то со связью, повторите, пожалуйста.; bot: Какие-то проблемы со связью. Всего вам доброго, до свидания!",55,200 OK,"hello_main, hello_default, clarification_main, clarification_main_tail, clarification_null_1, clarification_null_2, clarification_null_3, bad_connection_hangup",True
7097864,проблемы с распознаванием,угроза оттока не подтверждена,,"bot: Добрый день! Корпоративный отдел компании t2, меня зову Ольга. Меня слышно, да?; bot: Алло, слышно меня?; human: мой номер наверное муж дал ну говорите; bot: Отлично!; bot: Дело в том, что мы заметили снижение трафика по вашему контракту.; bot: Подскажите, пожалуйста, планируете ли вы пользоваться нашими услугами дальше?; bot: Алло?; bot: Вас не слышно; bot: Извините, что-то со связью, повторите, пожалуйста.; bot: Какие-то проблемы со связью. Всего вам доброго, до свидания!",57,200 OK,"hello_main, hello_null_1, hello_thanks, clarification_main, clarification_main_tail, clarification_null_1, clarification_null_2, clarification_null_3, bad_connection_hangup",True
7102607,проблемы с распознаванием,угроза оттока не подтверждена,,"bot: Добрый день! Компания t2, меня зовут Ольга. Звоню по корпоративному договору, меня хорошо слышно?; human: слушаю вас; bot: Отлично!; bot: Дело в том, что мы заметили снижение трафика по вашему контракту.; bot: Подскажите, пожалуйста, планируете ли вы пользоваться нашими услугами дальше?; bot: Алло?; bot: Вас не слышно; bot: Извините, что-то со связью, повторите, пожалуйста.; bot: Какие-то проблемы со связью. Всего вам доброго, до свидания!",48,200 OK,"hello_main, hello_thanks, clarification_main, clarification_main_tail, clarification_null_1, clarification_null_2, clarification_null_3, bad_connection_hangup",True
7152146,проблемы с распознаванием,угроза оттока не подтверждена,,"bot: Добрый день! Меня зовут Ольга, корпоративный отдел компании t2. Вам удобно сейчас минуту уделить?; human: говорите; bot: Отлично!; bot: Дело в том, что мы заметили снижение трафика по вашему контракту.; bot: Подскажите, пожалуйста, планируете ли вы пользоваться нашими услугами дальше?; bot: Алло?; bot: Вас не слышно; bot: Извините, что-то со связью, повторите, пожалуйста.; bot: Какие-то проблемы со связью. Всего вам доброго, до свидания!",54,200 OK,"hello_main, hello_thanks, clarification_main, clarification_main_tail, clarification_null_1, clarification_null_2, clarification_null_3, bad_connection_hangup",True
7183166,проблемы с распознаванием,угроза оттока не подтверждена,,"bot: Добрый день! Корпоративный отдел компании t2, меня зову Ольга. Меня слышно, да?; human: не могу быть полезно; bot: У меня короткий вопрос по вашему договору, буквально минута.; bot: Дело в том, что мы заметили снижение трафика по вашему контракту.; bot: Подскажите, пожалуйста, планируете ли вы пользоваться нашими услугами дальше?; bot: Алло?; bot: Вас не слышно; bot: Извините, что-то со связью, повторите, пожалуйста.; bot: Какие-то проблемы со связью. Всего вам доброго, до свидания!",49,200 OK,"hello_main, hello_wrong_time, clarification_main, clarification_main_tail, clarification_null_1, clarification_null_2, clarification_null_3, bad_connection_hangup",True
7211655,проблемы с распознаванием,угроза оттока не подтверждена,,"bot: Добрый день! Это Ольга из компании t2. Мы с вами созванивались уже, но разговор прервался. Удобно сейчас?; human: добрый день; bot: Отлично!; bot: Дело в том, что мы заметили снижение трафика по вашему контракту.; bot: Подскажите, пожалуйста, планируете ли вы пользоваться нашими услугами дальше?; bot: Алло?; bot: Вас не слышно; bot: Извините, что-то со связью, повторите, пожалуйста.; bot: Какие-то проблемы со связью. Всего вам доброго, до свидания!",49,200 OK,"hello_main_recall, hello_thanks, clarification_main, clarification_main_tail, clarification_null_1, clarification_null_2, clarification_null_3, bad_connection_hangup",True
7218554,сброс на предложении,угроза оттока не определена,,"bot: Добрый день! Это компания t2, корпоративный отдел, Ольга. Минуту уделите, пожалуйста?; human: алло слушаю ольга; bot: Отлично!; bot: Дело в том, что мы заметили снижение трафика по вашему контракту.; bot: Подскажите, пожалуйста, планируете ли вы пользоваться нашими услугами дальше?; bot: Алло?; bot: Вас не слышно",30,200 OK,"hello_main, hello_thanks, clarification_main, clarification_main_tail, clarification_null_1, clarification_null_2",True
7219275,проблемы с распознаванием,угроза оттока не подтверждена,,"bot: Добрый день! Меня зовут Ольга, корпоративный отдел компании t2. Вам удобно сейчас минуту уделить?; human: алло вы меня слышите; bot: У меня один короткий вопрос по вашему договору. Мм…; bot: Дело в том, что мы заметили снижение трафика по вашему контракту.; bot: Подскажите, пожалуйста, планируете ли вы пользоваться нашими услугами дальше?; bot: Алло?; bot: Вас не слышно; bot: Извините, что-то со связью, повторите, пожалуйста.; bot: Какие-то проблемы со связью. Всего вам доброго, до свидания!",56,200 OK,"hello_main, hello_default, clarification_main, clarification_main_tail, clarification_null_1, clarification_null_2, clarification_null_3, bad_connection_hangup",True
7249561,сброс на предложении,угроза оттока не определена,,"bot: Добрый день! Это компания t2, корпоративный отдел, Ольга. Минуту уделите, пожалуйста?; human: алло алло о; bot: У меня один короткий вопрос по вашему договору. Мм…; bot: Дело в том, что мы заметили снижение трафика по вашему контракту.; bot: Подскажите, пожалуйста, планируете ли вы пользоваться нашими услугами дальше?",20,200 OK,"hello_main, hello_default, clarification_main, clarification_main_tail",True
7308448,сброс на предложении,угроза оттока не определена,,"bot: Добрый день! Компания t2, меня зовут Ольга. Звоню по корпоративному договору, меня хорошо слышно?; bot: Алло, слышно меня?; human: я ответ попробуйте еще раз; bot: Компания ""t2"", ваш сотовый оператор. Ранее вы нас знали как ""Теле2"".; bot: Дело в том, что мы заметили снижение трафика по вашему контракту.; bot: Подскажите, пожалуйста, планируете ли вы пользоваться нашими услугами дальше?",29,200 OK,"hello_main, hello_null_1, hello_repeat, clarification_main, clarification_main_tail",True
7323079,сброс на предложении,угроза оттока не определена,,"bot: Добрый день! Компания t2, меня зовут Ольга. Звоню по корпоративному договору, меня хорошо слышно?; human: да вы звонили уже неоднократно я пояснила что вашей сим карта на; bot: Отлично!; bot: Дело в том, что мы заметили снижение трафика по вашему контракту.; bot: Подскажите, пожалуйста, планируете ли вы пользоваться нашими услугами дальше?",23,200 OK,"hello_main, hello_thanks, clarification_main, clarification_main_tail",True
7404395,сброс на предложении,угроза оттока не определена,,"bot: Добрый день! Компания t2, меня зовут Ольга. Звоню по корпоративному договору, меня хорошо слышно?; human: слушаю вас; bot: Отлично!; bot: Дело в том, что мы заметили снижение трафика по вашему контракту.; bot: Подскажите, пожалуйста, планируете ли вы пользоваться нашими услугами дальше?",20,200 OK,"hello_main, hello_thanks, clarification_main, clarification_main_tail",True
7441459,сброс на предложении,угроза оттока не определена,,"bot: Добрый день! Это компания t2, корпоративный отдел, Ольга. Минуту уделите, пожалуйста?; human: слышно; bot: Отлично!; bot: Дело в том, что мы заметили снижение трафика по вашему контракту.; bot: Подскажите, пожалуйста, планируете ли вы пользоваться нашими услугами дальше?",19,200 OK,"hello_main, hello_thanks, clarification_main, clarification_main_tail",True
7443085,проблемы с распознаванием,угроза оттока не подтверждена,,"bot: Добрый день! Меня зовут Ольга, корпоративный отдел компании t2. Вам удобно сейчас минуту уделить?; human: мне кажется что то подобными друзья только я не все понял продолжайте; bot: Отлично!; bot: Дело в том, что мы заметили снижение трафика по вашему контракту.; bot: Подскажите, пожалуйста, планируете ли вы пользоваться нашими услугами дальше?; bot: Алло?; bot: Вас не слышно; bot: Извините, что-то со связью, повторите, пожалуйста.; bot: Какие-то проблемы со связью. Всего вам доброго, до свидания!",50,200 OK,"hello_main, hello_thanks, clarification_main, clarification_main_tail, clarification_null_1, clarification_null_2, clarification_null_3, bad_connection_hangup",True
7457179,сброс на предложении,угроза оттока не определена,,"bot: Добрый день! Это компания t2, корпоративный отдел, Ольга. Минуту уделите, пожалуйста?; human: угу да слушаю; bot: Отлично!; bot: Дело в том, что мы заметили снижение трафика по вашему контракту.; bot: Подскажите, пожалуйста, планируете ли вы пользоваться нашими услугами дальше?",14,200 OK,"hello_main, hello_thanks, clarification_main, clarification_main_tail",True
7471444,проблемы с распознаванием,угроза оттока не подтверждена,,"bot: Добрый день! Компания t2, меня зовут Ольга. Звоню по корпоративному договору, меня хорошо слышно?; human: 7 слушаю вас; bot: Отлично!; bot: Дело в том, что мы заметили снижение трафика по вашему контракту.; bot: Подскажите, пожалуйста, планируете ли вы пользоваться нашими услугами дальше?; bot: Алло?; bot: Вас не слышно; bot: Извините, что-то со связью, повторите, пожалуйста.; bot: Какие-то проблемы со связью. Всего вам доброго, до свидания!",48,200 OK,"hello_main, hello_thanks, clarification_main, clarification_main_tail, clarification_null_1, clarification_null_2, clarification_null_3, bad_connection_hangup",True
7580154,сброс на предложении,угроза оттока не определена,,"bot: Добрый день! Корпоративный отдел компании t2, меня зову Ольга. Меня слышно, да?; human: слушаю; bot: Отлично!; bot: Дело в том, что мы заметили снижение трафика по вашему контракту.; bot: Подскажите, пожалуйста, планируете ли вы пользоваться нашими услугами дальше?",14,200 OK,"hello_main, hello_thanks, clarification_main, clarification_main_tail",True
7606673,проблемы с распознаванием,угроза оттока не подтверждена,,"bot: Добрый день! Меня зовут Ольга, корпоративный отдел компании t2. Вам удобно сейчас минуту уделить?; human: добрый; bot: У меня один короткий вопрос по вашему договору. Мм…; bot: Дело в том, что мы заметили снижение трафика по вашему контракту.; bot: Подскажите, пожалуйста, планируете ли вы пользоваться нашими услугами дальше?; bot: Алло?; bot: Вас не слышно; bot: Извините, что-то со связью, повторите, пожалуйста.; bot: Какие-то проблемы со связью. Всего вам доброго, до свидания!",49,200 OK,"hello_main, hello_default, clarification_main, clarification_main_tail, clarification_null_1, clarification_null_2, clarification_null_3, bad_connection_hangup",True
7608682,проблемы с распознаванием,угроза оттока не подтверждена,,"bot: Добрый день! Корпоративный отдел компании t2, меня зову Ольга. Меня слышно, да?; human: алло; bot: У меня один короткий вопрос по вашему договору. Мм…; bot: Дело в том, что мы заметили снижение трафика по вашему контракту.; bot: Подскажите, пожалуйста, планируете ли вы пользоваться нашими услугами дальше?; bot: Алло?; bot: Вас не слышно; bot: Извините, что-то со связью, повторите, пожалуйста.; bot: Какие-то проблемы со связью. Всего вам доброго, до свидания!",48,200 OK,"hello_main, hello_default, clarification_main, clarification_main_tail, clarification_null_1, clarification_null_2, clarification_null_3, bad_connection_hangup",True
7677354,сброс на предложении,угроза оттока не определена,,"bot: Добрый день! Это компания t2, корпоративный отдел, Ольга. Минуту уделите, пожалуйста?; human: по вопросу; bot: Отлично!; bot: Дело в том, что мы заметили снижение трафика по вашему контракту.; bot: Подскажите, пожалуйста, планируете ли вы пользоваться нашими услугами дальше?",17,200 OK,"hello_main, hello_thanks, clarification_main, clarification_main_tail",True
7684320,проблемы с распознаванием,угроза оттока не подтверждена,,"bot: Добрый день! Это компания t2, корпоративный отдел, Ольга. Минуту уделите, пожалуйста?; human: добрый день; bot: Отлично!; bot: Дело в том, что мы заметили снижение трафика по вашему контракту.; bot: Подскажите, пожалуйста, планируете ли вы пользоваться нашими услугами дальше?; bot: Алло?; bot: Вас не слышно; bot: Извините, что-то со связью, повторите, пожалуйста.; bot: Какие-то проблемы со связью. Всего вам доброго, до свидания!",54,200 OK,"hello_main, hello_thanks, clarification_main, clarification_main_tail, clarification_null_1, clarification_null_2, clarification_null_3, bad_connection_hangup",True
7692036,сброс на предложении,угроза оттока не определена,,"bot: Добрый день! Корпоративный отдел компании t2, меня зову Ольга. Меня слышно, да?; human: да добрый день; bot: Отлично!; bot: Дело в том, что мы заметили снижение трафика по вашему контракту.; bot: Подскажите, пожалуйста, планируете ли вы пользоваться нашими услугами дальше?",13,200 OK,"hello_main, hello_thanks, clarification_main, clarification_main_tail",True
7704148,сброс на предложении,угроза оттока не определена,,"bot: Добрый день! Компания t2, меня зовут Ольга. Звоню по корпоративному договору, меня хорошо слышно?; human: алло угу; bot: Отлично!; bot: Дело в том, что мы заметили снижение трафика по вашему контракту.; bot: Подскажите, пожалуйста, планируете ли вы пользоваться нашими услугами дальше?",13,200 OK,"hello_main, hello_thanks, clarification_main, clarification_main_tail",True
7705366,сброс на предложении,угроза оттока не определена,,"bot: Добрый день! Это компания t2, корпоративный отдел, Ольга. Минуту уделите, пожалуйста?; human: добрый день слушаю; bot: Отлично!; bot: Дело в том, что мы заметили снижение трафика по вашему контракту.; bot: Подскажите, пожалуйста, планируете ли вы пользоваться нашими услугами дальше?; bot: Алло?",37,200 OK,"hello_main, hello_thanks, clarification_main, clarification_main_tail, clarification_null_1",True
7706128,проблемы с распознаванием,угроза оттока не подтверждена,,"bot: Добрый день! Это компания t2, корпоративный отдел, Ольга. Минуту уделите, пожалуйста?; human: интересно я бы даже сказала привлекательно; bot: Отлично!; bot: Дело в том, что мы заметили снижение трафика по вашему контракту.; bot: Подскажите, пожалуйста, планируете ли вы пользоваться нашими услугами дальше?; bot: Алло?; bot: Вас не слышно; bot: Извините, что-то со связью, повторите, пожалуйста.; bot: Какие-то проблемы со связью. Всего вам доброго, до свидания!",44,200 OK,"hello_main, hello_thanks, clarification_main, clarification_main_tail, clarification_null_1, clarification_null_2, clarification_null_3, bad_connection_hangup",True
7718246,сброс на предложении,угроза оттока не определена,,"bot: Добрый день! Компания t2, меня зовут Ольга. Звоню по корпоративному договору, меня хорошо слышно?; human: ольга слышно; bot: У меня один короткий вопрос по вашему договору. Мм…; bot: Дело в том, что мы заметили снижение трафика по вашему контракту.; bot: Подскажите, пожалуйста, планируете ли вы пользоваться нашими услугами дальше?",19,200 OK,"hello_main, hello_default, clarification_main, clarification_main_tail",True
7748827,проблемы с распознаванием,угроза оттока не подтверждена,,"bot: Добрый день! Компания t2, меня зовут Ольга. Звоню по корпоративному договору, меня хорошо слышно?; human: алло я что именно от меня нужно; bot: У меня короткий вопрос по вашему договору, буквально минута.; bot: Дело в том, что мы заметили снижение трафика по вашему контракту.; bot: Подскажите, пожалуйста, планируете ли вы пользоваться нашими услугами дальше?; bot: Алло?; bot: Вас не слышно; bot: Извините, что-то со связью, повторите, пожалуйста.; bot: Какие-то проблемы со связью. Всего вам доброго, до свидания!",55,200 OK,"hello_main, hello_wrong_time, clarification_main, clarification_main_tail, clarification_null_1, clarification_null_2, clarification_null_3, bad_connection_hangup",True
7795328,проблемы с распознаванием,угроза оттока не подтверждена,,"bot: Добрый день! Это компания t2, корпоративный отдел, Ольга. Минуту уделите, пожалуйста?; human: да; bot: Отлично!; bot: Дело в том, что мы заметили снижение трафика по вашему контракту.; bot: Подскажите, пожалуйста, планируете ли вы пользоваться нашими услугами дальше?; bot: Алло?; bot: Вас не слышно; bot: Извините, что-то со связью, повторите, пожалуйста.; bot: Какие-то проблемы со связью. Всего вам доброго, до свидания!",47,200 OK,"hello_main, hello_thanks, clarification_main, clarification_main_tail, clarification_null_1, clarification_null_2, clarification_null_3, bad_connection_hangup",True
7795588,проблемы с распознаванием,угроза оттока не подтверждена,,"bot: Добрый день! Меня зовут Ольга, корпоративный отдел компании t2. Вам удобно сейчас минуту уделить?; human: алло; bot: У меня один короткий вопрос по вашему договору. Мм…; bot: Дело в том, что мы заметили снижение трафика по вашему контракту.; bot: Подскажите, пожалуйста, планируете ли вы пользоваться нашими услугами дальше?; bot: Алло?; bot: Вас не слышно; bot: Извините, что-то со связью, повторите, пожалуйста.; bot: Какие-то проблемы со связью. Всего вам доброго, до свидания!",51,200 OK,"hello_main, hello_default, clarification_main, clarification_main_tail, clarification_null_1, clarification_null_2, clarification_null_3, bad_connection_hangup",True
7802343,проблемы с распознаванием,угроза оттока не подтверждена,,"bot: Добрый день! Компания t2, меня зовут Ольга. Звоню по корпоративному договору, меня хорошо слышно?; human: алло алло; bot: У меня один короткий вопрос по вашему договору. Мм…; bot: Дело в том, что мы заметили снижение трафика по вашему контракту.; bot: Подскажите, пожалуйста, планируете ли вы пользоваться нашими услугами дальше?; bot: Алло?; bot: Вас не слышно; bot: Извините, что-то со связью, повторите, пожалуйста.; bot: Какие-то проблемы со связью. Всего вам доброго, до свидания!",50,200 OK,"hello_main, hello_default, clarification_main, clarification_main_tail, clarification_null_1, clarification_null_2, clarification_null_3, bad_connection_hangup",True
7814621,сброс на предложении,угроза оттока не определена,,"bot: Добрый день! Компания t2, меня зовут Ольга. Звоню по корпоративному договору, меня хорошо слышно?; human: хорошо здравствуйте хорошо; bot: Отлично!; bot: Дело в том, что мы заметили снижение трафика по вашему контракту.; bot: Подскажите, пожалуйста, планируете ли вы пользоваться нашими услугами дальше?",15,200 OK,"hello_main, hello_thanks, clarification_main, clarification_main_tail",True
7817423,проблемы с распознаванием,угроза оттока не подтверждена,,"bot: Добрый день! Компания t2, меня зовут Ольга. Звоню по корпоративному договору, меня хорошо слышно?; human: не узнаю по номеру честно говоря я вас не расслышала я с кем разговариваю; bot: Компания ""t2"", ваш сотовый оператор. Ранее вы нас знали как ""Теле2"".; bot: Дело в том, что мы заметили снижение трафика по вашему контракту.; bot: Подскажите, пожалуйста, планируете ли вы пользоваться нашими услугами дальше?; bot: Алло?; bot: Вас не слышно; bot: Извините, что-то со связью, повторите, пожалуйста.; bot: Какие-то проблемы со связью. Всего вам доброго, до свидания!",55,200 OK,"hello_main, hello_repeat, clarification_main, clarification_main_tail, clarification_null_1, clarification_null_2, clarification_null_3, bad_connection_hangup",True
7821533,проблемы с распознаванием,угроза оттока не подтверждена,,"bot: Добрый день! Компания t2, меня зовут Ольга. Звоню по корпоративному договору, меня хорошо слышно?; human: алло алло; bot: У меня один короткий вопрос по вашему договору. Мм…; bot: Дело в том, что мы заметили снижение трафика по вашему контракту.; bot: Подскажите, пожалуйста, планируете ли вы пользоваться нашими услугами дальше?; bot: Алло?; bot: Вас не слышно; bot: Извините, что-то со связью, повторите, пожалуйста.; bot: Какие-то проблемы со связью. Всего вам доброго, до свидания!",50,200 OK,"hello_main, hello_default, clarification_main, clarification_main_tail, clarification_null_1, clarification_null_2, clarification_null_3, bad_connection_hangup",True
7824399,сброс на предложении,угроза оттока не определена,,"bot: Добрый день! Меня зовут Ольга, корпоративный отдел компании t2. Вам удобно сейчас минуту уделить?; human: нет не очень; bot: У меня короткий вопрос по вашему договору, буквально минута.; bot: Дело в том, что мы заметили снижение трафика по вашему контракту.; bot: Подскажите, пожалуйста, планируете ли вы пользоваться нашими услугами дальше?",23,200 OK,"hello_main, hello_wrong_time, clarification_main, clarification_main_tail",True
7855330,проблемы с распознаванием,угроза оттока не подтверждена,,"bot: Добрый день! Это компания t2, корпоративный отдел, Ольга. Минуту уделите, пожалуйста?; human: добрый день подождите вы уверены что не ошиблись номером; bot: У меня один короткий вопрос по вашему договору. Мм…; bot: Дело в том, что мы заметили снижение трафика по вашему контракту.; bot: Подскажите, пожалуйста, планируете ли вы пользоваться нашими услугами дальше?; bot: Алло?; bot: Вас не слышно; bot: Извините, что-то со связью, повторите, пожалуйста.; bot: Какие-то проблемы со связью. Всего вам доброго, до свидания!",48,200 OK,"hello_main, hello_default, clarification_main, clarification_main_tail, clarification_null_1, clarification_null_2, clarification_null_3, bad_connection_hangup",True
7855734,сброс на предложении,угроза оттока не определена,,"bot: Добрый день! Компания t2, меня зовут Ольга. Звоню по корпоративному договору, меня хорошо слышно?; human: алло по какому вопросу; bot: У меня короткий вопрос по вашему договору, буквально минута.; bot: Дело в том, что мы заметили снижение трафика по вашему контракту.; bot: Подскажите, пожалуйста, планируете ли вы пользоваться нашими услугами дальше?",26,200 OK,"hello_main, hello_wrong_time, clarification_main, clarification_main_tail",True
7883145,проблемы с распознаванием,угроза оттока не подтверждена,,"bot: Добрый день! Меня зовут Ольга, корпоративный отдел компании t2. Вам удобно сейчас минуту уделить?; human: слушаю вас; bot: Отлично!; bot: Дело в том, что мы заметили снижение трафика по вашему контракту.; bot: Подскажите, пожалуйста, планируете ли вы пользоваться нашими услугами дальше?; bot: Алло?; bot: Вас не слышно; bot: Извините, что-то со связью, повторите, пожалуйста.; bot: Какие-то проблемы со связью. Всего вам доброго, до свидания!",48,200 OK,"hello_main, hello_thanks, clarification_main, clarification_main_tail, clarification_null_1, clarification_null_2, clarification_null_3, bad_connection_hangup",True
7889410,сброс на предложении,угроза оттока не определена,,"bot: Добрый день! Корпоративный отдел компании t2, меня зову Ольга. Меня слышно, да?; bot: Алло, слышно меня?; human: добрый день здравствуйте; bot: Отлично!; bot: Дело в том, что мы заметили снижение трафика по вашему контракту.; bot: Подскажите, пожалуйста, планируете ли вы пользоваться нашими услугами дальше?",34,200 OK,"hello_main, hello_null_1, hello_thanks, clarification_main, clarification_main_tail",True
7899402,проблемы с распознаванием,угроза оттока не подтверждена,,"bot: Добрый день! Меня зовут Ольга, корпоративный отдел компании t2. Вам удобно сейчас минуту уделить?; human: такое; bot: У меня один короткий вопрос по вашему договору. Мм…; bot: Дело в том, что мы заметили снижение трафика по вашему контракту.; bot: Подскажите, пожалуйста, планируете ли вы пользоваться нашими услугами дальше?; bot: Алло?; bot: Вас не слышно; bot: Извините, что-то со связью, повторите, пожалуйста.; bot: Какие-то проблемы со связью. Всего вам доброго, до свидания!",51,200 OK,"hello_main, hello_default, clarification_main, clarification_main_tail, clarification_null_1, clarification_null_2, clarification_null_3, bad_connection_hangup",True
7932284,сброс на предложении,угроза оттока не определена,,"bot: Добрый день! Меня зовут Ольга, корпоративный отдел компании t2. Вам удобно сейчас минуту уделить?; human: здравствуйте а какой вопрос у вас; bot: У меня короткий вопрос по вашему договору, буквально минута.; bot: Дело в том, что мы заметили снижение трафика по вашему контракту.; bot: Подскажите, пожалуйста, планируете ли вы пользоваться нашими услугами дальше?",36,200 OK,"hello_main, hello_wrong_time, clarification_main, clarification_main_tail",True
7939402,сброс на предложении,угроза оттока не определена,,"bot: Добрый день! Меня зовут Ольга, корпоративный отдел компании t2. Вам удобно сейчас минуту уделить?; human: по какому вопросу; bot: У меня короткий вопрос по вашему договору, буквально минута.; bot: Дело в том, что мы заметили снижение трафика по вашему контракту.; bot: Подскажите, пожалуйста, планируете ли вы пользоваться нашими услугами дальше?",20,200 OK,"hello_main, hello_wrong_time, clarification_main, clarification_main_tail",True
7960293,проблемы с распознаванием,угроза оттока не подтверждена,,"bot: Добрый день! Это компания t2, корпоративный отдел, Ольга. Минуту уделите, пожалуйста?; human: внимательно слушаю; bot: Отлично!; bot: Дело в том, что мы заметили снижение трафика по вашему контракту.; bot: Подскажите, пожалуйста, планируете ли вы пользоваться нашими услугами дальше?; bot: Алло?; bot: Вас не слышно; bot: Извините, что-то со связью, повторите, пожалуйста.; bot: Какие-то проблемы со связью. Всего вам доброго, до свидания!",47,200 OK,"hello_main, hello_thanks, clarification_main, clarification_main_tail, clarification_null_1, clarification_null_2, clarification_null_3, bad_connection_hangup",True
7983042,сброс на предложении,угроза оттока не определена,,"bot: Добрый день! Меня зовут Ольга, корпоративный отдел компании t2. Вам удобно сейчас минуту уделить?; human: добрый день секунду еще раз вы кто и откуда вы так быстро говорите что в моей бестолковой голове не переваривается это еще раз; bot: Компания ""t2"", ваш сотовый оператор. Ранее вы нас знали как ""Теле2"".; bot: Дело в том, что мы заметили снижение трафика по вашему контракту.; bot: Подскажите, пожалуйста, планируете ли вы пользоваться нашими услугами дальше?; bot: Алло?",36,200 OK,"hello_main, hello_repeat, clarification_main, clarification_main_tail, clarification_null_1",True
8038076,проблемы с распознаванием,угроза оттока не подтверждена,,"bot: Добрый день! Меня зовут Ольга, корпоративный отдел компании t2. Вам удобно сейчас минуту уделить?; human: слушаю вас почти привлекательно; bot: Отлично!; bot: Дело в том, что мы заметили снижение трафика по вашему контракту.; bot: Подскажите, пожалуйста, планируете ли вы пользоваться нашими услугами дальше?; bot: Алло?; bot: Вас не слышно; bot: Извините, что-то со связью, повторите, пожалуйста.; bot: Какие-то проблемы со связью. Всего вам доброго, до свидания!",45,200 OK,"hello_main, hello_thanks, clarification_main, clarification_main_tail, clarification_null_1, clarification_null_2, clarification_null_3, bad_connection_hangup",True
8049203,сброс на предложении,угроза оттока не определена,,"bot: Добрый день! Компания t2, меня зовут Ольга. Звоню по корпоративному договору, меня хорошо слышно?; human: алло говорите; bot: Отлично!; bot: Дело в том, что мы заметили снижение трафика по вашему контракту.; bot: Подскажите, пожалуйста, планируете ли вы пользоваться нашими услугами дальше?",18,200 OK,"hello_main, hello_thanks, clarification_main, clarification_main_tail",True
8049660,проблемы с распознаванием,угроза оттока не подтверждена,,"bot: Добрый день! Это компания t2, корпоративный отдел, Ольга. Минуту уделите, пожалуйста?; human: слушаю вас; bot: Отлично!; bot: Дело в том, что мы заметили снижение трафика по вашему контракту.; bot: Подскажите, пожалуйста, планируете ли вы пользоваться нашими услугами дальше?; bot: Алло?; bot: Вас не слышно; bot: Извините, что-то со связью, повторите, пожалуйста.; bot: Какие-то проблемы со связью. Всего вам доброго, до свидания!",49,200 OK,"hello_main, hello_thanks, clarification_main, clarification_main_tail, clarification_null_1, clarification_null_2, clarification_null_3, bad_connection_hangup",True
8058297,сброс на предложении,угроза оттока не определена,,"bot: Добрый день! Корпоративный отдел компании t2, меня зову Ольга. Меня слышно, да?; human: говорите; bot: Отлично!; bot: Дело в том, что мы заметили снижение трафика по вашему контракту.; bot: Подскажите, пожалуйста, планируете ли вы пользоваться нашими услугами дальше?",14,200 OK,"hello_main, hello_thanks, clarification_main, clarification_main_tail",True
8072598,сброс на предложении,угроза оттока не определена,,"bot: Добрый день! Корпоративный отдел компании t2, меня зову Ольга. Меня слышно, да?; bot: Алло, слышно меня?; human: да слушаю вас; bot: Отлично!; bot: Дело в том, что мы заметили снижение трафика по вашему контракту.; bot: Подскажите, пожалуйста, планируете ли вы пользоваться нашими услугами дальше?",21,200 OK,"hello_main, hello_null_1, hello_thanks, clarification_main, clarification_main_tail",True
8086291,сброс на предложении,угроза оттока не определена,,"bot: Добрый день! Компания t2, меня зовут Ольга. Звоню по корпоративному договору, меня хорошо слышно?; human: говорите; bot: Отлично!; bot: Дело в том, что мы заметили снижение трафика по вашему контракту.; bot: Подскажите, пожалуйста, планируете ли вы пользоваться нашими услугами дальше?",19,200 OK,"hello_main, hello_thanks, clarification_main, clarification_main_tail",True
8091720,сброс на предложении,угроза оттока не определена,,"bot: Добрый день! Это компания t2, корпоративный отдел, Ольга. Минуту уделите, пожалуйста?; human: внимательно; bot: Отлично!; bot: Дело в том, что мы заметили снижение трафика по вашему контракту.; bot: Подскажите, пожалуйста, планируете ли вы пользоваться нашими услугами дальше?",21,200 OK,"hello_main, hello_thanks, clarification_main, clarification_main_tail",True
8098037,проблемы с распознаванием,угроза оттока не подтверждена,,"bot: Добрый день! Меня зовут Ольга, корпоративный отдел компании t2. Вам удобно сейчас минуту уделить?; human: алло алло; bot: У меня один короткий вопрос по вашему договору. Мм…; bot: Дело в том, что мы заметили снижение трафика по вашему контракту.; bot: Подскажите, пожалуйста, планируете ли вы пользоваться нашими услугами дальше?; bot: Алло?; bot: Вас не слышно; bot: Извините, что-то со связью, повторите, пожалуйста.; bot: Какие-то проблемы со связью. Всего вам доброго, до свидания!",52,200 OK,"hello_main, hello_default, clarification_main, clarification_main_tail, clarification_null_1, clarification_null_2, clarification_null_3, bad_connection_hangup",True
8119083,проблемы с распознаванием,угроза оттока не подтверждена,,"bot: Добрый день! Компания t2, меня зовут Ольга. Звоню по корпоративному договору, меня хорошо слышно?; human: вы мне опять; bot: У меня один короткий вопрос по вашему договору. Мм…; bot: Дело в том, что мы заметили снижение трафика по вашему контракту.; bot: Подскажите, пожалуйста, планируете ли вы пользоваться нашими услугами дальше?; bot: Алло?; bot: Вас не слышно; bot: Извините, что-то со связью, повторите, пожалуйста.; bot: Какие-то проблемы со связью. Всего вам доброго, до свидания!",61,200 OK,"hello_main, hello_default, clarification_main, clarification_main_tail, clarification_null_1, clarification_null_2, clarification_null_3, bad_connection_hangup",True
8119481,проблемы с распознаванием,угроза оттока не подтверждена,,"bot: Добрый день! Это компания t2, корпоративный отдел, Ольга. Минуту уделите, пожалуйста?; human: подождите вы уверены что не ошиблись номером; bot: У меня один короткий вопрос по вашему договору. Мм…; bot: Дело в том, что мы заметили снижение трафика по вашему контракту.; bot: Подскажите, пожалуйста, планируете ли вы пользоваться нашими услугами дальше?; bot: Алло?; bot: Вас не слышно; bot: Извините, что-то со связью, повторите, пожалуйста.; bot: Какие-то проблемы со связью. Всего вам доброго, до свидания!",46,200 OK,"hello_main, hello_default, clarification_main, clarification_main_tail, clarification_null_1, clarification_null_2, clarification_null_3, bad_connection_hangup",True
8126336,сброс на предложении,угроза оттока не определена,,"bot: Добрый день! Компания t2, меня зовут Ольга. Звоню по корпоративному договору, меня хорошо слышно?; bot: Алло, слышно меня?; bot: Аааллооо.; human: слушаю алло да здравствуйте; bot: Отлично!; bot: Дело в том, что мы заметили снижение трафика по вашему контракту.; bot: Подскажите, пожалуйста, планируете ли вы пользоваться нашими услугами дальше?",33,200 OK,"hello_main, hello_null_1, hello_null_2, hello_thanks, clarification_main, clarification_main_tail",True
8130785,проблемы с распознаванием,угроза оттока не подтверждена,,"bot: Добрый день! Это компания t2, корпоративный отдел, Ольга. Минуту уделите, пожалуйста?; human: вы меня извините что вас интересует; bot: У меня короткий вопрос по вашему договору, буквально минута.; bot: Дело в том, что мы заметили снижение трафика по вашему контракту.; bot: Подскажите, пожалуйста, планируете ли вы пользоваться нашими услугами дальше?; bot: Алло?; bot: Вас не слышно; bot: Извините, что-то со связью, повторите, пожалуйста.; bot: Какие-то проблемы со связью. Всего вам доброго, до свидания!",47,200 OK,"hello_main, hello_wrong_time, clarification_main, clarification_main_tail, clarification_null_1, clarification_null_2, clarification_null_3, bad_connection_hangup",True
8148756,проблемы с распознаванием,угроза оттока не подтверждена,,"bot: Добрый день! Компания t2, меня зовут Ольга. Звоню по корпоративному договору, меня хорошо слышно?; human: говорите; bot: Отлично!; bot: Дело в том, что мы заметили снижение трафика по вашему контракту.; bot: Подскажите, пожалуйста, планируете ли вы пользоваться нашими услугами дальше?; bot: Алло?; bot: Вас не слышно; bot: Извините, что-то со связью, повторите, пожалуйста.; bot: Какие-то проблемы со связью. Всего вам доброго, до свидания!",50,200 OK,"hello_main, hello_thanks, clarification_main, clarification_main_tail, clarification_null_1, clarification_null_2, clarification_null_3, bad_connection_hangup",True
8157929,сброс на предложении,угроза оттока не определена,,"bot: Добрый день! Компания t2, меня зовут Ольга. Звоню по корпоративному договору, меня хорошо слышно?; human: я вас слышу говорите; bot: Отлично!; bot: Дело в том, что мы заметили снижение трафика по вашему контракту.; bot: Подскажите, пожалуйста, планируете ли вы пользоваться нашими услугами дальше?",19,200 OK,"hello_main, hello_thanks, clarification_main, clarification_main_tail",True
8158486,проблемы с распознаванием,угроза оттока не подтверждена,,"bot: Добрый день! Это компания t2, корпоративный отдел, Ольга. Минуту уделите, пожалуйста?; human: чем могу быть полезен; bot: Отлично!; bot: Дело в том, что мы заметили снижение трафика по вашему контракту.; bot: Подскажите, пожалуйста, планируете ли вы пользоваться нашими услугами дальше?; bot: Алло?; bot: Вас не слышно; bot: Извините, что-то со связью, повторите, пожалуйста.; bot: Какие-то проблемы со связью. Всего вам доброго, до свидания!",51,200 OK,"hello_main, hello_thanks, clarification_main, clarification_main_tail, clarification_null_1, clarification_null_2, clarification_null_3, bad_connection_hangup",True
8170872,проблемы с распознаванием,угроза оттока не подтверждена,,"bot: Добрый день! Компания t2, меня зовут Ольга. Звоню по корпоративному договору, меня хорошо слышно?; human: алло; bot: У меня один короткий вопрос по вашему договору. Мм…; bot: Дело в том, что мы заметили снижение трафика по вашему контракту.; bot: Подскажите, пожалуйста, планируете ли вы пользоваться нашими услугами дальше?; bot: Алло?; bot: Вас не слышно; bot: Извините, что-то со связью, повторите, пожалуйста.; bot: Какие-то проблемы со связью. Всего вам доброго, до свидания!",50,200 OK,"hello_main, hello_default, clarification_main, clarification_main_tail, clarification_null_1, clarification_null_2, clarification_null_3, bad_connection_hangup",True
8174802,проблемы с распознаванием,угроза оттока не подтверждена,,"bot: Добрый день! Корпоративный отдел компании t2, меня зову Ольга. Меня слышно, да?; human: я слушаю; bot: Отлично!; bot: Дело в том, что мы заметили снижение трафика по вашему контракту.; bot: Подскажите, пожалуйста, планируете ли вы пользоваться нашими услугами дальше?; bot: Алло?; bot: Вас не слышно; bot: Извините, что-то со связью, повторите, пожалуйста.; bot: Какие-то проблемы со связью. Всего вам доброго, до свидания!",47,200 OK,"hello_main, hello_thanks, clarification_main, clarification_main_tail, clarification_null_1, clarification_null_2, clarification_null_3, bad_connection_hangup",True
8182101,сброс на предложении,угроза оттока не определена,,"bot: Добрый день! Это компания t2, корпоративный отдел, Ольга. Минуту уделите, пожалуйста?; human: алло; bot: У меня один короткий вопрос по вашему договору. Мм…; bot: Дело в том, что мы заметили снижение трафика по вашему контракту.; bot: Подскажите, пожалуйста, планируете ли вы пользоваться нашими услугами дальше?",15,200 OK,"hello_main, hello_default, clarification_main, clarification_main_tail",True
8182538,сброс на предложении,угроза оттока не определена,,"bot: Добрый день! Это компания t2, корпоративный отдел, Ольга. Минуту уделите, пожалуйста?; human: говорите; bot: Отлично!; bot: Дело в том, что мы заметили снижение трафика по вашему контракту.; bot: Подскажите, пожалуйста, планируете ли вы пользоваться нашими услугами дальше?; bot: Алло?",29,200 OK,"hello_main, hello_thanks, clarification_main, clarification_main_tail, clarification_null_1",True
8196144,проблемы с распознаванием,угроза оттока не подтверждена,,"bot: Добрый день! Компания t2, меня зовут Ольга. Звоню по корпоративному договору, меня хорошо слышно?; human: слушаю; bot: Отлично!; bot: Дело в том, что мы заметили снижение трафика по вашему контракту.; bot: Подскажите, пожалуйста, планируете ли вы пользоваться нашими услугами дальше?; bot: Алло?; bot: Вас не слышно; bot: Извините, что-то со связью, повторите, пожалуйста.; bot: Какие-то проблемы со связью. Всего вам доброго, до свидания!",48,200 OK,"hello_main, hello_thanks, clarification_main, clarification_main_tail, clarification_null_1, clarification_null_2, clarification_null_3, bad_connection_hangup",True
8196245,проблемы с распознаванием,угроза оттока не подтверждена,,"bot: Добрый день! Это компания t2, корпоративный отдел, Ольга. Минуту уделите, пожалуйста?; human: нет; bot: У меня короткий вопрос по вашему договору, буквально минута.; bot: Дело в том, что мы заметили снижение трафика по вашему контракту.; bot: Подскажите, пожалуйста, планируете ли вы пользоваться нашими услугами дальше?; bot: Алло?; bot: Вас не слышно; bot: Извините, что-то со связью, повторите, пожалуйста.; bot: Какие-то проблемы со связью. Всего вам доброго, до свидания!",50,200 OK,"hello_main, hello_wrong_time, clarification_main, clarification_main_tail, clarification_null_1, clarification_null_2, clarification_null_3, bad_connection_hangup",True
8287465,сброс на предложении,угроза оттока не определена,,"bot: Добрый день! Это компания t2, корпоративный отдел, Ольга. Минуту уделите, пожалуйста?; human: так какой вопрос; bot: У меня короткий вопрос по вашему договору, буквально минута.; bot: Дело в том, что мы заметили снижение трафика по вашему контракту.; bot: Подскажите, пожалуйста, планируете ли вы пользоваться нашими услугами дальше?",25,200 OK,"hello_main, hello_wrong_time, clarification_main, clarification_main_tail",True
8289073,сброс на предложении,угроза оттока не определена,,"bot: Добрый день! Корпоративный отдел компании t2, меня зову Ольга. Меня слышно, да?; human: не слышно; bot: Компания ""t2"", ваш сотовый оператор. Ранее вы нас знали как ""Теле2"".; bot: Дело в том, что мы заметили снижение трафика по вашему контракту.; bot: Подскажите, пожалуйста, планируете ли вы пользоваться нашими услугами дальше?",20,200 OK,"hello_main, hello_repeat, clarification_main, clarification_main_tail",True
8304620,проблемы с распознаванием,угроза оттока не подтверждена,,"bot: Добрый день! Компания t2, меня зовут Ольга. Звоню по корпоративному договору, меня хорошо слышно?; human: говорите говорите; bot: Отлично!; bot: Дело в том, что мы заметили снижение трафика по вашему контракту.; bot: Подскажите, пожалуйста, планируете ли вы пользоваться нашими услугами дальше?; bot: Алло?; bot: Вас не слышно; bot: Извините, что-то со связью, повторите, пожалуйста.; bot: Какие-то проблемы со связью. Всего вам доброго, до свидания!",49,200 OK,"hello_main, hello_thanks, clarification_main, clarification_main_tail, clarification_null_1, clarification_null_2, clarification_null_3, bad_connection_hangup",True
8306845,сброс на предложении,угроза оттока не определена,,"bot: Добрый день! Меня зовут Ольга, корпоративный отдел компании t2. Вам удобно сейчас минуту уделить?; human: слушаю; bot: Отлично!; bot: Дело в том, что мы заметили снижение трафика по вашему контракту.; bot: Подскажите, пожалуйста, планируете ли вы пользоваться нашими услугами дальше?",31,200 OK,"hello_main, hello_thanks, clarification_main, clarification_main_tail",True
8312573,проблемы с распознаванием,угроза оттока не подтверждена,,"bot: Добрый день! Корпоративный отдел компании t2, меня зову Ольга. Меня слышно, да?; human: добрый день кажется что то подобное слышала мне подруга рассказывала; bot: У меня один короткий вопрос по вашему договору. Мм…; bot: Дело в том, что мы заметили снижение трафика по вашему контракту.; bot: Подскажите, пожалуйста, планируете ли вы пользоваться нашими услугами дальше?; bot: Алло?; bot: Вас не слышно; bot: Извините, что-то со связью, повторите, пожалуйста.; bot: Какие-то проблемы со связью. Всего вам доброго, до свидания!",47,200 OK,"hello_main, hello_default, clarification_main, clarification_main_tail, clarification_null_1, clarification_null_2, clarification_null_3, bad_connection_hangup",True
8316070,сброс на предложении,угроза оттока не определена,,"bot: Добрый день! Это Ольга из компании t2. Мы с вами созванивались уже, но разговор прервался. Удобно сейчас?; human: слушаю а когда мы с вами созванивались; bot: Отлично!; bot: Дело в том, что мы заметили снижение трафика по вашему контракту.; bot: Подскажите, пожалуйста, планируете ли вы пользоваться нашими услугами дальше?",18,200 OK,"hello_main_recall, hello_thanks, clarification_main, clarification_main_tail",True
8317625,проблемы с распознаванием,угроза оттока не подтверждена,,"bot: Добрый день! Корпоративный отдел компании t2, меня зову Ольга. Меня слышно, да?; human: добрый день; bot: Отлично!; bot: Дело в том, что мы заметили снижение трафика по вашему контракту.; bot: Подскажите, пожалуйста, планируете ли вы пользоваться нашими услугами дальше?; bot: Алло?; bot: Вас не слышно; bot: Извините, что-то со связью, повторите, пожалуйста.; bot: Какие-то проблемы со связью. Всего вам доброго, до свидания!",48,200 OK,"hello_main, hello_thanks, clarification_main, clarification_main_tail, clarification_null_1, clarification_null_2, clarification_null_3, bad_connection_hangup",True
8317827,проблемы с распознаванием,угроза оттока не подтверждена,,"bot: Добрый день! Компания t2, меня зовут Ольга. Звоню по корпоративному договору, меня хорошо слышно?; human: алло точно не ошибся номером; bot: У меня один короткий вопрос по вашему договору. Мм…; bot: Дело в том, что мы заметили снижение трафика по вашему контракту.; bot: Подскажите, пожалуйста, планируете ли вы пользоваться нашими услугами дальше?; bot: Алло?; bot: Вас не слышно; bot: Извините, что-то со связью, повторите, пожалуйста.; bot: Какие-то проблемы со связью. Всего вам доброго, до свидания!",51,200 OK,"hello_main, hello_default, clarification_main, clarification_main_tail, clarification_null_1, clarification_null_2, clarification_null_3, bad_connection_hangup",True
8318421,сброс на предложении,угроза оттока не определена,,"bot: Добрый день! Это Ольга из компании t2. Мы с вами созванивались уже, но разговор прервался. Удобно сейчас?; human: да слушаю когда прервался; bot: Отлично!; bot: Дело в том, что мы заметили снижение трафика по вашему контракту.; bot: Подскажите, пожалуйста, планируете ли вы пользоваться нашими услугами дальше?",16,200 OK,"hello_main_recall, hello_thanks, clarification_main, clarification_main_tail",True
8330733,сброс на предложении,угроза оттока не определена,,"bot: Добрый день! Компания t2, меня зовут Ольга. Звоню по корпоративному договору, меня хорошо слышно?; human: здравствуйте да; bot: Отлично!; bot: Дело в том, что мы заметили снижение трафика по вашему контракту.; bot: Подскажите, пожалуйста, планируете ли вы пользоваться нашими услугами дальше?",18,200 OK,"hello_main, hello_thanks, clarification_main, clarification_main_tail",True
8516038,проблемы с распознаванием,угроза оттока не подтверждена,,"bot: Добрый день! Корпоративный отдел компании t2, меня зову Ольга. Меня слышно, да?; human: алло; bot: У меня один короткий вопрос по вашему договору. Мм…; bot: Дело в том, что мы заметили снижение трафика по вашему контракту.; bot: Подскажите, пожалуйста, планируете ли вы пользоваться нашими услугами дальше?; bot: Алло?; bot: Вас не слышно; bot: Извините, что-то со связью, повторите, пожалуйста.; bot: Какие-то проблемы со связью. Всего вам доброго, до свидания!",48,200 OK,"hello_main, hello_default, clarification_main, clarification_main_tail, clarification_null_1, clarification_null_2, clarification_null_3, bad_connection_hangup",True
8530560,сброс на предложении,угроза оттока не определена,,"bot: Добрый день! Корпоративный отдел компании t2, меня зову Ольга. Меня слышно, да?; bot: Алло, слышно меня?; human: слушаю; bot: Отлично!; bot: Дело в том, что мы заметили снижение трафика по вашему контракту.; bot: Подскажите, пожалуйста, планируете ли вы пользоваться нашими услугами дальше?",18,200 OK,"hello_main, hello_null_1, hello_thanks, clarification_main, clarification_main_tail",True
8562792,проблемы с распознаванием,угроза оттока не подтверждена,,"bot: Добрый день! Это компания t2, корпоративный отдел, Ольга. Минуту уделите, пожалуйста?; human: слушаю вас; bot: Отлично!; bot: Дело в том, что мы заметили снижение трафика по вашему контракту.; bot: Подскажите, пожалуйста, планируете ли вы пользоваться нашими услугами дальше?; bot: Алло?; bot: Вас не слышно; bot: Извините, что-то со связью, повторите, пожалуйста.; bot: Какие-то проблемы со связью. Всего вам доброго, до свидания!",47,200 OK,"hello_main, hello_thanks, clarification_main, clarification_main_tail, clarification_null_1, clarification_null_2, clarification_null_3, bad_connection_hangup",True
8564930,сброс на предложении,угроза оттока не определена,,"bot: Добрый день! Компания t2, меня зовут Ольга. Звоню по корпоративному договору, меня хорошо слышно?; human: вам отвечает звонок важный уже передаю ваше сообщение; bot: У меня один короткий вопрос по вашему договору. Мм…; bot: Дело в том, что мы заметили снижение трафика по вашему контракту.; bot: Подскажите, пожалуйста, планируете ли вы пользоваться нашими услугами дальше?",31,200 OK,"hello_main, hello_default, clarification_main, clarification_main_tail",True
8579323,сброс на предложении,угроза оттока не определена,,"bot: Добрый день! Меня зовут Ольга, корпоративный отдел компании t2. Вам удобно сейчас минуту уделить?; human: вы общаетесь с секретарем я пил ваше сообщение и уже отправил его абоненту; bot: У меня один короткий вопрос по вашему договору. Мм…; bot: Дело в том, что мы заметили снижение трафика по вашему контракту.; bot: Подскажите, пожалуйста, планируете ли вы пользоваться нашими услугами дальше?",26,200 OK,"hello_main, hello_default, clarification_main, clarification_main_tail",True
8581205,проблемы с распознаванием,угроза оттока не подтверждена,,"bot: Добрый день! Меня зовут Ольга, корпоративный отдел компании t2. Вам удобно сейчас минуту уделить?; human: внимательно слушаю; bot: Отлично!; bot: Дело в том, что мы заметили снижение трафика по вашему контракту.; bot: Подскажите, пожалуйста, планируете ли вы пользоваться нашими услугами дальше?; bot: Алло?; bot: Вас не слышно; bot: Извините, что-то со связью, повторите, пожалуйста.; bot: Какие-то проблемы со связью. Всего вам доброго, до свидания!",47,200 OK,"hello_main, hello_thanks, clarification_main, clarification_main_tail, clarification_null_1, clarification_null_2, clarification_null_3, bad_connection_hangup",True
8613513,проблемы с распознаванием,угроза оттока не подтверждена,,"bot: Добрый день! Это компания t2, корпоративный отдел, Ольга. Минуту уделите, пожалуйста?; human: слушаю; bot: Отлично!; bot: Дело в том, что мы заметили снижение трафика по вашему контракту.; bot: Подскажите, пожалуйста, планируете ли вы пользоваться нашими услугами дальше?; bot: Алло?; bot: Вас не слышно; bot: Извините, что-то со связью, повторите, пожалуйста.; bot: Какие-то проблемы со связью. Всего вам доброго, до свидания!",49,200 OK,"hello_main, hello_thanks, clarification_main, clarification_main_tail, clarification_null_1, clarification_null_2, clarification_null_3, bad_connection_hangup",True
8616975,сброс на предложении,угроза оттока не определена,,"bot: Добрый день! Корпоративный отдел компании t2, меня зову Ольга. Меня слышно, да?; human: здравствуйте слушаю; bot: Отлично!; bot: Дело в том, что мы заметили снижение трафика по вашему контракту.; bot: Подскажите, пожалуйста, планируете ли вы пользоваться нашими услугами дальше?",16,200 OK,"hello_main, hello_thanks, clarification_main, clarification_main_tail",True
8625153,сброс на предложении,угроза оттока не определена,,"bot: Добрый день! Корпоративный отдел компании t2, меня зову Ольга. Меня слышно, да?; human: да; bot: Отлично!; bot: Дело в том, что мы заметили снижение трафика по вашему контракту.; bot: Подскажите, пожалуйста, планируете ли вы пользоваться нашими услугами дальше?",21,200 OK,"hello_main, hello_thanks, clarification_main, clarification_main_tail",True
8626546,проблемы с распознаванием,угроза оттока не подтверждена,,"bot: Добрый день! Меня зовут Ольга, корпоративный отдел компании t2. Вам удобно сейчас минуту уделить?; human: слушаю; bot: Отлично!; bot: Дело в том, что мы заметили снижение трафика по вашему контракту.; bot: Подскажите, пожалуйста, планируете ли вы пользоваться нашими услугами дальше?; bot: Алло?; bot: Вас не слышно; bot: Извините, что-то со связью, повторите, пожалуйста.; bot: Какие-то проблемы со связью. Всего вам доброго, до свидания!",49,200 OK,"hello_main, hello_thanks, clarification_main, clarification_main_tail, clarification_null_1, clarification_null_2, clarification_null_3, bad_connection_hangup",True
8627206,проблемы с распознаванием,угроза оттока не подтверждена,,"bot: Добрый день! Это компания t2, корпоративный отдел, Ольга. Минуту уделите, пожалуйста?; human: вы меня слышите; bot: У меня один короткий вопрос по вашему договору. Мм…; bot: Дело в том, что мы заметили снижение трафика по вашему контракту.; bot: Подскажите, пожалуйста, планируете ли вы пользоваться нашими услугами дальше?; bot: Алло?; bot: Вас не слышно; bot: Извините, что-то со связью, повторите, пожалуйста.; bot: Какие-то проблемы со связью. Всего вам доброго, до свидания!",54,200 OK,"hello_main, hello_default, clarification_main, clarification_main_tail, clarification_null_1, clarification_null_2, clarification_null_3, bad_connection_hangup",True
8631062,проблемы с распознаванием,угроза оттока не подтверждена,,"bot: Добрый день! Корпоративный отдел компании t2, меня зову Ольга. Меня слышно, да?; human: добрый; bot: У меня один короткий вопрос по вашему договору. Мм…; bot: Дело в том, что мы заметили снижение трафика по вашему контракту.; bot: Подскажите, пожалуйста, планируете ли вы пользоваться нашими услугами дальше?; bot: Алло?; bot: Вас не слышно; bot: Извините, что-то со связью, повторите, пожалуйста.; bot: Какие-то проблемы со связью. Всего вам доброго, до свидания!",49,200 OK,"hello_main, hello_default, clarification_main, clarification_main_tail, clarification_null_1, clarification_null_2, clarification_null_3, bad_connection_hangup",True
8646949,проблемы с распознаванием,угроза оттока не подтверждена,,"bot: Добрый день! Это компания t2, корпоративный отдел, Ольга. Минуту уделите, пожалуйста?; human: слушаю; bot: Отлично!; bot: Дело в том, что мы заметили снижение трафика по вашему контракту.; bot: Подскажите, пожалуйста, планируете ли вы пользоваться нашими услугами дальше?; bot: Алло?; bot: Вас не слышно; bot: Извините, что-то со связью, повторите, пожалуйста.; bot: Какие-то проблемы со связью. Всего вам доброго, до свидания!",48,200 OK,"hello_main, hello_thanks, clarification_main, clarification_main_tail, clarification_null_1, clarification_null_2, clarification_null_3, bad_connection_hangup",True
8648124,сброс на предложении,угроза оттока не определена,,"bot: Добрый день! Компания t2, меня зовут Ольга. Звоню по корпоративному договору, меня хорошо слышно?; human: ну а что за; bot: У меня один короткий вопрос по вашему договору. Мм…; bot: Дело в том, что мы заметили снижение трафика по вашему контракту.; bot: Подскажите, пожалуйста, планируете ли вы пользоваться нашими услугами дальше?",27,200 OK,"hello_main, hello_default, clarification_main, clarification_main_tail",True
8649042,проблемы с распознаванием,угроза оттока не подтверждена,,"bot: Добрый день! Компания t2, меня зовут Ольга. Звоню по корпоративному договору, меня хорошо слышно?; human: говорите говорите; bot: Отлично!; bot: Дело в том, что мы заметили снижение трафика по вашему контракту.; bot: Подскажите, пожалуйста, планируете ли вы пользоваться нашими услугами дальше?; bot: Алло?; bot: Вас не слышно; bot: Извините, что-то со связью, повторите, пожалуйста.; bot: Какие-то проблемы со связью. Всего вам доброго, до свидания!",46,200 OK,"hello_main, hello_thanks, clarification_main, clarification_main_tail, clarification_null_1, clarification_null_2, clarification_null_3, bad_connection_hangup",True
8661929,проблемы с распознаванием,угроза оттока не подтверждена,,"bot: Добрый день! Компания t2, меня зовут Ольга. Звоню по корпоративному договору, меня хорошо слышно?; human: здравствуйте; bot: Отлично!; bot: Дело в том, что мы заметили снижение трафика по вашему контракту.; bot: Подскажите, пожалуйста, планируете ли вы пользоваться нашими услугами дальше?; bot: Алло?; bot: Вас не слышно; bot: Извините, что-то со связью, повторите, пожалуйста.; bot: Какие-то проблемы со связью. Всего вам доброго, до свидания!",48,200 OK,"hello_main, hello_thanks, clarification_main, clarification_main_tail, clarification_null_1, clarification_null_2, clarification_null_3, bad_connection_hangup",True
8675589,сброс на предложении,угроза оттока не определена,,"bot: Добрый день! Меня зовут Ольга, корпоративный отдел компании t2. Вам удобно сейчас минуту уделить?; human: слушаю вас; bot: Отлично!; bot: Дело в том, что мы заметили снижение трафика по вашему контракту.; bot: Подскажите, пожалуйста, планируете ли вы пользоваться нашими услугами дальше?",18,200 OK,"hello_main, hello_thanks, clarification_main, clarification_main_tail",True
8684798,проблемы с распознаванием,угроза оттока не подтверждена,,"bot: Добрый день! Корпоративный отдел компании t2, меня зову Ольга. Меня слышно, да?; human: слушаю вас; bot: Отлично!; bot: Дело в том, что мы заметили снижение трафика по вашему контракту.; bot: Подскажите, пожалуйста, планируете ли вы пользоваться нашими услугами дальше?; bot: Алло?; bot: Вас не слышно; bot: Извините, что-то со связью, повторите, пожалуйста.; bot: Какие-то проблемы со связью. Всего вам доброго, до свидания!",47,200 OK,"hello_main, hello_thanks, clarification_main, clarification_main_tail, clarification_null_1, clarification_null_2, clarification_null_3, bad_connection_hangup",True
8692596,проблемы с распознаванием,угроза оттока не подтверждена,,"bot: Добрый день! Меня зовут Ольга, корпоративный отдел компании t2. Вам удобно сейчас минуту уделить?; human: алло откуда у вас мой номер; bot: У меня один короткий вопрос по вашему договору. Мм…; bot: Дело в том, что мы заметили снижение трафика по вашему контракту.; bot: Подскажите, пожалуйста, планируете ли вы пользоваться нашими услугами дальше?; bot: Алло?; bot: Вас не слышно; bot: Извините, что-то со связью, повторите, пожалуйста.; bot: Какие-то проблемы со связью. Всего вам доброго, до свидания!",51,200 OK,"hello_main, hello_default, clarification_main, clarification_main_tail, clarification_null_1, clarification_null_2, clarification_null_3, bad_connection_hangup",True
8692940,проблемы с распознаванием,угроза оттока не подтверждена,,"bot: Добрый день! Меня зовут Ольга, корпоративный отдел компании t2. Вам удобно сейчас минуту уделить?; human: здравствуйте; bot: Отлично!; bot: Дело в том, что мы заметили снижение трафика по вашему контракту.; bot: Подскажите, пожалуйста, планируете ли вы пользоваться нашими услугами дальше?; bot: Алло?; bot: Вас не слышно; bot: Извините, что-то со связью, повторите, пожалуйста.; bot: Какие-то проблемы со связью. Всего вам доброго, до свидания!",49,200 OK,"hello_main, hello_thanks, clarification_main, clarification_main_tail, clarification_null_1, clarification_null_2, clarification_null_3, bad_connection_hangup",True
8695895,сброс на предложении,угроза оттока не определена,,"bot: Добрый день! Меня зовут Ольга, корпоративный отдел компании t2. Вам удобно сейчас минуту уделить?; human: по какому; bot: У меня один короткий вопрос по вашему договору. Мм…; bot: Дело в том, что мы заметили снижение трафика по вашему контракту.; bot: Подскажите, пожалуйста, планируете ли вы пользоваться нашими услугами дальше?; bot: Алло?",35,200 OK,"hello_main, hello_default, clarification_main, clarification_main_tail, clarification_null_1",True
8698893,проблемы с распознаванием,угроза оттока не подтверждена,,"bot: Добрый день! Меня зовут Ольга, корпоративный отдел компании t2. Вам удобно сейчас минуту уделить?; human: говорите говорите; bot: Отлично!; bot: Дело в том, что мы заметили снижение трафика по вашему контракту.; bot: Подскажите, пожалуйста, планируете ли вы пользоваться нашими услугами дальше?; bot: Алло?; bot: Вас не слышно; bot: Извините, что-то со связью, повторите, пожалуйста.; bot: Какие-то проблемы со связью. Всего вам доброго, до свидания!",47,200 OK,"hello_main, hello_thanks, clarification_main, clarification_main_tail, clarification_null_1, clarification_null_2, clarification_null_3, bad_connection_hangup",True
8703280,проблемы с распознаванием,угроза оттока не подтверждена,,"bot: Добрый день! Компания t2, меня зовут Ольга. Звоню по корпоративному договору, меня хорошо слышно?; human: что именно от мне нужно; bot: У меня один короткий вопрос по вашему договору. Мм…; bot: Дело в том, что мы заметили снижение трафика по вашему контракту.; bot: Подскажите, пожалуйста, планируете ли вы пользоваться нашими услугами дальше?; bot: Алло?; bot: Вас не слышно; bot: Извините, что-то со связью, повторите, пожалуйста.; bot: Какие-то проблемы со связью. Всего вам доброго, до свидания!",49,200 OK,"hello_main, hello_default, clarification_main, clarification_main_tail, clarification_null_1, clarification_null_2, clarification_null_3, bad_connection_hangup",True
8706572,проблемы с распознаванием,угроза оттока не подтверждена,,"bot: Добрый день! Компания t2, меня зовут Ольга. Звоню по корпоративному договору, меня хорошо слышно?; human: у вас; bot: У меня один короткий вопрос по вашему договору. Мм…; bot: Дело в том, что мы заметили снижение трафика по вашему контракту.; bot: Подскажите, пожалуйста, планируете ли вы пользоваться нашими услугами дальше?; bot: Алло?; bot: Вас не слышно; bot: Извините, что-то со связью, повторите, пожалуйста.; bot: Какие-то проблемы со связью. Всего вам доброго, до свидания!",54,200 OK,"hello_main, hello_default, clarification_main, clarification_main_tail, clarification_null_1, clarification_null_2, clarification_null_3, bad_connection_hangup",True
8716499,проблемы с распознаванием,угроза оттока не подтверждена,,"bot: Добрый день! Корпоративный отдел компании t2, меня зову Ольга. Меня слышно, да?; human: добрый день; bot: Отлично!; bot: Дело в том, что мы заметили снижение трафика по вашему контракту.; bot: Подскажите, пожалуйста, планируете ли вы пользоваться нашими услугами дальше?; bot: Алло?; bot: Вас не слышно; bot: Извините, что-то со связью, повторите, пожалуйста.; bot: Какие-то проблемы со связью. Всего вам доброго, до свидания!",46,200 OK,"hello_main, hello_thanks, clarification_main, clarification_main_tail, clarification_null_1, clarification_null_2, clarification_null_3, bad_connection_hangup",True
8720992,проблемы с распознаванием,угроза оттока не подтверждена,,"bot: Добрый день! Корпоративный отдел компании t2, меня зову Ольга. Меня слышно, да?; human: слушаю вас; bot: Отлично!; bot: Дело в том, что мы заметили снижение трафика по вашему контракту.; bot: Подскажите, пожалуйста, планируете ли вы пользоваться нашими услугами дальше?; bot: Алло?; bot: Вас не слышно; bot: Извините, что-то со связью, повторите, пожалуйста.; bot: Какие-то проблемы со связью. Всего вам доброго, до свидания!",49,200 OK,"hello_main, hello_thanks, clarification_main, clarification_main_tail, clarification_null_1, clarification_null_2, clarification_null_3, bad_connection_hangup",True
8721193,проблемы с распознаванием,угроза оттока не подтверждена,,"bot: Добрый день! Компания t2, меня зовут Ольга. Звоню по корпоративному договору, меня хорошо слышно?; human: алло хорошо что сейчас позвонили потом я буду занят; bot: У меня короткий вопрос по вашему договору, буквально минута.; bot: Дело в том, что мы заметили снижение трафика по вашему контракту.; bot: Подскажите, пожалуйста, планируете ли вы пользоваться нашими услугами дальше?; bot: Алло?; bot: Вас не слышно; bot: Извините, что-то со связью, повторите, пожалуйста.; bot: Какие-то проблемы со связью. Всего вам доброго, до свидания!",58,200 OK,"hello_main, hello_wrong_time, clarification_main, clarification_main_tail, clarification_null_1, clarification_null_2, clarification_null_3, bad_connection_hangup",True
8723238,проблемы с распознаванием,угроза оттока не подтверждена,,"bot: Добрый день! Компания t2, меня зовут Ольга. Звоню по корпоративному договору, меня хорошо слышно?; human: алло добрый день; bot: Отлично!; bot: Дело в том, что мы заметили снижение трафика по вашему контракту.; bot: Подскажите, пожалуйста, планируете ли вы пользоваться нашими услугами дальше?; bot: Алло?; bot: Вас не слышно; bot: Извините, что-то со связью, повторите, пожалуйста.; bot: Какие-то проблемы со связью. Всего вам доброго, до свидания!",48,200 OK,"hello_main, hello_thanks, clarification_main, clarification_main_tail, clarification_null_1, clarification_null_2, clarification_null_3, bad_connection_hangup",True
8730130,проблемы с распознаванием,угроза оттока не подтверждена,,"bot: Добрый день! Это компания t2, корпоративный отдел, Ольга. Минуту уделите, пожалуйста?; human: добрый день слушаю вас; bot: Отлично!; bot: Дело в том, что мы заметили снижение трафика по вашему контракту.; bot: Подскажите, пожалуйста, планируете ли вы пользоваться нашими услугами дальше?; bot: Алло?; bot: Вас не слышно; bot: Извините, что-то со связью, повторите, пожалуйста.; bot: Какие-то проблемы со связью. Всего вам доброго, до свидания!",48,200 OK,"hello_main, hello_thanks, clarification_main, clarification_main_tail, clarification_null_1, clarification_null_2, clarification_null_3, bad_connection_hangup",True
8760024,сброс на предложении,угроза оттока не определена,,"bot: Добрый день! Корпоративный отдел компании t2, меня зову Ольга. Меня слышно, да?; human: слышно; bot: Отлично!; bot: Дело в том, что мы заметили снижение трафика по вашему контракту.; bot: Подскажите, пожалуйста, планируете ли вы пользоваться нашими услугами дальше?",24,200 OK,"hello_main, hello_thanks, clarification_main, clarification_main_tail",True
8764075,проблемы с распознаванием,угроза оттока не подтверждена,,"bot: Добрый день! Это компания t2, корпоративный отдел, Ольга. Минуту уделите, пожалуйста?; human: здравствуйте говорите; bot: Отлично!; bot: Дело в том, что мы заметили снижение трафика по вашему контракту.; bot: Подскажите, пожалуйста, планируете ли вы пользоваться нашими услугами дальше?; bot: Алло?; bot: Вас не слышно; bot: Извините, что-то со связью, повторите, пожалуйста.; bot: Какие-то проблемы со связью. Всего вам доброго, до свидания!",48,200 OK,"hello_main, hello_thanks, clarification_main, clarification_main_tail, clarification_null_1, clarification_null_2, clarification_null_3, bad_connection_hangup",True
8764534,сброс на предложении,угроза оттока не определена,,"bot: Добрый день! Корпоративный отдел компании t2, меня зову Ольга. Меня слышно, да?; human: слышно; bot: Отлично!; bot: Дело в том, что мы заметили снижение трафика по вашему контракту.; bot: Подскажите, пожалуйста, планируете ли вы пользоваться нашими услугами дальше?",14,200 OK,"hello_main, hello_thanks, clarification_main, clarification_main_tail",True
8772265,сброс на предложении,угроза оттока не определена,,"bot: Добрый день! Это компания t2, корпоративный отдел, Ольга. Минуту уделите, пожалуйста?; human: угу слушаю; bot: Отлично!; bot: Дело в том, что мы заметили снижение трафика по вашему контракту.; bot: Подскажите, пожалуйста, планируете ли вы пользоваться нашими услугами дальше?",14,200 OK,"hello_main, hello_thanks, clarification_main, clarification_main_tail",True
8786647,сброс на предложении,угроза оттока не определена,,"bot: Добрый день! Корпоративный отдел компании t2, меня зову Ольга. Меня слышно, да?; human: здравствуйте ольга; bot: Отлично!; bot: Дело в том, что мы заметили снижение трафика по вашему контракту.; bot: Подскажите, пожалуйста, планируете ли вы пользоваться нашими услугами дальше?; bot: Алло?; bot: Вас не слышно",33,200 OK,"hello_main, hello_thanks, clarification_main, clarification_main_tail, clarification_null_1, clarification_null_2",True
8788280,проблемы с распознаванием,угроза оттока не подтверждена,,"bot: Добрый день! Корпоративный отдел компании t2, меня зову Ольга. Меня слышно, да?; human: я слушаю; bot: Отлично!; bot: Дело в том, что мы заметили снижение трафика по вашему контракту.; bot: Подскажите, пожалуйста, планируете ли вы пользоваться нашими услугами дальше?; bot: Алло?; bot: Вас не слышно; bot: Извините, что-то со связью, повторите, пожалуйста.; bot: Какие-то проблемы со связью. Всего вам доброго, до свидания!",46,200 OK,"hello_main, hello_thanks, clarification_main, clarification_main_tail, clarification_null_1, clarification_null_2, clarification_null_3, bad_connection_hangup",True
8788977,сброс на предложении,угроза оттока не определена,,"bot: Добрый день! Меня зовут Ольга, корпоративный отдел компании t2. Вам удобно сейчас минуту уделить?; human: алло нет неудобно не не вообще; bot: У меня короткий вопрос по вашему договору, буквально минута.; bot: Дело в том, что мы заметили снижение трафика по вашему контракту.; bot: Подскажите, пожалуйста, планируете ли вы пользоваться нашими услугами дальше?",22,200 OK,"hello_main, hello_wrong_time, clarification_main, clarification_main_tail",True
8818486,сброс на предложении,угроза оттока не определена,,"bot: Добрый день! Меня зовут Ольга, корпоративный отдел компании t2. Вам удобно сейчас минуту уделить?; human: сейчас через нет; bot: У меня короткий вопрос по вашему договору, буквально минута.; bot: Дело в том, что мы заметили снижение трафика по вашему контракту.; bot: Подскажите, пожалуйста, планируете ли вы пользоваться нашими услугами дальше?",28,200 OK,"hello_main, hello_wrong_time, clarification_main, clarification_main_tail",True
8822027,проблемы с распознаванием,угроза оттока не подтверждена,,"bot: Добрый день! Меня зовут Ольга, корпоративный отдел компании t2. Вам удобно сейчас минуту уделить?; human: говорите что вы хотели; bot: У меня короткий вопрос по вашему договору, буквально минута.; bot: Дело в том, что мы заметили снижение трафика по вашему контракту.; bot: Подскажите, пожалуйста, планируете ли вы пользоваться нашими услугами дальше?; bot: Алло?; bot: Вас не слышно; bot: Извините, что-то со связью, повторите, пожалуйста.; bot: Какие-то проблемы со связью. Всего вам доброго, до свидания!",62,200 OK,"hello_main, hello_wrong_time, clarification_main, clarification_main_tail, clarification_null_1, clarification_null_2, clarification_null_3, bad_connection_hangup",True
8836190,сброс на предложении,угроза оттока не определена,,"bot: Добрый день! Это компания t2, корпоративный отдел, Ольга. Минуту уделите, пожалуйста?; human: да слушаю; bot: Отлично!; bot: Дело в том, что мы заметили снижение трафика по вашему контракту.; bot: Подскажите, пожалуйста, планируете ли вы пользоваться нашими услугами дальше?",23,200 OK,"hello_main, hello_thanks, clarification_main, clarification_main_tail",True
8847181,сброс на предложении,угроза оттока не определена,,"bot: Добрый день! Корпоративный отдел компании t2, меня зову Ольга. Меня слышно, да?; human: да; bot: Отлично!; bot: Дело в том, что мы заметили снижение трафика по вашему контракту.; bot: Подскажите, пожалуйста, планируете ли вы пользоваться нашими услугами дальше?",20,200 OK,"hello_main, hello_thanks, clarification_main, clarification_main_tail",True
8863290,проблемы с распознаванием,угроза оттока не подтверждена,,"bot: Добрый день! Это компания t2, корпоративный отдел, Ольга. Минуту уделите, пожалуйста?; human: вы меня слышите; bot: У меня один короткий вопрос по вашему договору. Мм…; bot: Дело в том, что мы заметили снижение трафика по вашему контракту.; bot: Подскажите, пожалуйста, планируете ли вы пользоваться нашими услугами дальше?; bot: Алло?; bot: Вас не слышно; bot: Извините, что-то со связью, повторите, пожалуйста.; bot: Какие-то проблемы со связью. Всего вам доброго, до свидания!",49,200 OK,"hello_main, hello_default, clarification_main, clarification_main_tail, clarification_null_1, clarification_null_2, clarification_null_3, bad_connection_hangup",True
8868679,проблемы с распознаванием,угроза оттока не подтверждена,,"bot: Добрый день! Это компания t2, корпоративный отдел, Ольга. Минуту уделите, пожалуйста?; human: алло у вас мой номер почему вы звоните мне; bot: У меня короткий вопрос по вашему договору, буквально минута.; bot: Дело в том, что мы заметили снижение трафика по вашему контракту.; bot: Подскажите, пожалуйста, планируете ли вы пользоваться нашими услугами дальше?; bot: Алло?; bot: Вас не слышно; bot: Извините, что-то со связью, повторите, пожалуйста.; bot: Какие-то проблемы со связью. Всего вам доброго, до свидания!",52,200 OK,"hello_main, hello_wrong_time, clarification_main, clarification_main_tail, clarification_null_1, clarification_null_2, clarification_null_3, bad_connection_hangup",True
8872733,сброс на предложении,угроза оттока не определена,,"bot: Добрый день! Меня зовут Ольга, корпоративный отдел компании t2. Вам удобно сейчас минуту уделить?; human: какая компания; bot: Компания ""t2"", ваш сотовый оператор. Ранее вы нас знали как ""Теле2"".; bot: Дело в том, что мы заметили снижение трафика по вашему контракту.; bot: Подскажите, пожалуйста, планируете ли вы пользоваться нашими услугами дальше?",23,200 OK,"hello_main, hello_repeat, clarification_main, clarification_main_tail",True
8875100,проблемы с распознаванием,угроза оттока не подтверждена,,"bot: Добрый день! Корпоративный отдел компании t2, меня зову Ольга. Меня слышно, да?; human: алло добрый день; bot: Отлично!; bot: Дело в том, что мы заметили снижение трафика по вашему контракту.; bot: Подскажите, пожалуйста, планируете ли вы пользоваться нашими услугами дальше?; bot: Алло?; bot: Вас не слышно; bot: Извините, что-то со связью, повторите, пожалуйста.; bot: Какие-то проблемы со связью. Всего вам доброго, до свидания!",48,200 OK,"hello_main, hello_thanks, clarification_main, clarification_main_tail, clarification_null_1, clarification_null_2, clarification_null_3, bad_connection_hangup",True
8877737,проблемы с распознаванием,угроза оттока не подтверждена,,"bot: Добрый день! Корпоративный отдел компании t2, меня зову Ольга. Меня слышно, да?; human: плохо слышно повторите пожалуйста; bot: Компания ""t2"", ваш сотовый оператор. Ранее вы нас знали как ""Теле2"".; bot: Дело в том, что мы заметили снижение трафика по вашему контракту.; bot: Подскажите, пожалуйста, планируете ли вы пользоваться нашими услугами дальше?; bot: Алло?; bot: Вас не слышно; bot: Извините, что-то со связью, повторите, пожалуйста.; bot: Какие-то проблемы со связью. Всего вам доброго, до свидания!",52,200 OK,"hello_main, hello_repeat, clarification_main, clarification_main_tail, clarification_null_1, clarification_null_2, clarification_null_3, bad_connection_hangup",True
8882031,сброс на предложении,угроза оттока не определена,,"bot: Добрый день! Корпоративный отдел компании t2, меня зову Ольга. Меня слышно, да?; human: нет; bot: У меня короткий вопрос по вашему договору, буквально минута.; bot: Дело в том, что мы заметили снижение трафика по вашему контракту.; bot: Подскажите, пожалуйста, планируете ли вы пользоваться нашими услугами дальше?",18,200 OK,"hello_main, hello_wrong_time, clarification_main, clarification_main_tail",True
8883309,проблемы с распознаванием,угроза оттока не подтверждена,,"bot: Добрый день! Меня зовут Ольга, корпоративный отдел компании t2. Вам удобно сейчас минуту уделить?; human: алло; bot: У меня один короткий вопрос по вашему договору. Мм…; bot: Дело в том, что мы заметили снижение трафика по вашему контракту.; bot: Подскажите, пожалуйста, планируете ли вы пользоваться нашими услугами дальше?; bot: Алло?; bot: Вас не слышно; bot: Извините, что-то со связью, повторите, пожалуйста.; bot: Какие-то проблемы со связью. Всего вам доброго, до свидания!",47,200 OK,"hello_main, hello_default, clarification_main, clarification_main_tail, clarification_null_1, clarification_null_2, clarification_null_3, bad_connection_hangup",True
8883372,проблемы с распознаванием,угроза оттока не подтверждена,,"bot: Добрый день! Корпоративный отдел компании t2, меня зову Ольга. Меня слышно, да?; human: алло; bot: У меня один короткий вопрос по вашему договору. Мм…; bot: Дело в том, что мы заметили снижение трафика по вашему контракту.; bot: Подскажите, пожалуйста, планируете ли вы пользоваться нашими услугами дальше?; bot: Алло?; bot: Вас не слышно; bot: Извините, что-то со связью, повторите, пожалуйста.; bot: Какие-то проблемы со связью. Всего вам доброго, до свидания!",48,200 OK,"hello_main, hello_default, clarification_main, clarification_main_tail, clarification_null_1, clarification_null_2, clarification_null_3, bad_connection_hangup",True
8884193,проблемы с распознаванием,угроза оттока не подтверждена,,"bot: Добрый день! Корпоративный отдел компании t2, меня зову Ольга. Меня слышно, да?; human: хорошо что вы сейчас позвонили потом я буду занят уже не отвечу; bot: У меня короткий вопрос по вашему договору, буквально минута.; bot: Дело в том, что мы заметили снижение трафика по вашему контракту.; bot: Подскажите, пожалуйста, планируете ли вы пользоваться нашими услугами дальше?; bot: Алло?; bot: Вас не слышно; bot: Извините, что-то со связью, повторите, пожалуйста.; bot: Какие-то проблемы со связью. Всего вам доброго, до свидания!",53,200 OK,"hello_main, hello_wrong_time, clarification_main, clarification_main_tail, clarification_null_1, clarification_null_2, clarification_null_3, bad_connection_hangup",True
8887731,проблемы с распознаванием,угроза оттока не подтверждена,,"bot: Добрый день! Меня зовут Ольга, корпоративный отдел компании t2. Вам удобно сейчас минуту уделить?; human: прошу прощения а вы по какому вопросу; bot: У меня короткий вопрос по вашему договору, буквально минута.; bot: Дело в том, что мы заметили снижение трафика по вашему контракту.; bot: Подскажите, пожалуйста, планируете ли вы пользоваться нашими услугами дальше?; bot: Алло?; bot: Вас не слышно; bot: Извините, что-то со связью, повторите, пожалуйста.; bot: Какие-то проблемы со связью. Всего вам доброго, до свидания!",49,200 OK,"hello_main, hello_wrong_time, clarification_main, clarification_main_tail, clarification_null_1, clarification_null_2, clarification_null_3, bad_connection_hangup",True
8889285,сброс на предложении,угроза оттока не определена,,"bot: Добрый день! Корпоративный отдел компании t2, меня зову Ольга. Меня слышно, да?; human: слушаю вас; bot: Отлично!; bot: Дело в том, что мы заметили снижение трафика по вашему контракту.; bot: Подскажите, пожалуйста, планируете ли вы пользоваться нашими услугами дальше?",16,200 OK,"hello_main, hello_thanks, clarification_main, clarification_main_tail",True
8901931,проблемы с распознаванием,угроза оттока не подтверждена,,"bot: Добрый день! Меня зовут Ольга, корпоративный отдел компании t2. Вам удобно сейчас минуту уделить?; human: добрый день; bot: Отлично!; bot: Дело в том, что мы заметили снижение трафика по вашему контракту.; bot: Подскажите, пожалуйста, планируете ли вы пользоваться нашими услугами дальше?; bot: Алло?; bot: Вас не слышно; bot: Извините, что-то со связью, повторите, пожалуйста.; bot: Какие-то проблемы со связью. Всего вам доброго, до свидания!",48,200 OK,"hello_main, hello_thanks, clarification_main, clarification_main_tail, clarification_null_1, clarification_null_2, clarification_null_3, bad_connection_hangup",True
8910544,проблемы с распознаванием,угроза оттока не подтверждена,,"bot: Добрый день! Это компания t2, корпоративный отдел, Ольга. Минуту уделите, пожалуйста?; human: добрый подождите вы уверены что не ошиблись номером; bot: У меня один короткий вопрос по вашему договору. Мм…; bot: Дело в том, что мы заметили снижение трафика по вашему контракту.; bot: Подскажите, пожалуйста, планируете ли вы пользоваться нашими услугами дальше?; bot: Алло?; bot: Вас не слышно; bot: Извините, что-то со связью, повторите, пожалуйста.; bot: Какие-то проблемы со связью. Всего вам доброго, до свидания!",51,200 OK,"hello_main, hello_default, clarification_main, clarification_main_tail, clarification_null_1, clarification_null_2, clarification_null_3, bad_connection_hangup",True
8921299,сброс на предложении,угроза оттока не определена,,"bot: Добрый день! Меня зовут Ольга, корпоративный отдел компании t2. Вам удобно сейчас минуту уделить?; human: я не являюсь абонентом; bot: У меня один короткий вопрос по вашему договору. Мм…; bot: Дело в том, что мы заметили снижение трафика по вашему контракту.; bot: Подскажите, пожалуйста, планируете ли вы пользоваться нашими услугами дальше?",19,200 OK,"hello_main, hello_default, clarification_main, clarification_main_tail",True
8921351,проблемы с распознаванием,угроза оттока не подтверждена,,"bot: Добрый день! Корпоративный отдел компании t2, меня зову Ольга. Меня слышно, да?; human: слушаю вас; bot: Отлично!; bot: Дело в том, что мы заметили снижение трафика по вашему контракту.; bot: Подскажите, пожалуйста, планируете ли вы пользоваться нашими услугами дальше?; bot: Алло?; bot: Вас не слышно; bot: Извините, что-то со связью, повторите, пожалуйста.; bot: Какие-то проблемы со связью. Всего вам доброго, до свидания!",47,200 OK,"hello_main, hello_thanks, clarification_main, clarification_main_tail, clarification_null_1, clarification_null_2, clarification_null_3, bad_connection_hangup",True
8935599,проблемы с распознаванием,угроза оттока не подтверждена,,"bot: Добрый день! Компания t2, меня зовут Ольга. Звоню по корпоративному договору, меня хорошо слышно?; human: слушаю вас пожалуйста последнее предложение к сожалению связь не; bot: Отлично!; bot: Дело в том, что мы заметили снижение трафика по вашему контракту.; bot: Подскажите, пожалуйста, планируете ли вы пользоваться нашими услугами дальше?; bot: Алло?; bot: Вас не слышно; bot: Извините, что-то со связью, повторите, пожалуйста.; bot: Какие-то проблемы со связью. Всего вам доброго, до свидания!",46,200 OK,"hello_main, hello_thanks, clarification_main, clarification_main_tail, clarification_null_1, clarification_null_2, clarification_null_3, bad_connection_hangup",True
8944600,проблемы с распознаванием,угроза оттока не подтверждена,,"bot: Добрый день! Это компания t2, корпоративный отдел, Ольга. Минуту уделите, пожалуйста?; human: слушаю мне кажется что то подобное меня друзья только я не все понял продолжайте; bot: Отлично!; bot: Дело в том, что мы заметили снижение трафика по вашему контракту.; bot: Подскажите, пожалуйста, планируете ли вы пользоваться нашими услугами дальше?; bot: Алло?; bot: Вас не слышно; bot: Извините, что-то со связью, повторите, пожалуйста.; bot: Какие-то проблемы со связью. Всего вам доброго, до свидания!",48,200 OK,"hello_main, hello_thanks, clarification_main, clarification_main_tail, clarification_null_1, clarification_null_2, clarification_null_3, bad_connection_hangup",True
8945375,сброс на предложении,угроза оттока не определена,,"bot: Добрый день! Корпоративный отдел компании t2, меня зову Ольга. Меня слышно, да?; human: все здравствуйте да слышно; bot: Отлично!; bot: Дело в том, что мы заметили снижение трафика по вашему контракту.; bot: Подскажите, пожалуйста, планируете ли вы пользоваться нашими услугами дальше?",19,200 OK,"hello_main, hello_thanks, clarification_main, clarification_main_tail",True
8976158,проблемы с распознаванием,угроза оттока не подтверждена,,"bot: Добрый день! Меня зовут Ольга, корпоративный отдел компании t2. Вам удобно сейчас минуту уделить?; human: день; bot: У меня один короткий вопрос по вашему договору. Мм…; bot: Дело в том, что мы заметили снижение трафика по вашему контракту.; bot: Подскажите, пожалуйста, планируете ли вы пользоваться нашими услугами дальше?; bot: Алло?; bot: Вас не слышно; bot: Извините, что-то со связью, повторите, пожалуйста.; bot: Какие-то проблемы со связью. Всего вам доброго, до свидания!",50,200 OK,"hello_main, hello_default, clarification_main, clarification_main_tail, clarification_null_1, clarification_null_2, clarification_null_3, bad_connection_hangup",True
8980923,проблемы с распознаванием,угроза оттока не подтверждена,,"bot: Добрый день! Корпоративный отдел компании t2, меня зову Ольга. Меня слышно, да?; human: а не бы вас пояснить пожалуйста что от меня нужно; bot: У меня короткий вопрос по вашему договору, буквально минута.; bot: Дело в том, что мы заметили снижение трафика по вашему контракту.; bot: Подскажите, пожалуйста, планируете ли вы пользоваться нашими услугами дальше?; bot: Алло?; bot: Вас не слышно; bot: Извините, что-то со связью, повторите, пожалуйста.; bot: Какие-то проблемы со связью. Всего вам доброго, до свидания!",56,200 OK,"hello_main, hello_wrong_time, clarification_main, clarification_main_tail, clarification_null_1, clarification_null_2, clarification_null_3, bad_connection_hangup",True
8997441,проблемы с распознаванием,угроза оттока не подтверждена,,"bot: Добрый день! Меня зовут Ольга, корпоративный отдел компании t2. Вам удобно сейчас минуту уделить?; human: отлично видимо 1 раз слышу; bot: У меня один короткий вопрос по вашему договору. Мм…; bot: Дело в том, что мы заметили снижение трафика по вашему контракту.; bot: Подскажите, пожалуйста, планируете ли вы пользоваться нашими услугами дальше?; bot: Алло?; bot: Вас не слышно; bot: Извините, что-то со связью, повторите, пожалуйста.; bot: Какие-то проблемы со связью. Всего вам доброго, до свидания!",47,200 OK,"hello_main, hello_default, clarification_main, clarification_main_tail, clarification_null_1, clarification_null_2, clarification_null_3, bad_connection_hangup",True
9000203,проблемы с распознаванием,угроза оттока не подтверждена,,"bot: Добрый день! Корпоративный отдел компании t2, меня зову Ольга. Меня слышно, да?; human: внимательно слушаю; bot: Отлично!; bot: Дело в том, что мы заметили снижение трафика по вашему контракту.; bot: Подскажите, пожалуйста, планируете ли вы пользоваться нашими услугами дальше?; bot: Алло?; bot: Вас не слышно; bot: Извините, что-то со связью, повторите, пожалуйста.; bot: Какие-то проблемы со связью. Всего вам доброго, до свидания!",47,200 OK,"hello_main, hello_thanks, clarification_main, clarification_main_tail, clarification_null_1, clarification_null_2, clarification_null_3, bad_connection_hangup",True
9013012,проблемы с распознаванием,угроза оттока не подтверждена,,"bot: Добрый день! Компания t2, меня зовут Ольга. Звоню по корпоративному договору, меня хорошо слышно?; human: день; bot: У меня один короткий вопрос по вашему договору. Мм…; bot: Дело в том, что мы заметили снижение трафика по вашему контракту.; bot: Подскажите, пожалуйста, планируете ли вы пользоваться нашими услугами дальше?; bot: Алло?; bot: Вас не слышно; bot: Извините, что-то со связью, повторите, пожалуйста.; bot: Какие-то проблемы со связью. Всего вам доброго, до свидания!",49,200 OK,"hello_main, hello_default, clarification_main, clarification_main_tail, clarification_null_1, clarification_null_2, clarification_null_3, bad_connection_hangup",True
9029228,проблемы с распознаванием,угроза оттока не подтверждена,,"bot: Добрый день! Компания t2, меня зовут Ольга. Звоню по корпоративному договору, меня хорошо слышно?; bot: Алло, слышно меня?; bot: Аааллооо.; human: говорите; bot: Отлично!; bot: Дело в том, что мы заметили снижение трафика по вашему контракту.; bot: Подскажите, пожалуйста, планируете ли вы пользоваться нашими услугами дальше?; bot: Алло?; bot: Вас не слышно; bot: Извините, что-то со связью, повторите, пожалуйста.; bot: Какие-то проблемы со связью. Всего вам доброго, до свидания!",63,200 OK,"hello_main, hello_null_1, hello_null_2, hello_thanks, clarification_main, clarification_main_tail, clarification_null_1, clarification_null_2, clarification_null_3, bad_connection_hangup",True
9044582,сброс на предложении,угроза оттока не определена,,"bot: Добрый день! Компания t2, меня зовут Ольга. Звоню по корпоративному договору, меня хорошо слышно?; human: да; bot: Отлично!; bot: Дело в том, что мы заметили снижение трафика по вашему контракту.; bot: Подскажите, пожалуйста, планируете ли вы пользоваться нашими услугами дальше?",17,200 OK,"hello_main, hello_thanks, clarification_main",True
9047631,проблемы с распознаванием,угроза оттока не подтверждена,,"bot: Добрый день! Компания t2, меня зовут Ольга. Звоню по корпоративному договору, меня хорошо слышно?; human: в чем дело; bot: У меня короткий вопрос по вашему договору, буквально минута.; bot: Дело в том, что мы заметили снижение трафика по вашему контракту.; bot: Подскажите, пожалуйста, планируете ли вы пользоваться нашими услугами дальше?; bot: Алло?; bot: Вас не слышно; bot: Извините, что-то со связью, повторите, пожалуйста.; bot: Какие-то проблемы со связью. Всего вам доброго, до свидания!",52,200 OK,"hello_main, hello_wrong_time, clarification_main, clarification_main_tail, clarification_null_1, clarification_null_2, clarification_null_3, bad_connection_hangup",True
9065734,проблемы с распознаванием,угроза оттока не подтверждена,,"bot: Добрый день! Компания t2, меня зовут Ольга. Звоню по корпоративному договору, меня хорошо слышно?; human: говорите; bot: Отлично!; bot: Дело в том, что мы заметили снижение трафика по вашему контракту.; bot: Подскажите, пожалуйста, планируете ли вы пользоваться нашими услугами дальше?; bot: Алло?; bot: Вас не слышно; bot: Извините, что-то со связью, повторите, пожалуйста.; bot: Какие-то проблемы со связью. Всего вам доброго, до свидания!",49,200 OK,"hello_main, hello_thanks, clarification_main, clarification_main_tail, clarification_null_1, clarification_null_2, clarification_null_3, bad_connection_hangup",True
9082496,проблемы с распознаванием,угроза оттока не подтверждена,,"bot: Добрый день! Это компания t2, корпоративный отдел, Ольга. Минуту уделите, пожалуйста?; human: откуда у вас мой номер; bot: У меня один короткий вопрос по вашему договору. Мм…; bot: Дело в том, что мы заметили снижение трафика по вашему контракту.; bot: Подскажите, пожалуйста, планируете ли вы пользоваться нашими услугами дальше?; bot: Алло?; bot: Вас не слышно; bot: Извините, что-то со связью, повторите, пожалуйста.; bot: Какие-то проблемы со связью. Всего вам доброго, до свидания!",52,200 OK,"hello_main, hello_default, clarification_main, clarification_main_tail, clarification_null_1, clarification_null_2, clarification_null_3, bad_connection_hangup",True
9095814,проблемы с распознаванием,угроза оттока не подтверждена,,"bot: Добрый день! Корпоративный отдел компании t2, меня зову Ольга. Меня слышно, да?; human: вы меня слышите плохо слышно повторите пожалуйста; bot: Компания ""t2"", ваш сотовый оператор. Ранее вы нас знали как ""Теле2"".; bot: Дело в том, что мы заметили снижение трафика по вашему контракту.; bot: Подскажите, пожалуйста, планируете ли вы пользоваться нашими услугами дальше?; bot: Алло?; bot: Вас не слышно; bot: Извините, что-то со связью, повторите, пожалуйста.; bot: Какие-то проблемы со связью. Всего вам доброго, до свидания!",48,200 OK,"hello_main, hello_repeat, clarification_main, clarification_main_tail, clarification_null_1, clarification_null_2, clarification_null_3, bad_connection_hangup",True
9098185,сброс на предложении,угроза оттока не определена,,"bot: Добрый день! Это компания t2, корпоративный отдел, Ольга. Минуту уделите, пожалуйста?; human: алло слушаю; bot: Отлично!; bot: Дело в том, что мы заметили снижение трафика по вашему контракту.; bot: Подскажите, пожалуйста, планируете ли вы пользоваться нашими услугами дальше?",18,200 OK,"hello_main, hello_thanks, clarification_main, clarification_main_tail",True
9105992,сброс на предложении,угроза оттока не определена,,"bot: Добрый день! Компания t2, меня зовут Ольга. Звоню по корпоративному договору, меня хорошо слышно?; human: алло слушаю вас; bot: Отлично!; bot: Дело в том, что мы заметили снижение трафика по вашему контракту.; bot: Подскажите, пожалуйста, планируете ли вы пользоваться нашими услугами дальше?",22,200 OK,"hello_main, hello_thanks, clarification_main, clarification_main_tail",True
9109147,сброс на предложении,угроза оттока не определена,,"bot: Добрый день! Корпоративный отдел компании t2, меня зову Ольга. Меня слышно, да?; human: да ольга добрый день да да; bot: Отлично!; bot: Дело в том, что мы заметили снижение трафика по вашему контракту.; bot: Подскажите, пожалуйста, планируете ли вы пользоваться нашими услугами дальше?",20,200 OK,"hello_main, hello_thanks, clarification_main, clarification_main_tail",True
9126560,проблемы с распознаванием,угроза оттока не подтверждена,,"bot: Добрый день! Это компания t2, корпоративный отдел, Ольга. Минуту уделите, пожалуйста?; human: алло; bot: У меня один короткий вопрос по вашему договору. Мм…; bot: Дело в том, что мы заметили снижение трафика по вашему контракту.; bot: Подскажите, пожалуйста, планируете ли вы пользоваться нашими услугами дальше?; bot: Алло?; bot: Вас не слышно; bot: Извините, что-то со связью, повторите, пожалуйста.; bot: Какие-то проблемы со связью. Всего вам доброго, до свидания!",49,200 OK,"hello_main, hello_default, clarification_main, clarification_main_tail, clarification_null_1, clarification_null_2, clarification_null_3, bad_connection_hangup",True
9135859,проблемы с распознаванием,угроза оттока не подтверждена,,"bot: Добрый день! Компания t2, меня зовут Ольга. Звоню по корпоративному договору, меня хорошо слышно?; human: можете пожалуйста откуда вы как вас зовут; bot: Компания ""t2"", ваш сотовый оператор. Ранее вы нас знали как ""Теле2"".; bot: Дело в том, что мы заметили снижение трафика по вашему контракту.; bot: Подскажите, пожалуйста, планируете ли вы пользоваться нашими услугами дальше?; bot: Алло?; bot: Вас не слышно; bot: Извините, что-то со связью, повторите, пожалуйста.; bot: Какие-то проблемы со связью. Всего вам доброго, до свидания!",56,200 OK,"hello_main, hello_repeat, clarification_main, clarification_main_tail, clarification_null_1, clarification_null_2, clarification_null_3, bad_connection_hangup",True
9149280,сброс на предложении,угроза оттока не определена,,"bot: Добрый день! Это компания t2, корпоративный отдел, Ольга. Минуту уделите, пожалуйста?; human: угу; bot: Отлично!; bot: Дело в том, что мы заметили снижение трафика по вашему контракту.; bot: Подскажите, пожалуйста, планируете ли вы пользоваться нашими услугами дальше?; bot: Алло?",36,200 OK,"hello_main, hello_thanks, clarification_main, clarification_main_tail, clarification_null_1",True
9149733,проблемы с распознаванием,угроза оттока не подтверждена,,"bot: Добрый день! Меня зовут Ольга, корпоративный отдел компании t2. Вам удобно сейчас минуту уделить?; human: алло алло; bot: У меня один короткий вопрос по вашему договору. Мм…; bot: Дело в том, что мы заметили снижение трафика по вашему контракту.; bot: Подскажите, пожалуйста, планируете ли вы пользоваться нашими услугами дальше?; bot: Алло?; bot: Вас не слышно; bot: Извините, что-то со связью, повторите, пожалуйста.; bot: Какие-то проблемы со связью. Всего вам доброго, до свидания!",53,200 OK,"hello_main, hello_default, clarification_main, clarification_main_tail, clarification_null_1, clarification_null_2, clarification_null_3, bad_connection_hangup",True
9168329,сброс на предложении,угроза оттока не определена,,"bot: Добрый день! Корпоративный отдел компании t2, меня зову Ольга. Меня слышно, да?; human: да слушаю; bot: Отлично!; bot: Дело в том, что мы заметили снижение трафика по вашему контракту.; bot: Подскажите, пожалуйста, планируете ли вы пользоваться нашими услугами дальше?",22,200 OK,"hello_main, hello_thanks, clarification_main, clarification_main_tail",True
9175525,проблемы с распознаванием,угроза оттока не подтверждена,,"bot: Добрый день! Корпоративный отдел компании t2, меня зову Ольга. Меня слышно, да?; human: добрый день; bot: Отлично!; bot: Дело в том, что мы заметили снижение трафика по вашему контракту.; bot: Подскажите, пожалуйста, планируете ли вы пользоваться нашими услугами дальше?; bot: Алло?; bot: Вас не слышно; bot: Извините, что-то со связью, повторите, пожалуйста.; bot: Какие-то проблемы со связью. Всего вам доброго, до свидания!",47,200 OK,"hello_main, hello_thanks, clarification_main, clarification_main_tail, clarification_null_1, clarification_null_2, clarification_null_3, bad_connection_hangup",True
9182423,проблемы с распознаванием,угроза оттока не подтверждена,,"bot: Добрый день! Компания t2, меня зовут Ольга. Звоню по корпоративному договору, меня хорошо слышно?; human: что вы хотели; bot: У меня короткий вопрос по вашему договору, буквально минута.; bot: Дело в том, что мы заметили снижение трафика по вашему контракту.; bot: Подскажите, пожалуйста, планируете ли вы пользоваться нашими услугами дальше?; bot: Алло?; bot: Вас не слышно; bot: Извините, что-то со связью, повторите, пожалуйста.; bot: Какие-то проблемы со связью. Всего вам доброго, до свидания!",53,200 OK,"hello_main, hello_wrong_time, clarification_main, clarification_main_tail, clarification_null_1, clarification_null_2, clarification_null_3, bad_connection_hangup",True
9182578,проблемы с распознаванием,угроза оттока не подтверждена,,"bot: Добрый день! Это компания t2, корпоративный отдел, Ольга. Минуту уделите, пожалуйста?; human: ведь уже здоровались вы опять мне звоните; bot: У меня один короткий вопрос по вашему договору. Мм…; bot: Дело в том, что мы заметили снижение трафика по вашему контракту.; bot: Подскажите, пожалуйста, планируете ли вы пользоваться нашими услугами дальше?; bot: Алло?; bot: Вас не слышно; bot: Извините, что-то со связью, повторите, пожалуйста.; bot: Какие-то проблемы со связью. Всего вам доброго, до свидания!",53,200 OK,"hello_main, hello_default, clarification_main, clarification_main_tail, clarification_null_1, clarification_null_2, clarification_null_3, bad_connection_hangup",True
9185547,сброс на предложении,угроза оттока не определена,,"bot: Добрый день! Меня зовут Ольга, корпоративный отдел компании t2. Вам удобно сейчас минуту уделить?; human: добрый день слушаю; bot: Отлично!; bot: Дело в том, что мы заметили снижение трафика по вашему контракту.; bot: Подскажите, пожалуйста, планируете ли вы пользоваться нашими услугами дальше?",18,200 OK,"hello_main, hello_thanks, clarification_main, clarification_main_tail",True
9200772,проблемы с распознаванием,угроза оттока не подтверждена,,"bot: Добрый день! Это компания t2, корпоративный отдел, Ольга. Минуту уделите, пожалуйста?; human: говорите что вы хотели; bot: У меня короткий вопрос по вашему договору, буквально минута.; bot: Дело в том, что мы заметили снижение трафика по вашему контракту.; bot: Подскажите, пожалуйста, планируете ли вы пользоваться нашими услугами дальше?; bot: Алло?; bot: Вас не слышно; bot: Извините, что-то со связью, повторите, пожалуйста.; bot: Какие-то проблемы со связью. Всего вам доброго, до свидания!",49,200 OK,"hello_main, hello_wrong_time, clarification_main, clarification_main_tail, clarification_null_1, clarification_null_2, clarification_null_3, bad_connection_hangup",True
9209036,проблемы с распознаванием,угроза оттока не подтверждена,,"bot: Добрый день! Меня зовут Ольга, корпоративный отдел компании t2. Вам удобно сейчас минуту уделить?; human: день подождите вы уверены что не ошиблись номером; bot: У меня один короткий вопрос по вашему договору. Мм…; bot: Дело в том, что мы заметили снижение трафика по вашему контракту.; bot: Подскажите, пожалуйста, планируете ли вы пользоваться нашими услугами дальше?; bot: Алло?; bot: Вас не слышно; bot: Извините, что-то со связью, повторите, пожалуйста.; bot: Какие-то проблемы со связью. Всего вам доброго, до свидания!",48,200 OK,"hello_main, hello_default, clarification_main, clarification_main_tail, clarification_null_1, clarification_null_2, clarification_null_3, bad_connection_hangup",True
9228926,сброс на предложении,угроза оттока не определена,,"bot: Добрый день! Это компания t2, корпоративный отдел, Ольга. Минуту уделите, пожалуйста?; human: ну если только прямо минуту а меньше даже; bot: Отлично!; bot: Дело в том, что мы заметили снижение трафика по вашему контракту.; bot: Подскажите, пожалуйста, планируете ли вы пользоваться нашими услугами дальше?",18,200 OK,"hello_main, hello_thanks, clarification_main, clarification_main_tail",True
9229254,проблемы с распознаванием,угроза оттока не подтверждена,,"bot: Добрый день! Корпоративный отдел компании t2, меня зову Ольга. Меня слышно, да?; human: повторите погромче у шум на фоне вас не очень хорошо слышно; bot: Компания ""t2"", ваш сотовый оператор. Ранее вы нас знали как ""Теле2"".; bot: Дело в том, что мы заметили снижение трафика по вашему контракту.; bot: Подскажите, пожалуйста, планируете ли вы пользоваться нашими услугами дальше?; bot: Алло?; bot: Вас не слышно; bot: Извините, что-то со связью, повторите, пожалуйста.; bot: Какие-то проблемы со связью. Всего вам доброго, до свидания!",61,200 OK,"hello_main, hello_repeat, clarification_main, clarification_main_tail, clarification_null_1, clarification_null_2, clarification_null_3, bad_connection_hangup",True
9230963,проблемы с распознаванием,угроза оттока не подтверждена,,"bot: Добрый день! Это компания t2, корпоративный отдел, Ольга. Минуту уделите, пожалуйста?; human: здравствуйте; bot: Отлично!; bot: Дело в том, что мы заметили снижение трафика по вашему контракту.; bot: Подскажите, пожалуйста, планируете ли вы пользоваться нашими услугами дальше?; bot: Алло?; bot: Вас не слышно; bot: Извините, что-то со связью, повторите, пожалуйста.; bot: Какие-то проблемы со связью. Всего вам доброго, до свидания!",47,200 OK,"hello_main, hello_thanks, clarification_main, clarification_main_tail, clarification_null_1, clarification_null_2, clarification_null_3, bad_connection_hangup",True
9231505,проблемы с распознаванием,угроза оттока не подтверждена,,"bot: Добрый день! Это компания t2, корпоративный отдел, Ольга. Минуту уделите, пожалуйста?; bot: Алло, слышно меня?; human: а дальше что то не совсем пойму как это со мной связано; bot: У меня короткий вопрос по вашему договору, буквально минута.; bot: Дело в том, что мы заметили снижение трафика по вашему контракту.; bot: Подскажите, пожалуйста, планируете ли вы пользоваться нашими услугами дальше?; bot: Алло?; bot: Вас не слышно; bot: Извините, что-то со связью, повторите, пожалуйста.; bot: Какие-то проблемы со связью. Всего вам доброго, до свидания!",61,200 OK,"hello_main, hello_null_1, hello_wrong_time, clarification_main, clarification_main_tail, clarification_null_1, clarification_null_2, clarification_null_3, bad_connection_hangup",True
9232059,проблемы с распознаванием,угроза оттока не подтверждена,,"bot: Добрый день! Компания t2, меня зовут Ольга. Звоню по корпоративному договору, меня хорошо слышно?; human: я слушаю мне кажется что то подобное другие рассказывали только я не все поняла продолжайте; bot: Отлично!; bot: Дело в том, что мы заметили снижение трафика по вашему контракту.; bot: Подскажите, пожалуйста, планируете ли вы пользоваться нашими услугами дальше?; bot: Алло?; bot: Вас не слышно; bot: Извините, что-то со связью, повторите, пожалуйста.; bot: Какие-то проблемы со связью. Всего вам доброго, до свидания!",57,200 OK,"hello_main, hello_thanks, clarification_main, clarification_main_tail, clarification_null_1, clarification_null_2, clarification_null_3, bad_connection_hangup",True
9236451,проблемы с распознаванием,угроза оттока не подтверждена,,"bot: Добрый день! Это компания t2, корпоративный отдел, Ольга. Минуту уделите, пожалуйста?; human: слушаю; bot: Отлично!; bot: Дело в том, что мы заметили снижение трафика по вашему контракту.; bot: Подскажите, пожалуйста, планируете ли вы пользоваться нашими услугами дальше?; bot: Алло?; bot: Вас не слышно; bot: Извините, что-то со связью, повторите, пожалуйста.; bot: Какие-то проблемы со связью. Всего вам доброго, до свидания!",47,200 OK,"hello_main, hello_thanks, clarification_main, clarification_main_tail, clarification_null_1, clarification_null_2, clarification_null_3, bad_connection_hangup",True
9250958,сброс на предложении,угроза оттока не определена,,"bot: Добрый день! Компания t2, меня зовут Ольга. Звоню по корпоративному договору, меня хорошо слышно?; bot: Алло, слышно меня?; human: слушаю вас; bot: Отлично!; bot: Дело в том, что мы заметили снижение трафика по вашему контракту.; bot: Подскажите, пожалуйста, планируете ли вы пользоваться нашими услугами дальше?",30,200 OK,"hello_main, hello_null_1, hello_thanks, clarification_main, clarification_main_tail",True
9251190,проблемы с распознаванием,угроза оттока не подтверждена,,"bot: Добрый день! Это компания t2, корпоративный отдел, Ольга. Минуту уделите, пожалуйста?; bot: Алло, слышно меня?; human: прошу прощения а вы по какому вопросу; bot: У меня короткий вопрос по вашему договору, буквально минута.; bot: Дело в том, что мы заметили снижение трафика по вашему контракту.; bot: Подскажите, пожалуйста, планируете ли вы пользоваться нашими услугами дальше?; bot: Алло?; bot: Вас не слышно; bot: Извините, что-то со связью, повторите, пожалуйста.; bot: Какие-то проблемы со связью. Всего вам доброго, до свидания!",68,200 OK,"hello_main, hello_null_1, hello_wrong_time, clarification_main, clarification_main_tail, clarification_null_1, clarification_null_2, clarification_null_3, bad_connection_hangup",True
9262082,сброс на предложении,угроза оттока не определена,,"bot: Добрый день! Меня зовут Ольга, корпоративный отдел компании t2. Вам удобно сейчас минуту уделить?; human: слушаю; bot: Отлично!; bot: Дело в том, что мы заметили снижение трафика по вашему контракту.; bot: Подскажите, пожалуйста, планируете ли вы пользоваться нашими услугами дальше?",26,200 OK,"hello_main, hello_thanks, clarification_main, clarification_main_tail",True
9264119,проблемы с распознаванием,угроза оттока не подтверждена,,"bot: Добрый день! Это компания t2, корпоративный отдел, Ольга. Минуту уделите, пожалуйста?; human: говорите; bot: Отлично!; bot: Дело в том, что мы заметили снижение трафика по вашему контракту.; bot: Подскажите, пожалуйста, планируете ли вы пользоваться нашими услугами дальше?; bot: Алло?; bot: Вас не слышно; bot: Извините, что-то со связью, повторите, пожалуйста.; bot: Какие-то проблемы со связью. Всего вам доброго, до свидания!",47,200 OK,"hello_main, hello_thanks, clarification_main, clarification_main_tail, clarification_null_1, clarification_null_2, clarification_null_3, bad_connection_hangup",True
9265056,проблемы с распознаванием,угроза оттока не подтверждена,,"bot: Добрый день! Компания t2, меня зовут Ольга. Звоню по корпоративному договору, меня хорошо слышно?; human: о; bot: У меня один короткий вопрос по вашему договору. Мм…; bot: Дело в том, что мы заметили снижение трафика по вашему контракту.; bot: Подскажите, пожалуйста, планируете ли вы пользоваться нашими услугами дальше?; bot: Алло?; bot: Вас не слышно; bot: Извините, что-то со связью, повторите, пожалуйста.; bot: Какие-то проблемы со связью. Всего вам доброго, до свидания!",50,200 OK,"hello_main, hello_default, clarification_main, clarification_main_tail, clarification_null_1, clarification_null_2, clarification_null_3, bad_connection_hangup",True
9267997,сброс на предложении,угроза оттока не определена,,"bot: Добрый день! Это компания t2, корпоративный отдел, Ольга. Минуту уделите, пожалуйста?; human: слушаю; bot: Отлично!; bot: Дело в том, что мы заметили снижение трафика по вашему контракту.; bot: Подскажите, пожалуйста, планируете ли вы пользоваться нашими услугами дальше?",17,200 OK,"hello_main, hello_thanks, clarification_main, clarification_main_tail",True
9293565,проблемы с распознаванием,угроза оттока не подтверждена,,"bot: Добрый день! Меня зовут Ольга, корпоративный отдел компании t2. Вам удобно сейчас минуту уделить?; human: я тут; bot: У меня один короткий вопрос по вашему договору. Мм…; bot: Дело в том, что мы заметили снижение трафика по вашему контракту.; bot: Подскажите, пожалуйста, планируете ли вы пользоваться нашими услугами дальше?; bot: Алло?; bot: Вас не слышно; bot: Извините, что-то со связью, повторите, пожалуйста.; bot: Какие-то проблемы со связью. Всего вам доброго, до свидания!",50,200 OK,"hello_main, hello_default, clarification_main, clarification_main_tail, clarification_null_1, clarification_null_2, clarification_null_3, bad_connection_hangup",True
9302279,сброс на предложении,угроза оттока не определена,,"bot: Добрый день! Компания t2, меня зовут Ольга. Звоню по корпоративному договору, меня хорошо слышно?; human: все а; bot: У меня один короткий вопрос по вашему договору. Мм…; bot: Дело в том, что мы заметили снижение трафика по вашему контракту.; bot: Подскажите, пожалуйста, планируете ли вы пользоваться нашими услугами дальше?",19,200 OK,"hello_main, hello_default, clarification_main, clarification_main_tail",True
9322213,сброс на предложении,угроза оттока не определена,,"bot: Добрый день! Корпоративный отдел компании t2, меня зову Ольга. Меня слышно, да?; human: да; bot: Отлично!; bot: Дело в том, что мы заметили снижение трафика по вашему контракту.; bot: Подскажите, пожалуйста, планируете ли вы пользоваться нашими услугами дальше?",36,200 OK,"hello_main, hello_thanks, clarification_main, clarification_main_tail",True
9328015,проблемы с распознаванием,угроза оттока не подтверждена,,"bot: Добрый день! Это компания t2, корпоративный отдел, Ольга. Минуту уделите, пожалуйста?; human: алло я тут; bot: У меня один короткий вопрос по вашему договору. Мм…; bot: Дело в том, что мы заметили снижение трафика по вашему контракту.; bot: Подскажите, пожалуйста, планируете ли вы пользоваться нашими услугами дальше?; bot: Алло?; bot: Вас не слышно; bot: Извините, что-то со связью, повторите, пожалуйста.; bot: Какие-то проблемы со связью. Всего вам доброго, до свидания!",54,200 OK,"hello_main, hello_default, clarification_main, clarification_main_tail, clarification_null_1, clarification_null_2, clarification_null_3, bad_connection_hangup",True
9341581,сброс на предложении,угроза оттока не определена,,"bot: Добрый день! Корпоративный отдел компании t2, меня зову Ольга. Меня слышно, да?; bot: Алло, слышно меня?; human: и; bot: У меня один короткий вопрос по вашему договору. Мм…; bot: Дело в том, что мы заметили снижение трафика по вашему контракту.; bot: Подскажите, пожалуйста, планируете ли вы пользоваться нашими услугами дальше?",23,200 OK,"hello_main, hello_null_1, hello_default, clarification_main, clarification_main_tail",True
9344741,сброс на предложении,угроза оттока не определена,,"bot: Добрый день! Меня зовут Ольга, корпоративный отдел компании t2. Вам удобно сейчас минуту уделить?; bot: Алло, слышно меня?; human: а что вы хотели; bot: У меня короткий вопрос по вашему договору, буквально минута.; bot: Дело в том, что мы заметили снижение трафика по вашему контракту.; bot: Подскажите, пожалуйста, планируете ли вы пользоваться нашими услугами дальше?",28,200 OK,"hello_main, hello_null_1, hello_wrong_time, clarification_main, clarification_main_tail",True
9353832,сброс на предложении,угроза оттока не определена,,"bot: Добрый день! Корпоративный отдел компании t2, меня зову Ольга. Меня слышно, да?; human: да слышно; bot: Отлично!; bot: Дело в том, что мы заметили снижение трафика по вашему контракту.; bot: Подскажите, пожалуйста, планируете ли вы пользоваться нашими услугами дальше?",24,200 OK,"hello_main, hello_thanks, clarification_main, clarification_main_tail",True
9354578,проблемы с распознаванием,угроза оттока не подтверждена,,"bot: Добрый день! Корпоративный отдел компании t2, меня зову Ольга. Меня слышно, да?; human: да слушаю; bot: Отлично!; bot: Дело в том, что мы заметили снижение трафика по вашему контракту.; bot: Подскажите, пожалуйста, планируете ли вы пользоваться нашими услугами дальше?; bot: Алло?; bot: Вас не слышно; bot: Извините, что-то со связью, повторите, пожалуйста.; bot: Какие-то проблемы со связью. Всего вам доброго, до свидания!",46,200 OK,"hello_main, hello_thanks, clarification_main, clarification_main_tail, clarification_null_1, clarification_null_2, clarification_null_3, bad_connection_hangup",True
9355522,проблемы с распознаванием,угроза оттока не подтверждена,,"bot: Добрый день! Компания t2, меня зовут Ольга. Звоню по корпоративному договору, меня хорошо слышно?; human: да; bot: Отлично!; bot: Дело в том, что мы заметили снижение трафика по вашему контракту.; bot: Подскажите, пожалуйста, планируете ли вы пользоваться нашими услугами дальше?; bot: Алло?; bot: Вас не слышно; bot: Извините, что-то со связью, повторите, пожалуйста.; bot: Какие-то проблемы со связью. Всего вам доброго, до свидания!",48,200 OK,"hello_main, hello_thanks, clarification_main, clarification_main_tail, clarification_null_1, clarification_null_2, clarification_null_3, bad_connection_hangup",True
9357113,проблемы с распознаванием,угроза оттока не подтверждена,,"bot: Добрый день! Это компания t2, корпоративный отдел, Ольга. Минуту уделите, пожалуйста?; human: внимательно слушаю; bot: Отлично!; bot: Дело в том, что мы заметили снижение трафика по вашему контракту.; bot: Подскажите, пожалуйста, планируете ли вы пользоваться нашими услугами дальше?; bot: Алло?; bot: Вас не слышно; bot: Извините, что-то со связью, повторите, пожалуйста.; bot: Какие-то проблемы со связью. Всего вам доброго, до свидания!",48,200 OK,"hello_main, hello_thanks, clarification_main, clarification_main_tail, clarification_null_1, clarification_null_2, clarification_null_3, bad_connection_hangup",True
9391971,проблемы с распознаванием,угроза оттока не подтверждена,,"bot: Добрый день! Это компания t2, корпоративный отдел, Ольга. Минуту уделите, пожалуйста?; human: говорите говорите; bot: Отлично!; bot: Дело в том, что мы заметили снижение трафика по вашему контракту.; bot: Подскажите, пожалуйста, планируете ли вы пользоваться нашими услугами дальше?; bot: Алло?; bot: Вас не слышно; bot: Извините, что-то со связью, повторите, пожалуйста.; bot: Какие-то проблемы со связью. Всего вам доброго, до свидания!",47,200 OK,"hello_main, hello_thanks, clarification_main, clarification_main_tail, clarification_null_1, clarification_null_2, clarification_null_3, bad_connection_hangup",True
9406253,проблемы с распознаванием,угроза оттока не подтверждена,,"bot: Добрый день! Компания t2, меня зовут Ольга. Звоню по корпоративному договору, меня хорошо слышно?; human: да; bot: Отлично!; bot: Дело в том, что мы заметили снижение трафика по вашему контракту.; bot: Подскажите, пожалуйста, планируете ли вы пользоваться нашими услугами дальше?; bot: Алло?; bot: Вас не слышно; bot: Извините, что-то со связью, повторите, пожалуйста.",42,200 OK,"hello_main, hello_thanks, clarification_main, clarification_main_tail, clarification_null_1, clarification_null_2, clarification_null_3",True
9417445,проблемы с распознаванием,угроза оттока не подтверждена,,"bot: Добрый день! Компания t2, меня зовут Ольга. Звоню по корпоративному договору, меня хорошо слышно?; human: добрый день; bot: Отлично!; bot: Дело в том, что мы заметили снижение трафика по вашему контракту.; bot: Подскажите, пожалуйста, планируете ли вы пользоваться нашими услугами дальше?; bot: Алло?; bot: Вас не слышно; bot: Извините, что-то со связью, повторите, пожалуйста.; bot: Какие-то проблемы со связью. Всего вам доброго, до свидания!",50,200 OK,"hello_main, hello_thanks, clarification_main, clarification_main_tail, clarification_null_1, clarification_null_2, clarification_null_3, bad_connection_hangup",True
9417949,проблемы с распознаванием,угроза оттока не подтверждена,,"bot: Добрый день! Компания t2, меня зовут Ольга. Звоню по корпоративному договору, меня хорошо слышно?; human: алло я; bot: У меня один короткий вопрос по вашему договору. Мм…; bot: Дело в том, что мы заметили снижение трафика по вашему контракту.; bot: Подскажите, пожалуйста, планируете ли вы пользоваться нашими услугами дальше?; bot: Алло?; bot: Вас не слышно; bot: Извините, что-то со связью, повторите, пожалуйста.; bot: Какие-то проблемы со связью. Всего вам доброго, до свидания!",55,200 OK,"hello_main, hello_default, clarification_main, clarification_main_tail, clarification_null_1, clarification_null_2, clarification_null_3, bad_connection_hangup",True
9431206,проблемы с распознаванием,угроза оттока не подтверждена,,"bot: Добрый день! Компания t2, меня зовут Ольга. Звоню по корпоративному договору, меня хорошо слышно?; human: да слушаю; bot: Отлично!; bot: Дело в том, что мы заметили снижение трафика по вашему контракту.; bot: Подскажите, пожалуйста, планируете ли вы пользоваться нашими услугами дальше?; bot: Алло?; bot: Вас не слышно; bot: Извините, что-то со связью, повторите, пожалуйста.; bot: Какие-то проблемы со связью. Всего вам доброго, до свидания!",51,200 OK,"hello_main, hello_thanks, clarification_main, clarification_main_tail, clarification_null_1, clarification_null_2, clarification_null_3, bad_connection_hangup",True
9438733,сброс на предложении,угроза оттока не определена,,"bot: Добрый день! Компания t2, меня зовут Ольга. Звоню по корпоративному договору, меня хорошо слышно?; human: да да; bot: Отлично!; bot: Дело в том, что мы заметили снижение трафика по вашему контракту.; bot: Подскажите, пожалуйста, планируете ли вы пользоваться нашими услугами дальше?",23,200 OK,"hello_main, hello_thanks, clarification_main, clarification_main_tail",True
9441928,сброс на предложении,угроза оттока не определена,,"bot: Добрый день! Корпоративный отдел компании t2, меня зову Ольга. Меня слышно, да?; human: алло да ольга слышно вас но мне очень удобно; bot: Отлично!; bot: Дело в том, что мы заметили снижение трафика по вашему контракту.; bot: Подскажите, пожалуйста, планируете ли вы пользоваться нашими услугами дальше?",21,200 OK,"hello_main, hello_thanks, clarification_main, clarification_main_tail",True
9442091,проблемы с распознаванием,угроза оттока не подтверждена,,"bot: Добрый день! Компания t2, меня зовут Ольга. Звоню по корпоративному договору, меня хорошо слышно?; human: вы меня слышите; bot: У меня один короткий вопрос по вашему договору. Мм…; bot: Дело в том, что мы заметили снижение трафика по вашему контракту.; bot: Подскажите, пожалуйста, планируете ли вы пользоваться нашими услугами дальше?; bot: Алло?; bot: Вас не слышно; bot: Извините, что-то со связью, повторите, пожалуйста.; bot: Какие-то проблемы со связью. Всего вам доброго, до свидания!",50,200 OK,"hello_main, hello_default, clarification_main, clarification_main_tail, clarification_null_1, clarification_null_2, clarification_null_3, bad_connection_hangup",True
9456330,проблемы с распознаванием,угроза оттока не подтверждена,,"bot: Добрый день! Меня зовут Ольга, корпоративный отдел компании t2. Вам удобно сейчас минуту уделить?; human: откуда у вас мой номер мне кажется я что такое; bot: У меня короткий вопрос по вашему договору, буквально минута.; bot: Дело в том, что мы заметили снижение трафика по вашему контракту.; bot: Подскажите, пожалуйста, планируете ли вы пользоваться нашими услугами дальше?; bot: Алло?; bot: Вас не слышно; bot: Извините, что-то со связью, повторите, пожалуйста.; bot: Какие-то проблемы со связью. Всего вам доброго, до свидания!",49,200 OK,"hello_main, hello_wrong_time, clarification_main, clarification_main_tail, clarification_null_1, clarification_null_2, clarification_null_3, bad_connection_hangup",True
9460004,сброс на предложении,угроза оттока не определена,,"bot: Добрый день! Корпоративный отдел компании t2, меня зову Ольга. Меня слышно, да?; human: да; bot: Отлично!; bot: Дело в том, что мы заметили снижение трафика по вашему контракту.; bot: Подскажите, пожалуйста, планируете ли вы пользоваться нашими услугами дальше?",31,200 OK,"hello_main, hello_thanks, clarification_main, clarification_main_tail",True
9462359,проблемы с распознаванием,угроза оттока не подтверждена,,"bot: Добрый день! Меня зовут Ольга, корпоративный отдел компании t2. Вам удобно сейчас минуту уделить?; human: нет; bot: У меня короткий вопрос по вашему договору, буквально минута.; bot: Дело в том, что мы заметили снижение трафика по вашему контракту.; bot: Подскажите, пожалуйста, планируете ли вы пользоваться нашими услугами дальше?; bot: Алло?; bot: Вас не слышно; bot: Извините, что-то со связью, повторите, пожалуйста.; bot: Какие-то проблемы со связью. Всего вам доброго, до свидания!",49,200 OK,"hello_main, hello_wrong_time, clarification_main, clarification_main_tail, clarification_null_1, clarification_null_2, clarification_null_3, bad_connection_hangup",True
9472100,сброс на предложении,угроза оттока не определена,,"bot: Добрый день! Компания t2, меня зовут Ольга. Звоню по корпоративному договору, меня хорошо слышно?; human: да слушаю вас; bot: Отлично!; bot: Дело в том, что мы заметили снижение трафика по вашему контракту.; bot: Подскажите, пожалуйста, планируете ли вы пользоваться нашими услугами дальше?",18,200 OK,"hello_main, hello_thanks, clarification_main, clarification_main_tail",True
9476052,сброс на предложении,угроза оттока не определена,,"bot: Добрый день! Компания t2, меня зовут Ольга. Звоню по корпоративному договору, меня хорошо слышно?; human: да я слушаю вас; bot: Отлично!; bot: Дело в том, что мы заметили снижение трафика по вашему контракту.; bot: Подскажите, пожалуйста, планируете ли вы пользоваться нашими услугами дальше?; bot: Алло?",28,200 OK,"hello_main, hello_thanks, clarification_main, clarification_main_tail, clarification_null_1",True
9493775,проблемы с распознаванием,угроза оттока не подтверждена,,"bot: Добрый день! Это компания t2, корпоративный отдел, Ольга. Минуту уделите, пожалуйста?; human: алло алло я тут; bot: У меня один короткий вопрос по вашему договору. Мм…; bot: Дело в том, что мы заметили снижение трафика по вашему контракту.; bot: Подскажите, пожалуйста, планируете ли вы пользоваться нашими услугами дальше?; bot: Алло?; bot: Вас не слышно; bot: Извините, что-то со связью, повторите, пожалуйста.; bot: Какие-то проблемы со связью. Всего вам доброго, до свидания!",49,200 OK,"hello_main, hello_default, clarification_main, clarification_main_tail, clarification_null_1, clarification_null_2, clarification_null_3, bad_connection_hangup",True
9509473,проблемы с распознаванием,угроза оттока не подтверждена,,"bot: Добрый день! Корпоративный отдел компании t2, меня зову Ольга. Меня слышно, да?; human: добрый день слушаю вас; bot: Отлично!; bot: Дело в том, что мы заметили снижение трафика по вашему контракту.; bot: Подскажите, пожалуйста, планируете ли вы пользоваться нашими услугами дальше?; bot: Алло?; bot: Вас не слышно; bot: Извините, что-то со связью, повторите, пожалуйста.; bot: Какие-то проблемы со связью. Всего вам доброго, до свидания!",52,200 OK,"hello_main, hello_thanks, clarification_main, clarification_main_tail, clarification_null_1, clarification_null_2, clarification_null_3, bad_connection_hangup",True
9521116,сброс на предложении,угроза оттока не определена,,"bot: Добрый день! Корпоративный отдел компании t2, меня зову Ольга. Меня слышно, да?; human: добрый день; bot: Отлично!; bot: Дело в том, что мы заметили снижение трафика по вашему контракту.; bot: Подскажите, пожалуйста, планируете ли вы пользоваться нашими услугами дальше?",22,200 OK,"hello_main, hello_thanks, clarification_main, clarification_main_tail",True
9522131,проблемы с распознаванием,угроза оттока не подтверждена,,"bot: Добрый день! Это компания t2, корпоративный отдел, Ольга. Минуту уделите, пожалуйста?; human: подождите вы уверены что не ошиблись номером; bot: У меня один короткий вопрос по вашему договору. Мм…; bot: Дело в том, что мы заметили снижение трафика по вашему контракту.; bot: Подскажите, пожалуйста, планируете ли вы пользоваться нашими услугами дальше?; bot: Алло?; bot: Вас не слышно; bot: Извините, что-то со связью, повторите, пожалуйста.; bot: Какие-то проблемы со связью. Всего вам доброго, до свидания!",48,200 OK,"hello_main, hello_default, clarification_main, clarification_main_tail, clarification_null_1, clarification_null_2, clarification_null_3, bad_connection_hangup",True
9522368,сброс на предложении,угроза оттока не определена,,"bot: Добрый день! Корпоративный отдел компании t2, меня зову Ольга. Меня слышно, да?; human: да; bot: Отлично!; bot: Дело в том, что мы заметили снижение трафика по вашему контракту.; bot: Подскажите, пожалуйста, планируете ли вы пользоваться нашими услугами дальше?",22,200 OK,"hello_main, hello_thanks, clarification_main, clarification_main_tail",True
9536970,проблемы с распознаванием,угроза оттока не подтверждена,,"bot: Добрый день! Компания t2, меня зовут Ольга. Звоню по корпоративному договору, меня хорошо слышно?; human: у меня нормально слышно мне кажется я про вас по телевизору что то слышал продолжайте; bot: Отлично!; bot: Дело в том, что мы заметили снижение трафика по вашему контракту.; bot: Подскажите, пожалуйста, планируете ли вы пользоваться нашими услугами дальше?; bot: Алло?; bot: Вас не слышно; bot: Извините, что-то со связью, повторите, пожалуйста.; bot: Какие-то проблемы со связью. Всего вам доброго, до свидания!",58,200 OK,"hello_main, hello_thanks, clarification_main, clarification_main_tail, clarification_null_1, clarification_null_2, clarification_null_3, bad_connection_hangup",True
9542872,проблемы с распознаванием,угроза оттока не подтверждена,,"bot: Добрый день! Меня зовут Ольга, корпоративный отдел компании t2. Вам удобно сейчас минуту уделить?; human: от вас вчера не звонил у меня пропущенный от какого то неизвестного номера; bot: У меня один короткий вопрос по вашему договору. Мм…; bot: Дело в том, что мы заметили снижение трафика по вашему контракту.; bot: Подскажите, пожалуйста, планируете ли вы пользоваться нашими услугами дальше?; bot: Алло?; bot: Вас не слышно; bot: Извините, что-то со связью, повторите, пожалуйста.; bot: Какие-то проблемы со связью. Всего вам доброго, до свидания!",54,200 OK,"hello_main, hello_default, clarification_main, clarification_main_tail, clarification_null_1, clarification_null_2, clarification_null_3, bad_connection_hangup",True
10012124,проблемы с распознаванием,угроза оттока не подтверждена,,"bot: Добрый день! Компания t2, меня зовут Ольга. Звоню по корпоративному договору, меня хорошо слышно?; human: вы позвонили наберите; bot: У меня один короткий вопрос по вашему договору. Мм…; bot: Дело в том, что мы заметили снижение трафика по вашему контракту.; bot: Подскажите, пожалуйста, планируете ли вы пользоваться нашими услугами дальше?; bot: Алло?; bot: Вас не слышно; bot: Извините, что-то со связью, повторите, пожалуйста.",43,200 OK,"hello_main, hello_default, clarification_main, clarification_main_tail, clarification_null_1, clarification_null_2, clarification_null_3",True
10016434,проблемы с распознаванием,угроза оттока не подтверждена,,"bot: Добрый день! Меня зовут Ольга, корпоративный отдел компании t2. Вам удобно сейчас минуту уделить?; human: слушаю; bot: Отлично!; bot: Дело в том, что мы заметили снижение трафика по вашему контракту.; bot: Подскажите, пожалуйста, планируете ли вы пользоваться нашими услугами дальше?; bot: Алло?; bot: Вас не слышно; bot: Извините, что-то со связью, повторите, пожалуйста.; bot: Какие-то проблемы со связью. Всего вам доброго, до свидания!",50,200 OK,"hello_main, hello_thanks, clarification_main, clarification_main_tail, clarification_null_1, clarification_null_2, clarification_null_3, bad_connection_hangup",True
10016686,сброс на предложении,угроза оттока не определена,,"bot: Добрый день! Меня зовут Ольга, корпоративный отдел компании t2. Вам удобно сейчас минуту уделить?; human: говорите; bot: Отлично!; bot: Дело в том, что мы заметили снижение трафика по вашему контракту.; bot: Подскажите, пожалуйста, планируете ли вы пользоваться нашими услугами дальше?",16,200 OK,"hello_main, hello_thanks, clarification_main, clarification_main_tail",True
10020943,проблемы с распознаванием,угроза оттока не подтверждена,,"bot: Добрый день! Это компания t2, корпоративный отдел, Ольга. Минуту уделите, пожалуйста?; human: добрый день слушаю вас; bot: Отлично!; bot: Дело в том, что мы заметили снижение трафика по вашему контракту.; bot: Подскажите, пожалуйста, планируете ли вы пользоваться нашими услугами дальше?; bot: Алло?; bot: Вас не слышно; bot: Извините, что-то со связью, повторите, пожалуйста.; bot: Какие-то проблемы со связью. Всего вам доброго, до свидания!",47,200 OK,"hello_main, hello_thanks, clarification_main, clarification_main_tail, clarification_null_1, clarification_null_2, clarification_null_3, bad_connection_hangup",True
10021139,сброс на предложении,угроза оттока не определена,,"bot: Добрый день! Это компания t2, корпоративный отдел, Ольга. Минуту уделите, пожалуйста?; human: да да; bot: Отлично!; bot: Дело в том, что мы заметили снижение трафика по вашему контракту.; bot: Подскажите, пожалуйста, планируете ли вы пользоваться нашими услугами дальше?; bot: Алло?",25,200 OK,"hello_main, hello_thanks, clarification_main, clarification_main_tail, clarification_null_1",True
10021451,сброс на предложении,угроза оттока не определена,,"bot: Добрый день! Корпоративный отдел компании t2, меня зову Ольга. Меня слышно, да?; human: слушаю слушаю; bot: Отлично!; bot: Дело в том, что мы заметили снижение трафика по вашему контракту.; bot: Подскажите, пожалуйста, планируете ли вы пользоваться нашими услугами дальше?",20,200 OK,"hello_main, hello_thanks, clarification_main, clarification_main_tail",True
10022072,проблемы с распознаванием,угроза оттока не подтверждена,,"bot: Добрый день! Компания t2, меня зовут Ольга. Звоню по корпоративному договору, меня хорошо слышно?; human: запомнила вас имя меня пожалуйста по дальнейшим действиям с вашей с моей стороны; bot: У меня один короткий вопрос по вашему договору. Мм…; bot: Дело в том, что мы заметили снижение трафика по вашему контракту.; bot: Подскажите, пожалуйста, планируете ли вы пользоваться нашими услугами дальше?; bot: Алло?; bot: Вас не слышно; bot: Извините, что-то со связью, повторите, пожалуйста.; bot: Какие-то проблемы со связью. Всего вам доброго, до свидания!",54,200 OK,"hello_main, hello_default, clarification_main, clarification_main_tail, clarification_null_1, clarification_null_2, clarification_null_3, bad_connection_hangup",True
10022085,сброс на предложении,угроза оттока не определена,,"bot: Добрый день! Это компания t2, корпоративный отдел, Ольга. Минуту уделите, пожалуйста?; human: за ваш звонок в ближайшее время вам ответят наши; bot: У меня один короткий вопрос по вашему договору. Мм…; bot: Дело в том, что мы заметили снижение трафика по вашему контракту.; bot: Подскажите, пожалуйста, планируете ли вы пользоваться нашими услугами дальше?",25,200 OK,"hello_main, hello_default, clarification_main, clarification_main_tail",True
10022158,проблемы с распознаванием,угроза оттока не подтверждена,,"bot: Добрый день! Меня зовут Ольга, корпоративный отдел компании t2. Вам удобно сейчас минуту уделить?; human: слушаю; bot: Отлично!; bot: Дело в том, что мы заметили снижение трафика по вашему контракту.; bot: Подскажите, пожалуйста, планируете ли вы пользоваться нашими услугами дальше?; bot: Алло?; bot: Вас не слышно; bot: Извините, что-то со связью, повторите, пожалуйста.",38,200 OK,"hello_main, hello_thanks, clarification_main, clarification_main_tail, clarification_null_1, clarification_null_2, clarification_null_3",True
10022432,сброс на предложении,угроза оттока не определена,,"bot: Добрый день! Корпоративный отдел компании t2, меня зову Ольга. Меня слышно, да?; human: да; bot: Отлично!; bot: Дело в том, что мы заметили снижение трафика по вашему контракту.; bot: Подскажите, пожалуйста, планируете ли вы пользоваться нашими услугами дальше?",21,200 OK,"hello_main, hello_thanks, clarification_main, clarification_main_tail",True
10027192,сброс на предложении,угроза оттока не определена,,"bot: Добрый день! Это компания t2, корпоративный отдел, Ольга. Минуту уделите, пожалуйста?; human: да здравствуйте; bot: Отлично!; bot: Дело в том, что мы заметили снижение трафика по вашему контракту.; bot: Подскажите, пожалуйста, планируете ли вы пользоваться нашими услугами дальше?",26,200 OK,"hello_main, hello_thanks, clarification_main, clarification_main_tail",True
10027805,проблемы с распознаванием,угроза оттока не подтверждена,,"bot: Добрый день! Корпоративный отдел компании t2, меня зову Ольга. Меня слышно, да?; human: звучит почти привлекательно; bot: У меня один короткий вопрос по вашему договору. Мм…; bot: Дело в том, что мы заметили снижение трафика по вашему контракту.; bot: Подскажите, пожалуйста, планируете ли вы пользоваться нашими услугами дальше?; bot: Алло?; bot: Вас не слышно; bot: Извините, что-то со связью, повторите, пожалуйста.; bot: Какие-то проблемы со связью. Всего вам доброго, до свидания!",49,200 OK,"hello_main, hello_default, clarification_main, clarification_main_tail, clarification_null_1, clarification_null_2, clarification_null_3, bad_connection_hangup",True
10028142,проблемы с распознаванием,угроза оттока не подтверждена,,"bot: Добрый день! Это компания t2, корпоративный отдел, Ольга. Минуту уделите, пожалуйста?; human: слушаю вас; bot: Отлично!; bot: Дело в том, что мы заметили снижение трафика по вашему контракту.; bot: Подскажите, пожалуйста, планируете ли вы пользоваться нашими услугами дальше?; bot: Алло?; bot: Вас не слышно; bot: Извините, что-то со связью, повторите, пожалуйста.; bot: Какие-то проблемы со связью. Всего вам доброго, до свидания!",57,200 OK,"hello_main, hello_thanks, clarification_main, clarification_main_tail, clarification_null_1, clarification_null_2, clarification_null_3, bad_connection_hangup",True
