id,result,status,true_status,transcript,duration,call_status,prompt
184923,недозвон,недозвон,,,0,486 Busy Here,
185234,недозвон,недозвон,,,0,480 Temporarily Unavailable,
185501,недозвон,недозвон,,,0,486 Busy Here,
185504,недозвон,недозвон,,,0,404 Not Found,
186089,недозвон,недозвон,,,0,480 Temporarily Unavailable,
186165,недозвон,недозвон,,,0,487 Request Terminated,
186357,недозвон,недозвон,,,0,487 Request Terminated,
186590,недозвон,недозвон,,,0,480 Temporarily Unavailable,
200650,недозвон,недозвон,,,0,487 Request Terminated,
200934,недозвон,недозвон,,,0,480 Temporarily Unavailable,
201003,недозвон,недозвон,,,0,480 Temporarily Unavailable,
201197,недозвон,недозвон,,,0,480 Temporarily Unavailable,
201262,недозвон,недозвон,,,0,480 Temporarily Unavailable,
201713,недозвон,недозвон,,,0,480 Temporarily Unavailable,
201771,сброс на приветствии,угроза оттока не определена,,"bot: Добрый день! Корпоративный отдел компании t2, меня зову Ольга. Меня слышно, да?",9,200 OK,hello_main
201905,недозвон,недозвон,,,0,480 Temporarily Unavailable,
202299,недозвон,недозвон,,,0,480 Temporarily Unavailable,
202532,недозвон,недозвон,,,0,480 Temporarily Unavailable,
234352,сброс на приветствии,угроза оттока не определена,,"bot: Добрый день! Это компания t2, корпоративный отдел, Ольга. Минуту уделите, пожалуйста?",5,200 OK,hello_main
234492,недозвон,недозвон,,,0,487 Request Terminated,
234827,недозвон,недозвон,,,0,480 Temporarily Unavailable,
235580,недозвон,недозвон,,,0,480 Temporarily Unavailable,
236201,недозвон,недозвон,,,0,480 Temporarily Unavailable,
236411,недозвон,недозвон,,,0,480 Temporarily Unavailable,
236588,недозвон,недозвон,,,0,480 Temporarily Unavailable,
236874,недозвон,недозвон,,,0,487 Request Terminated,
237560,недозвон,недозвон,,,0,480 Temporarily Unavailable,
237658,недозвон,недозвон,,,0,480 Temporarily Unavailable,
237868,недозвон,недозвон,,,0,480 Temporarily Unavailable,
238197,недозвон,недозвон,,,0,480 Temporarily Unavailable,
238269,недозвон,недозвон,,,0,486 Busy Here,
239517,недозвон,недозвон,,,0,480 Temporarily Unavailable,
239627,недозвон,недозвон,,,0,480 Temporarily Unavailable,
239805,недозвон,недозвон,,,0,480 Temporarily Unavailable,
240279,тишина,недозвон,,"bot: Добрый день! Корпоративный отдел компании t2, меня зову Ольга. Меня слышно, да?; bot: Алло, слышно меня?; bot: Аааллооо.; bot: Что-то вас не слышно, я перезвоню.",28,200 OK,"hello_main, hello_null_1, hello_null_2, start_null_hangup"
240542,недозвон,недозвон,,,0,486 Busy Here,
240609,недозвон,недозвон,,,0,480 Temporarily Unavailable,
240962,недозвон,недозвон,,,0,480 Temporarily Unavailable,
241632,недозвон,недозвон,,,0,480 Temporarily Unavailable,
242541,недозвон,недозвон,,,0,480 Temporarily Unavailable,
245627,недозвон,недозвон,,,0,487 Request Terminated,
247633,недозвон,недозвон,,,0,480 Temporarily Unavailable,
248413,сброс на приветствии,угроза оттока не определена,,"bot: Добрый день! Это компания t2, корпоративный отдел, Ольга. Минуту уделите, пожалуйста?",3,200 OK,hello_main
248707,недозвон,недозвон,,,0,480 Temporarily Unavailable,
251282,недозвон,недозвон,,,0,487 Request Terminated,
252909,недозвон,недозвон,,,0,480 Temporarily Unavailable,
253907,недозвон,недозвон,,,0,480 Temporarily Unavailable,
255879,недозвон,недозвон,,,0,487 Request Terminated,
261637,недозвон,недозвон,,,0,487 Request Terminated,
262166,недозвон,недозвон,,,0,480 Temporarily Unavailable,
262249,недозвон,недозвон,,,0,480 Temporarily Unavailable,
262504,недозвон,недозвон,,,0,404 Not Found,
263238,недозвон,недозвон,,,0,480 Temporarily Unavailable,
263982,недозвон,недозвон,,,0,480 Temporarily Unavailable,
266898,тишина,недозвон,,"bot: Добрый день! Корпоративный отдел компании t2, меня зову Ольга. Меня слышно, да?; bot: Алло, слышно меня?; bot: Аааллооо.; bot: Что-то вас не слышно, я перезвоню.",26,200 OK,"hello_main, hello_null_1, hello_null_2, start_null_hangup"
267411,сброс на приветствии,угроза оттока не определена,,"bot: Добрый день! Меня зовут Ольга, корпоративный отдел компании t2. Вам удобно сейчас минуту уделить?",5,200 OK,hello_main
272247,недозвон,недозвон,,,0,480 Temporarily Unavailable,
283281,тишина,недозвон,,"bot: Добрый день! Это компания t2, корпоративный отдел, Ольга. Минуту уделите, пожалуйста?; bot: Алло, слышно меня?; bot: Аааллооо.; bot: Что-то вас не слышно, я перезвоню.",26,200 OK,"hello_main, hello_null_1, hello_null_2, start_null_hangup"
283354,недозвон,недозвон,,,0,480 Temporarily Unavailable,
283885,недозвон,недозвон,,,0,480 Temporarily Unavailable,
283891,тишина,недозвон,,"bot: Добрый день! Компания t2, меня зовут Ольга. Звоню по корпоративному договору, меня хорошо слышно?; bot: Алло, слышно меня?; bot: Аааллооо.; bot: Что-то вас не слышно, я перезвоню.",28,200 OK,"hello_main, hello_null_1, hello_null_2, start_null_hangup"
283946,недозвон,недозвон,,,0,480 Temporarily Unavailable,
284013,недозвон,недозвон,,,0,480 Temporarily Unavailable,
284307,сброс на приветствии,угроза оттока не определена,,"bot: Добрый день! Это компания t2, корпоративный отдел, Ольга. Минуту уделите, пожалуйста?",9,200 OK,hello_main
284456,недозвон,недозвон,,,0,480 Temporarily Unavailable,
284658,тишина,недозвон,,"bot: Добрый день! Корпоративный отдел компании t2, меня зову Ольга. Меня слышно, да?; bot: Алло, слышно меня?; bot: Аааллооо.; bot: Что-то вас не слышно, я перезвоню.",26,200 OK,"hello_main, hello_null_1, hello_null_2, start_null_hangup"
284836,недозвон,недозвон,,,0,480 Temporarily Unavailable,
285347,сброс на приветствии,угроза оттока не определена,,"bot: Добрый день! Корпоративный отдел компании t2, меня зову Ольга. Меня слышно, да?",7,200 OK,hello_main
364254,недозвон,недозвон,,,0,487 Request Terminated,
393878,недозвон,недозвон,,,0,480 Temporarily Unavailable,
396751,недозвон,недозвон,,,0,480 Temporarily Unavailable,
398060,недозвон,недозвон,,,0,480 Temporarily Unavailable,
398306,недозвон,недозвон,,,0,480 Temporarily Unavailable,
398654,недозвон,недозвон,,,0,480 Temporarily Unavailable,
398746,недозвон,недозвон,,,0,480 Temporarily Unavailable,
398775,недозвон,недозвон,,,0,480 Temporarily Unavailable,
400451,недозвон,недозвон,,,0,480 Temporarily Unavailable,
400486,недозвон,недозвон,,,0,480 Temporarily Unavailable,
400523,недозвон,недозвон,,,0,480 Temporarily Unavailable,
400749,недозвон,недозвон,,,0,480 Temporarily Unavailable,
403378,недозвон,недозвон,,,0,480 Temporarily Unavailable,
403934,тишина,недозвон,,"bot: Добрый день! Компания t2, меня зовут Ольга. Звоню по корпоративному договору, меня хорошо слышно?; bot: Алло, слышно меня?; bot: Аааллооо.; bot: Что-то вас не слышно, я перезвоню.",27,200 OK,"hello_main, hello_null_1, hello_null_2, start_null_hangup"
419240,недозвон,недозвон,,,0,480 Temporarily Unavailable,
423507,недозвон,недозвон,,,0,487 Request Terminated,
430133,недозвон,недозвон,,,0,480 Temporarily Unavailable,
432926,недозвон,недозвон,,,0,404 Not Found,
489117,недозвон,недозвон,,,0,480 Temporarily Unavailable,
492123,недозвон,недозвон,,,0,480 Temporarily Unavailable,
666094,недозвон,недозвон,,,0,480 Temporarily Unavailable,
691461,недозвон,недозвон,,,0,480 Temporarily Unavailable,
691559,тишина,недозвон,,"bot: Добрый день! Корпоративный отдел компании t2, меня зову Ольга. Меня слышно, да?; bot: Алло, слышно меня?; bot: Аааллооо.; bot: Что-то вас не слышно, я перезвоню.",28,200 OK,"hello_main, hello_null_1, hello_null_2, start_null_hangup"
793132,недозвон,недозвон,,,0,480 Temporarily Unavailable,
793387,тишина,недозвон,,"bot: Добрый день! Это компания t2, корпоративный отдел, Ольга. Минуту уделите, пожалуйста?; bot: Алло, слышно меня?",15,200 OK,"hello_main, hello_null_1"
807662,недозвон,недозвон,,,0,480 Temporarily Unavailable,
809089,тишина,недозвон,,"bot: Добрый день! Это компания t2, корпоративный отдел, Ольга. Минуту уделите, пожалуйста?; bot: Алло, слышно меня?; bot: Аааллооо.; bot: Что-то вас не слышно, я перезвоню.",26,200 OK,"hello_main, hello_null_1, hello_null_2, start_null_hangup"
810287,недозвон,недозвон,,,0,480 Temporarily Unavailable,
810950,недозвон,недозвон,,,0,480 Temporarily Unavailable,
816435,недозвон,недозвон,,,0,480 Temporarily Unavailable,
822912,тишина,недозвон,,"bot: Добрый день! Это компания t2, корпоративный отдел, Ольга. Минуту уделите, пожалуйста?; bot: Алло, слышно меня?; bot: Аааллооо.; bot: Что-то вас не слышно, я перезвоню.",26,200 OK,"hello_main, hello_null_1, hello_null_2, start_null_hangup"
829298,тишина,недозвон,,"bot: Добрый день! Корпоративный отдел компании t2, меня зову Ольга. Меня слышно, да?; bot: Алло, слышно меня?; bot: Аааллооо.; bot: Что-то вас не слышно, я перезвоню.",27,200 OK,"hello_main, hello_null_1, hello_null_2, start_null_hangup"
829461,недозвон,недозвон,,,0,486 Busy Here,
831413,недозвон,недозвон,,,0,480 Temporarily Unavailable,
832726,недозвон,недозвон,,,0,486 Busy Here,
835912,недозвон,недозвон,,,0,480 Temporarily Unavailable,
838594,недозвон,недозвон,,,0,480 Temporarily Unavailable,
840417,недозвон,недозвон,,,0,480 Temporarily Unavailable,
844866,недозвон,недозвон,,,0,480 Temporarily Unavailable,
847488,недозвон,недозвон,,,0,480 Temporarily Unavailable,
848910,недозвон,недозвон,,,0,480 Temporarily Unavailable,
849452,недозвон,недозвон,,,0,480 Temporarily Unavailable,
852886,недозвон,недозвон,,,0,480 Temporarily Unavailable,
853718,недозвон,недозвон,,,0,487 Request Terminated,
862521,недозвон,недозвон,,,0,480 Temporarily Unavailable,
897847,недозвон,недозвон,,,0,404 Not Found,
901623,недозвон,недозвон,,,0,480 Temporarily Unavailable,
905261,недозвон,недозвон,,,0,480 Temporarily Unavailable,
906138,недозвон,недозвон,,,0,480 Temporarily Unavailable,
975687,недозвон,недозвон,,,0,486 Busy Here,
977493,недозвон,недозвон,,,0,480 Temporarily Unavailable,
980471,недозвон,недозвон,,,0,480 Temporarily Unavailable,
993085,недозвон,недозвон,,,0,480 Temporarily Unavailable,
995369,недозвон,недозвон,,,0,480 Temporarily Unavailable,
998060,недозвон,недозвон,,,0,480 Temporarily Unavailable,
999128,сброс на приветствии,угроза оттока не определена,,"bot: Добрый день! Это компания t2, корпоративный отдел, Ольга. Минуту уделите, пожалуйста?",6,200 OK,hello_main
999948,недозвон,недозвон,,,0,480 Temporarily Unavailable,
1000815,недозвон,недозвон,,,0,480 Temporarily Unavailable,
1002010,недозвон,недозвон,,,0,480 Temporarily Unavailable,
1003326,недозвон,недозвон,,,0,480 Temporarily Unavailable,
1005001,недозвон,недозвон,,,0,480 Temporarily Unavailable,
1005548,недозвон,недозвон,,,0,480 Temporarily Unavailable,
1006331,недозвон,недозвон,,,0,487 Request Terminated,
1007497,недозвон,недозвон,,,0,480 Temporarily Unavailable,
1008287,недозвон,недозвон,,,0,480 Temporarily Unavailable,
1014641,тишина,недозвон,,"bot: Добрый день! Это компания t2, корпоративный отдел, Ольга. Минуту уделите, пожалуйста?; bot: Алло, слышно меня?; bot: Аааллооо.; bot: Что-то вас не слышно, я перезвоню.",26,200 OK,"hello_main, hello_null_1, hello_null_2, start_null_hangup"
1016084,недозвон,недозвон,,,0,480 Temporarily Unavailable,
1019080,недозвон,недозвон,,,0,480 Temporarily Unavailable,
1019800,недозвон,недозвон,,,0,480 Temporarily Unavailable,
1020133,недозвон,недозвон,,,0,480 Temporarily Unavailable,
1020254,недозвон,недозвон,,,0,480 Temporarily Unavailable,
1020486,недозвон,недозвон,,,0,480 Temporarily Unavailable,
1022615,недозвон,недозвон,,,0,404 Not Found,
1023134,сброс на приветствии,угроза оттока не определена,,"bot: Добрый день! Меня зовут Ольга, корпоративный отдел компании t2. Вам удобно сейчас минуту уделить?",7,200 OK,hello_main
1024059,тишина,недозвон,,"bot: Добрый день! Компания t2, меня зовут Ольга. Звоню по корпоративному договору, меня хорошо слышно?; bot: Алло, слышно меня?; bot: Аааллооо.; bot: Что-то вас не слышно, я перезвоню.",28,200 OK,"hello_main, hello_null_1, hello_null_2, start_null_hangup"
1026911,недозвон,недозвон,,,0,480 Temporarily Unavailable,
1028791,тишина,недозвон,,"bot: Добрый день! Меня зовут Ольга, корпоративный отдел компании t2. Вам удобно сейчас минуту уделить?; bot: Алло, слышно меня?; bot: Аааллооо.; bot: Что-то вас не слышно, я перезвоню.",26,200 OK,"hello_main, hello_null_1, hello_null_2, start_null_hangup"
1029909,недозвон,недозвон,,,0,480 Temporarily Unavailable,
1030261,недозвон,недозвон,,,0,480 Temporarily Unavailable,
1031986,недозвон,недозвон,,,0,480 Temporarily Unavailable,
1032101,недозвон,недозвон,,,0,480 Temporarily Unavailable,
1032377,тишина,недозвон,,"bot: Добрый день! Компания t2, меня зовут Ольга. Звоню по корпоративному договору, меня хорошо слышно?; bot: Алло, слышно меня?; bot: Аааллооо.; bot: Что-то вас не слышно, я перезвоню.",33,200 OK,"hello_main, hello_null_1, hello_null_2, start_null_hangup"
1033360,недозвон,недозвон,,,0,480 Temporarily Unavailable,
1036232,недозвон,недозвон,,,0,480 Temporarily Unavailable,
1036770,недозвон,недозвон,,,0,480 Temporarily Unavailable,
1041553,недозвон,недозвон,,,0,480 Temporarily Unavailable,
1041687,недозвон,недозвон,,,0,480 Temporarily Unavailable,
1042645,недозвон,недозвон,,,0,480 Temporarily Unavailable,
1043423,недозвон,недозвон,,,0,480 Temporarily Unavailable,
1043487,недозвон,недозвон,,,0,480 Temporarily Unavailable,
1044294,недозвон,недозвон,,,0,480 Temporarily Unavailable,
1045193,тишина,недозвон,,"bot: Добрый день! Меня зовут Ольга, корпоративный отдел компании t2. Вам удобно сейчас минуту уделить?; bot: Алло, слышно меня?; bot: Аааллооо.; bot: Что-то вас не слышно, я перезвоню.",26,200 OK,"hello_main, hello_null_1, hello_null_2, start_null_hangup"
1045630,недозвон,недозвон,,,0,480 Temporarily Unavailable,
1049927,недозвон,недозвон,,,0,484 Address Incomplete,
1053387,недозвон,недозвон,,,0,487 Request Terminated,
1054407,недозвон,недозвон,,,0,487 Request Terminated,
1055202,недозвон,недозвон,,,0,487 Request Terminated,
1055372,недозвон,недозвон,,,0,480 Temporarily Unavailable,
1055713,тишина,недозвон,,"bot: Добрый день! Компания t2, меня зовут Ольга. Звоню по корпоративному договору, меня хорошо слышно?; bot: Алло, слышно меня?; bot: Аааллооо.; bot: Что-то вас не слышно, я перезвоню.",27,200 OK,"hello_main, hello_null_1, hello_null_2, start_null_hangup"
1058194,недозвон,недозвон,,,0,486 Busy Here,
1058518,тишина,недозвон,,"bot: Добрый день! Компания t2, меня зовут Ольга. Звоню по корпоративному договору, меня хорошо слышно?; bot: Алло, слышно меня?; bot: Аааллооо.; bot: Что-то вас не слышно, я перезвоню.",27,200 OK,"hello_main, hello_null_1, hello_null_2, start_null_hangup"
1061776,недозвон,недозвон,,,0,480 Temporarily Unavailable,
1064250,недозвон,недозвон,,,0,480 Temporarily Unavailable,
1071683,недозвон,недозвон,,,0,404 Not Found,
1074804,тишина,недозвон,,"bot: Добрый день! Корпоративный отдел компании t2, меня зову Ольга. Меня слышно, да?; bot: Алло, слышно меня?; bot: Аааллооо.; bot: Что-то вас не слышно, я перезвоню.",26,200 OK,"hello_main, hello_null_1, hello_null_2, start_null_hangup"
1089975,тишина,недозвон,,"bot: Добрый день! Корпоративный отдел компании t2, меня зову Ольга. Меня слышно, да?; bot: Алло, слышно меня?; bot: Аааллооо.; bot: Что-то вас не слышно, я перезвоню.",25,200 OK,"hello_main, hello_null_1, hello_null_2, start_null_hangup"
1091384,недозвон,недозвон,,,0,480 Temporarily Unavailable,
1109189,недозвон,недозвон,,,0,480 Temporarily Unavailable,
1116417,недозвон,недозвон,,,0,404 Not Found,
1125650,недозвон,недозвон,,,0,480 Temporarily Unavailable,
1126711,недозвон,недозвон,,,0,487 Request Terminated,
1137855,недозвон,недозвон,,,0,480 Temporarily Unavailable,
1139016,тишина,недозвон,,"bot: Добрый день! Меня зовут Ольга, корпоративный отдел компании t2. Вам удобно сейчас минуту уделить?; bot: Алло, слышно меня?; bot: Аааллооо.; bot: Что-то вас не слышно, я перезвоню.",26,200 OK,"hello_main, hello_null_1, hello_null_2, start_null_hangup"
1139913,недозвон,недозвон,,,0,480 Temporarily Unavailable,
1139975,недозвон,недозвон,,,0,480 Temporarily Unavailable,
1150843,тишина,недозвон,,"bot: Добрый день! Компания t2, меня зовут Ольга. Звоню по корпоративному договору, меня хорошо слышно?; bot: Алло, слышно меня?; bot: Аааллооо.; bot: Что-то вас не слышно, я перезвоню.",27,200 OK,"hello_main, hello_null_1, hello_null_2, start_null_hangup"
1151946,недозвон,недозвон,,,0,480 Temporarily Unavailable,
1155285,сброс на приветствии,угроза оттока не определена,,"bot: Добрый день! Меня зовут Ольга, корпоративный отдел компании t2. Вам удобно сейчас минуту уделить?",7,200 OK,hello_main
1155535,недозвон,недозвон,,,0,480 Temporarily Unavailable,
1156102,недозвон,недозвон,,,0,480 Temporarily Unavailable,
1158774,тишина,недозвон,,"bot: Добрый день! Меня зовут Ольга, корпоративный отдел компании t2. Вам удобно сейчас минуту уделить?; bot: Алло, слышно меня?; bot: Аааллооо.; bot: Что-то вас не слышно, я перезвоню.",26,200 OK,"hello_main, hello_null_1, hello_null_2, start_null_hangup"
1160281,недозвон,недозвон,,,0,480 Temporarily Unavailable,
1162874,недозвон,недозвон,,,0,486 Busy Here,
1166611,тишина,недозвон,,"bot: Добрый день! Это компания t2, корпоративный отдел, Ольга. Минуту уделите, пожалуйста?; bot: Алло, слышно меня?; bot: Аааллооо.; bot: Что-то вас не слышно, я перезвоню.",26,200 OK,"hello_main, hello_null_1, hello_null_2, start_null_hangup"
1168042,недозвон,недозвон,,,0,480 Temporarily Unavailable,
1172778,недозвон,недозвон,,,0,480 Temporarily Unavailable,
1173122,недозвон,недозвон,,,0,480 Temporarily Unavailable,
1173821,недозвон,недозвон,,,0,487 Request Terminated,
1174835,недозвон,недозвон,,,0,480 Temporarily Unavailable,
1175152,сброс на приветствии,угроза оттока не определена,,"bot: Добрый день! Корпоративный отдел компании t2, меня зову Ольга. Меня слышно, да?",6,200 OK,hello_main
1178918,недозвон,недозвон,,,0,480 Temporarily Unavailable,
1179643,недозвон,недозвон,,,0,404 Not Found,
1179842,недозвон,недозвон,,,0,404 Not Found,
1180001,недозвон,недозвон,,,0,480 Temporarily Unavailable,
1180033,недозвон,недозвон,,,0,404 Not Found,
1180196,сброс на приветствии,угроза оттока не определена,,"bot: Добрый день! Корпоративный отдел компании t2, меня зову Ольга. Меня слышно, да?",16,200 OK,hello_main
1197581,недозвон,недозвон,,,0,480 Temporarily Unavailable,
1197868,недозвон,недозвон,,,0,480 Temporarily Unavailable,
1198888,недозвон,недозвон,,,0,480 Temporarily Unavailable,
1199308,недозвон,недозвон,,,0,480 Temporarily Unavailable,
1199316,тишина,недозвон,,"bot: Добрый день! Компания t2, меня зовут Ольга. Звоню по корпоративному договору, меня хорошо слышно?; bot: Алло, слышно меня?; bot: Аааллооо.; bot: Что-то вас не слышно, я перезвоню.",31,200 OK,"hello_main, hello_null_1, hello_null_2, start_null_hangup"
1199446,недозвон,недозвон,,,0,480 Temporarily Unavailable,
1199622,недозвон,недозвон,,,0,480 Temporarily Unavailable,
1201208,недозвон,недозвон,,,0,480 Temporarily Unavailable,
1201744,недозвон,недозвон,,,0,480 Temporarily Unavailable,
1203216,недозвон,недозвон,,,0,404 Not Found,
1205643,недозвон,недозвон,,,0,487 Request Terminated,
1213178,недозвон,недозвон,,,0,480 Temporarily Unavailable,
1216132,недозвон,недозвон,,,0,480 Temporarily Unavailable,
1239379,недозвон,недозвон,,,0,480 Temporarily Unavailable,
1240498,недозвон,недозвон,,,0,480 Temporarily Unavailable,
1241900,недозвон,недозвон,,,0,480 Temporarily Unavailable,
1242999,недозвон,недозвон,,,0,480 Temporarily Unavailable,
1243360,недозвон,недозвон,,,0,486 Busy Here,
1243788,тишина,недозвон,,"bot: Добрый день! Компания t2, меня зовут Ольга. Звоню по корпоративному договору, меня хорошо слышно?; bot: Алло, слышно меня?; bot: Аааллооо.; bot: Что-то вас не слышно, я перезвоню.",27,200 OK,"hello_main, hello_null_1, hello_null_2, start_null_hangup"
1243834,недозвон,недозвон,,,0,487 Request Terminated,
1244246,недозвон,недозвон,,,0,480 Temporarily Unavailable,
1244251,недозвон,недозвон,,,0,480 Temporarily Unavailable,
1244257,недозвон,недозвон,,,0,487 Request Terminated,
1244501,недозвон,недозвон,,,0,487 Request Terminated,
1244987,недозвон,недозвон,,,0,480 Temporarily Unavailable,
1245017,недозвон,недозвон,,,0,480 Temporarily Unavailable,
1245218,тишина,недозвон,,"bot: Добрый день! Компания t2, меня зовут Ольга. Звоню по корпоративному договору, меня хорошо слышно?; bot: Алло, слышно меня?; bot: Аааллооо.; bot: Что-то вас не слышно, я перезвоню.",28,200 OK,"hello_main, hello_null_1, hello_null_2, start_null_hangup"
1245357,тишина,недозвон,,"bot: Добрый день! Компания t2, меня зовут Ольга. Звоню по корпоративному договору, меня хорошо слышно?; bot: Алло, слышно меня?; bot: Аааллооо.; bot: Что-то вас не слышно, я перезвоню.",27,200 OK,"hello_main, hello_null_1, hello_null_2, start_null_hangup"
1248125,недозвон,недозвон,,,0,480 Temporarily Unavailable,
1249991,недозвон,недозвон,,,0,480 Temporarily Unavailable,
1250107,сброс на приветствии,угроза оттока не определена,,"bot: Добрый день! Компания t2, меня зовут Ольга. Звоню по корпоративному договору, меня хорошо слышно?",6,200 OK,hello_main
1250110,,недозвон,,,0,480 Temporarily Unavailable,
1250455,недозвон,недозвон,,,0,480 Temporarily Unavailable,
1251950,недозвон,недозвон,,,0,480 Temporarily Unavailable,
1252341,недозвон,недозвон,,,0,480 Temporarily Unavailable,
1252417,недозвон,недозвон,,,0,480 Temporarily Unavailable,
1252636,недозвон,недозвон,,,0,480 Temporarily Unavailable,
1252762,недозвон,недозвон,,,0,480 Temporarily Unavailable,
1252845,недозвон,недозвон,,,0,480 Temporarily Unavailable,
1256252,недозвон,недозвон,,,0,404 Not Found,
1257701,недозвон,недозвон,,,0,480 Temporarily Unavailable,
1273352,недозвон,недозвон,,,0,480 Temporarily Unavailable,
1275500,недозвон,недозвон,,,0,404 Not Found,
1276351,недозвон,недозвон,,,0,404 Not Found,
1281849,недозвон,недозвон,,,0,480 Temporarily Unavailable,
1282331,недозвон,недозвон,,,0,480 Temporarily Unavailable,
1282828,недозвон,недозвон,,,0,404 Not Found,
1284617,недозвон,недозвон,,,0,404 Not Found,
1286641,недозвон,недозвон,,,0,480 Temporarily Unavailable,
1288627,тишина,недозвон,,"bot: Добрый день! Меня зовут Ольга, корпоративный отдел компании t2. Вам удобно сейчас минуту уделить?; bot: Алло, слышно меня?; bot: Аааллооо.; bot: Что-то вас не слышно, я перезвоню.",26,200 OK,"hello_main, hello_null_1, hello_null_2, start_null_hangup"
1288898,недозвон,недозвон,,,0,487 Request Terminated,
1289295,недозвон,недозвон,,,0,480 Temporarily Unavailable,
1289614,недозвон,недозвон,,,0,480 Temporarily Unavailable,
1289872,недозвон,недозвон,,,0,480 Temporarily Unavailable,
1290139,недозвон,недозвон,,,0,480 Temporarily Unavailable,
1290198,тишина,недозвон,,"bot: Добрый день! Меня зовут Ольга, корпоративный отдел компании t2. Вам удобно сейчас минуту уделить?; bot: Алло, слышно меня?; bot: Аааллооо.; bot: Что-то вас не слышно, я перезвоню.",26,200 OK,"hello_main, hello_null_1, hello_null_2, start_null_hangup"
1290848,сброс на приветствии,угроза оттока не определена,,"bot: Добрый день! Корпоративный отдел компании t2, меня зову Ольга. Меня слышно, да?",8,200 OK,
1291345,недозвон,недозвон,,,0,480 Temporarily Unavailable,
1292625,недозвон,недозвон,,,0,487 Request Terminated,
1293434,тишина,недозвон,,"bot: Добрый день! Корпоративный отдел компании t2, меня зову Ольга. Меня слышно, да?; bot: Алло, слышно меня?; bot: Аааллооо.; bot: Что-то вас не слышно, я перезвоню.",27,200 OK,"hello_main, hello_null_1, hello_null_2, start_null_hangup"
1293729,недозвон,недозвон,,,0,480 Temporarily Unavailable,
1293776,недозвон,недозвон,,,0,480 Temporarily Unavailable,
1294106,недозвон,недозвон,,,0,480 Temporarily Unavailable,
1295447,недозвон,недозвон,,,0,480 Temporarily Unavailable,
1295892,недозвон,недозвон,,,0,404 Not Found,
1296238,недозвон,недозвон,,,0,480 Temporarily Unavailable,
1296600,тишина,недозвон,,"bot: Добрый день! Это компания t2, корпоративный отдел, Ольга. Минуту уделите, пожалуйста?; bot: Алло, слышно меня?; bot: Аааллооо.; bot: Что-то вас не слышно, я перезвоню.",29,200 OK,"hello_main, hello_null_1, hello_null_2, start_null_hangup"
1296638,недозвон,недозвон,,,0,480 Temporarily Unavailable,
1296700,недозвон,недозвон,,,0,480 Temporarily Unavailable,
1297026,недозвон,недозвон,,,0,486 Busy Here,
1297080,тишина,недозвон,,"bot: Добрый день! Компания t2, меня зовут Ольга. Звоню по корпоративному договору, меня хорошо слышно?; bot: Алло, слышно меня?; bot: Аааллооо.; bot: Что-то вас не слышно, я перезвоню.",28,200 OK,"hello_main, hello_null_1, hello_null_2, start_null_hangup"
1297129,недозвон,недозвон,,,0,480 Temporarily Unavailable,
1297162,недозвон,недозвон,,,0,480 Temporarily Unavailable,
1311323,недозвон,недозвон,,,0,480 Temporarily Unavailable,
1312269,недозвон,недозвон,,,0,480 Temporarily Unavailable,
1315396,недозвон,недозвон,,,0,486 Busy Here,
1315714,недозвон,недозвон,,,0,480 Temporarily Unavailable,
1315794,недозвон,недозвон,,,0,480 Temporarily Unavailable,
1316676,сброс на приветствии,угроза оттока не определена,,"bot: Добрый день! Меня зовут Ольга, корпоративный отдел компании t2. Вам удобно сейчас минуту уделить?",8,200 OK,hello_main
1316754,недозвон,недозвон,,,0,480 Temporarily Unavailable,
1324551,недозвон,недозвон,,,0,480 Temporarily Unavailable,
1325518,тишина,недозвон,,"bot: Добрый день! Корпоративный отдел компании t2, меня зову Ольга. Меня слышно, да?; bot: Алло, слышно меня?; bot: Аааллооо.; bot: Что-то вас не слышно, я перезвоню.",25,200 OK,"hello_main, hello_null_1, hello_null_2, start_null_hangup"
1325747,недозвон,недозвон,,,0,480 Temporarily Unavailable,
1325917,недозвон,недозвон,,,0,486 Busy Here,
1326376,недозвон,недозвон,,,0,480 Temporarily Unavailable,
1328239,недозвон,недозвон,,,0,487 Request Terminated,
1328532,тишина,недозвон,,"bot: Добрый день! Меня зовут Ольга, корпоративный отдел компании t2. Вам удобно сейчас минуту уделить?; bot: Алло, слышно меня?; bot: Аааллооо.; bot: Что-то вас не слышно, я перезвоню.",27,200 OK,"hello_main, hello_null_1, hello_null_2, start_null_hangup"
1330163,недозвон,недозвон,,,0,480 Temporarily Unavailable,
1334191,недозвон,недозвон,,,0,404 Not Found,
1336607,недозвон,недозвон,,,0,404 Not Found,
1339065,сброс на приветствии,угроза оттока не определена,,"bot: Добрый день! Корпоративный отдел компании t2, меня зову Ольга. Меня слышно, да?",8,200 OK,hello_main
1339259,тишина,недозвон,,"bot: Добрый день! Корпоративный отдел компании t2, меня зову Ольга. Меня слышно, да?; bot: Алло, слышно меня?; bot: Аааллооо.; bot: Что-то вас не слышно, я перезвоню.",26,200 OK,"hello_main, hello_null_1, hello_null_2, start_null_hangup"
1339449,недозвон,недозвон,,,0,487 Request Terminated,
1340372,недозвон,недозвон,,,0,480 Temporarily Unavailable,
1342042,тишина,недозвон,,"bot: Добрый день! Корпоративный отдел компании t2, меня зову Ольга. Меня слышно, да?; bot: Алло, слышно меня?; bot: Аааллооо.; bot: Что-то вас не слышно, я перезвоню.",25,200 OK,"hello_main, hello_null_1, hello_null_2, start_null_hangup"
1343072,сброс на приветствии,угроза оттока не определена,,"bot: Добрый день! Меня зовут Ольга, корпоративный отдел компании t2. Вам удобно сейчас минуту уделить?",9,200 OK,hello_main
1344821,недозвон,недозвон,,,0,480 Temporarily Unavailable,
1345811,недозвон,недозвон,,,0,480 Temporarily Unavailable,
1347264,недозвон,недозвон,,,0,480 Temporarily Unavailable,
1347603,недозвон,недозвон,,,0,480 Temporarily Unavailable,
1349727,недозвон,недозвон,,,0,480 Temporarily Unavailable,
1349839,недозвон,недозвон,,,0,480 Temporarily Unavailable,
1349896,недозвон,недозвон,,,0,480 Temporarily Unavailable,
1350284,недозвон,недозвон,,,0,480 Temporarily Unavailable,
1350372,недозвон,недозвон,,,0,480 Temporarily Unavailable,
1351512,недозвон,недозвон,,,0,480 Temporarily Unavailable,
1351675,недозвон,недозвон,,,0,480 Temporarily Unavailable,
1352497,недозвон,недозвон,,,0,404 Not Found,
1353164,недозвон,недозвон,,,0,480 Temporarily Unavailable,
1353219,недозвон,недозвон,,,0,404 Not Found,
1354465,недозвон,недозвон,,,0,480 Temporarily Unavailable,
1356590,тишина,недозвон,,"bot: Добрый день! Это компания t2, корпоративный отдел, Ольга. Минуту уделите, пожалуйста?; bot: Алло, слышно меня?; bot: Аааллооо.; bot: Что-то вас не слышно, я перезвоню.",27,200 OK,"hello_main, hello_null_1, hello_null_2, start_null_hangup"
1357732,тишина,недозвон,,"bot: Добрый день! Это компания t2, корпоративный отдел, Ольга. Минуту уделите, пожалуйста?; bot: Алло, слышно меня?; bot: Аааллооо.; bot: Что-то вас не слышно, я перезвоню.",26,200 OK,"hello_main, hello_null_1, hello_null_2, start_null_hangup"
1358326,недозвон,недозвон,,,0,480 Temporarily Unavailable,
1362552,недозвон,недозвон,,,0,480 Temporarily Unavailable,
1363416,недозвон,недозвон,,,0,487 Request Terminated,
1363937,недозвон,недозвон,,,0,404 Not Found,
1364819,недозвон,недозвон,,,0,487 Request Terminated,
1366023,недозвон,недозвон,,,0,404 Not Found,
1366792,недозвон,недозвон,,,0,404 Not Found,
1366904,недозвон,недозвон,,,0,404 Not Found,
1367212,недозвон,недозвон,,,0,480 Temporarily Unavailable,
1367230,недозвон,недозвон,,,0,480 Temporarily Unavailable,
1367463,недозвон,недозвон,,,0,480 Temporarily Unavailable,
1367998,недозвон,недозвон,,,0,480 Temporarily Unavailable,
1368043,тишина,недозвон,,"bot: Добрый день! Корпоративный отдел компании t2, меня зову Ольга. Меня слышно, да?; bot: Алло, слышно меня?; bot: Аааллооо.; bot: Что-то вас не слышно, я перезвоню.",25,200 OK,"hello_main, hello_null_1, hello_null_2, start_null_hangup"
1368122,недозвон,недозвон,,,0,480 Temporarily Unavailable,
1368631,недозвон,недозвон,,,0,480 Temporarily Unavailable,
1370041,недозвон,недозвон,,,0,480 Temporarily Unavailable,
1371422,недозвон,недозвон,,,0,480 Temporarily Unavailable,
1372272,недозвон,недозвон,,,0,480 Temporarily Unavailable,
1372539,недозвон,недозвон,,,0,480 Temporarily Unavailable,
1373027,недозвон,недозвон,,,0,480 Temporarily Unavailable,
1373626,недозвон,недозвон,,,0,480 Temporarily Unavailable,
1374158,недозвон,недозвон,,,0,480 Temporarily Unavailable,
1374653,недозвон,недозвон,,,0,480 Temporarily Unavailable,
1374903,недозвон,недозвон,,,0,487 Request Terminated,
1375818,недозвон,недозвон,,,0,486 Busy Here,
1376883,недозвон,недозвон,,,0,480 Temporarily Unavailable,
1377392,недозвон,недозвон,,,0,480 Temporarily Unavailable,
1377463,недозвон,недозвон,,,0,480 Temporarily Unavailable,
1377544,недозвон,недозвон,,,0,480 Temporarily Unavailable,
1377900,недозвон,недозвон,,,0,480 Temporarily Unavailable,
1380026,недозвон,недозвон,,,0,480 Temporarily Unavailable,
1383084,недозвон,недозвон,,,0,480 Temporarily Unavailable,
1383195,недозвон,недозвон,,,0,480 Temporarily Unavailable,
1383434,недозвон,недозвон,,,0,486 Busy Here,
1383680,недозвон,недозвон,,,0,480 Temporarily Unavailable,
1384623,недозвон,недозвон,,,0,480 Temporarily Unavailable,
1384705,недозвон,недозвон,,,0,484 Address Incomplete,
1384768,недозвон,недозвон,,,0,480 Temporarily Unavailable,
1384852,тишина,недозвон,,"bot: Добрый день! Корпоративный отдел компании t2, меня зову Ольга. Меня слышно, да?; bot: Алло, слышно меня?; bot: Аааллооо.; bot: Что-то вас не слышно, я перезвоню.",25,200 OK,"hello_main, hello_null_1, hello_null_2, start_null_hangup"
1385202,недозвон,недозвон,,,0,480 Temporarily Unavailable,
1385277,недозвон,недозвон,,,0,480 Temporarily Unavailable,
1385637,недозвон,недозвон,,,0,480 Temporarily Unavailable,
1385868,недозвон,недозвон,,,0,486 Busy Here,
1385959,сброс на приветствии,угроза оттока не определена,,"bot: Добрый день! Меня зовут Ольга, корпоративный отдел компании t2. Вам удобно сейчас минуту уделить?",8,200 OK,hello_main
1386279,недозвон,недозвон,,,0,480 Temporarily Unavailable,
1386377,недозвон,недозвон,,,0,480 Temporarily Unavailable,
1386479,недозвон,недозвон,,,0,487 Request Terminated,
1387605,недозвон,недозвон,,,0,480 Temporarily Unavailable,
1387811,тишина,недозвон,,"bot: Добрый день! Компания t2, меня зовут Ольга. Звоню по корпоративному договору, меня хорошо слышно?; bot: Алло, слышно меня?; bot: Аааллооо.; bot: Что-то вас не слышно, я перезвоню.",26,200 OK,"hello_main, hello_null_1, hello_null_2, start_null_hangup"
1388342,тишина,недозвон,,"bot: Добрый день! Корпоративный отдел компании t2, меня зову Ольга. Меня слышно, да?; bot: Алло, слышно меня?; bot: Аааллооо.; bot: Что-то вас не слышно, я перезвоню.",25,200 OK,"hello_main, hello_null_1, hello_null_2, start_null_hangup"
1388678,недозвон,недозвон,,,0,487 Request Terminated,
1390289,недозвон,недозвон,,,0,480 Temporarily Unavailable,
1390683,тишина,недозвон,,"bot: Добрый день! Корпоративный отдел компании t2, меня зову Ольга. Меня слышно, да?; bot: Алло, слышно меня?; bot: Аааллооо.; bot: Что-то вас не слышно, я перезвоню.",26,200 OK,"hello_main, hello_null_1, hello_null_2, start_null_hangup"
1390912,недозвон,недозвон,,,0,487 Request Terminated,
1397087,недозвон,недозвон,,,0,480 Temporarily Unavailable,
1397508,недозвон,недозвон,,,0,480 Temporarily Unavailable,
1398806,недозвон,недозвон,,,0,486 Busy Here,
1406082,недозвон,недозвон,,,0,487 Request Terminated,
1406468,недозвон,недозвон,,,0,480 Temporarily Unavailable,
1407470,тишина,недозвон,,"bot: Добрый день! Корпоративный отдел компании t2, меня зову Ольга. Меня слышно, да?; bot: Алло, слышно меня?; bot: Аааллооо.; bot: Что-то вас не слышно, я перезвоню.",28,200 OK,"hello_main, hello_null_1, hello_null_2, start_null_hangup"
1407615,недозвон,недозвон,,,0,480 Temporarily Unavailable,
1407673,недозвон,недозвон,,,0,480 Temporarily Unavailable,
1408966,недозвон,недозвон,,,0,487 Request Terminated,
1409360,недозвон,недозвон,,,0,487 Request Terminated,
1410998,тишина,недозвон,,"bot: Добрый день! Корпоративный отдел компании t2, меня зову Ольга. Меня слышно, да?; bot: Алло, слышно меня?; bot: Аааллооо.; bot: Что-то вас не слышно, я перезвоню.",25,200 OK,"hello_main, hello_null_1, hello_null_2, start_null_hangup"
1411197,недозвон,недозвон,,,0,480 Temporarily Unavailable,
1413643,недозвон,недозвон,,,0,480 Temporarily Unavailable,
1415659,недозвон,недозвон,,,0,480 Temporarily Unavailable,
1419462,недозвон,недозвон,,,0,480 Temporarily Unavailable,
1432053,недозвон,недозвон,,,0,480 Temporarily Unavailable,
1433381,недозвон,недозвон,,,0,480 Temporarily Unavailable,
1434636,недозвон,недозвон,,,0,480 Temporarily Unavailable,
1435092,недозвон,недозвон,,,0,480 Temporarily Unavailable,
1438709,недозвон,недозвон,,,0,487 Request Terminated,
1440965,тишина,недозвон,,"bot: Добрый день! Меня зовут Ольга, корпоративный отдел компании t2. Вам удобно сейчас минуту уделить?; bot: Алло, слышно меня?; bot: Аааллооо.; bot: Что-то вас не слышно, я перезвоню.",26,200 OK,"hello_main, hello_null_1, hello_null_2, start_null_hangup"
1441070,недозвон,недозвон,,,0,480 Temporarily Unavailable,
1442082,недозвон,недозвон,,,0,480 Temporarily Unavailable,
1445515,сброс на приветствии,угроза оттока не определена,,"bot: Добрый день! Это компания t2, корпоративный отдел, Ольга. Минуту уделите, пожалуйста?",5,200 OK,hello_main
1447381,недозвон,недозвон,,,0,480 Temporarily Unavailable,
1449206,недозвон,недозвон,,,0,486 Busy Here,
1450478,недозвон,недозвон,,,0,480 Temporarily Unavailable,
1452372,недозвон,недозвон,,,0,480 Temporarily Unavailable,
1452436,недозвон,недозвон,,,0,480 Temporarily Unavailable,
1454260,недозвон,недозвон,,,0,404 Not Found,
1454611,недозвон,недозвон,,,0,404 Not Found,
1459249,недозвон,недозвон,,,0,480 Temporarily Unavailable,
1468121,недозвон,недозвон,,,0,487 Request Terminated,
1468924,недозвон,недозвон,,,0,404 Not Found,
1469228,недозвон,недозвон,,,0,487 Request Terminated,
1475374,недозвон,недозвон,,,0,480 Temporarily Unavailable,
1479901,недозвон,недозвон,,,0,487 Request Terminated,
1482408,недозвон,недозвон,,,0,487 Request Terminated,
1482784,тишина,недозвон,,"bot: Добрый день! Корпоративный отдел компании t2, меня зову Ольга. Меня слышно, да?; bot: Алло, слышно меня?",17,200 OK,"hello_main, hello_null_1"
1484467,недозвон,недозвон,,,0,480 Temporarily Unavailable,
1487227,недозвон,недозвон,,,0,480 Temporarily Unavailable,
1487575,недозвон,недозвон,,,0,480 Temporarily Unavailable,
1489431,недозвон,недозвон,,,0,484 Address Incomplete,
1489862,недозвон,недозвон,,,0,480 Temporarily Unavailable,
1489986,недозвон,недозвон,,,0,487 Request Terminated,
1490556,недозвон,недозвон,,,0,487 Request Terminated,
1495060,недозвон,недозвон,,,0,487 Request Terminated,
1495192,недозвон,недозвон,,,0,480 Temporarily Unavailable,
1496295,недозвон,недозвон,,,0,480 Temporarily Unavailable,
1499103,недозвон,недозвон,,,0,480 Temporarily Unavailable,
1499716,недозвон,недозвон,,,0,480 Temporarily Unavailable,
1500301,недозвон,недозвон,,,0,404 Not Found,
1501595,недозвон,недозвон,,,0,480 Temporarily Unavailable,
1503521,недозвон,недозвон,,,0,480 Temporarily Unavailable,
1504579,недозвон,недозвон,,,0,480 Temporarily Unavailable,
1504770,недозвон,недозвон,,,0,480 Temporarily Unavailable,
1504926,недозвон,недозвон,,,0,480 Temporarily Unavailable,
1505189,недозвон,недозвон,,,0,480 Temporarily Unavailable,
1507408,недозвон,недозвон,,,0,480 Temporarily Unavailable,
1508129,недозвон,недозвон,,,0,480 Temporarily Unavailable,
1508465,недозвон,недозвон,,,0,480 Temporarily Unavailable,
1509016,тишина,недозвон,,"bot: Добрый день! Корпоративный отдел компании t2, меня зову Ольга. Меня слышно, да?; bot: Алло, слышно меня?; bot: Аааллооо.; bot: Что-то вас не слышно, я перезвоню.",25,200 OK,"hello_main, hello_null_1, hello_null_2, start_null_hangup"
1513407,недозвон,недозвон,,,0,480 Temporarily Unavailable,
1513679,недозвон,недозвон,,,0,480 Temporarily Unavailable,
1514162,недозвон,недозвон,,,0,480 Temporarily Unavailable,
1514805,недозвон,недозвон,,,0,480 Temporarily Unavailable,
1514826,недозвон,недозвон,,,0,480 Temporarily Unavailable,
1514850,недозвон,недозвон,,,0,486 Busy Here,
1514936,недозвон,недозвон,,,0,480 Temporarily Unavailable,
1515497,недозвон,недозвон,,,0,487 Request Terminated,
1516836,недозвон,недозвон,,,0,480 Temporarily Unavailable,
1518157,тишина,недозвон,,"bot: Добрый день! Корпоративный отдел компании t2, меня зову Ольга. Меня слышно, да?; bot: Алло, слышно меня?; bot: Аааллооо.; bot: Что-то вас не слышно, я перезвоню.",29,200 OK,"hello_main, hello_null_1, hello_null_2, start_null_hangup"
1518367,недозвон,недозвон,,,0,480 Temporarily Unavailable,
1521511,недозвон,недозвон,,,0,487 Request Terminated,
1521602,недозвон,недозвон,,,0,480 Temporarily Unavailable,
1522139,недозвон,недозвон,,,0,480 Temporarily Unavailable,
1522543,тишина,недозвон,,"bot: Добрый день! Меня зовут Ольга, корпоративный отдел компании t2. Вам удобно сейчас минуту уделить?; bot: Алло, слышно меня?; bot: Аааллооо.; bot: Что-то вас не слышно, я перезвоню.",35,200 OK,"hello_main, hello_null_1, hello_null_2, start_null_hangup"
1523188,недозвон,недозвон,,,0,404 Not Found,
1523347,недозвон,недозвон,,,0,486 Busy Here,
1523479,недозвон,недозвон,,,0,486 Busy Here,
1523556,недозвон,недозвон,,,0,480 Temporarily Unavailable,
1523604,недозвон,недозвон,,,0,480 Temporarily Unavailable,
1524043,недозвон,недозвон,,,0,480 Temporarily Unavailable,
1524699,недозвон,недозвон,,,0,480 Temporarily Unavailable,
1525084,недозвон,недозвон,,,0,480 Temporarily Unavailable,
1538347,недозвон,недозвон,,,0,487 Request Terminated,
1538448,недозвон,недозвон,,,0,480 Temporarily Unavailable,
1604372,недозвон,недозвон,,,0,480 Temporarily Unavailable,
1646189,недозвон,недозвон,,,0,480 Temporarily Unavailable,
1646259,тишина,недозвон,,"bot: Добрый день! Это компания t2, корпоративный отдел, Ольга. Минуту уделите, пожалуйста?; bot: Алло, слышно меня?; bot: Аааллооо.; bot: Что-то вас не слышно, я перезвоню.",32,200 OK,"hello_main, hello_null_1, hello_null_2, start_null_hangup"
1646441,сброс на приветствии,угроза оттока не определена,,"bot: Добрый день! Корпоративный отдел компании t2, меня зову Ольга. Меня слышно, да?",5,200 OK,hello_main
1657945,недозвон,недозвон,,,0,404 Not Found,
1662027,тишина,недозвон,,"bot: Добрый день! Корпоративный отдел компании t2, меня зову Ольга. Меня слышно, да?; bot: Алло, слышно меня?; bot: Аааллооо.; bot: Что-то вас не слышно, я перезвоню.",32,200 OK,"hello_main, hello_null_1, hello_null_2, start_null_hangup"
1662889,недозвон,недозвон,,,0,480 Temporarily Unavailable,
1680461,тишина,недозвон,,"bot: Добрый день! Меня зовут Ольга, корпоративный отдел компании t2. Вам удобно сейчас минуту уделить?; bot: Алло, слышно меня?; bot: Аааллооо.; bot: Что-то вас не слышно, я перезвоню.",27,200 OK,"hello_main, hello_null_1, hello_null_2, start_null_hangup"
1710013,недозвон,недозвон,,,0,487 Request Terminated,
1723444,недозвон,недозвон,,,0,487 Request Terminated,
1728598,недозвон,недозвон,,,0,487 Request Terminated,
1728971,недозвон,недозвон,,,0,486 Busy Here,
1733028,недозвон,недозвон,,,0,480 Temporarily Unavailable,
1733709,сброс на приветствии,угроза оттока не определена,,"bot: Добрый день! Это компания t2, корпоративный отдел, Ольга. Минуту уделите, пожалуйста?",5,200 OK,hello_main
1734056,недозвон,недозвон,,,0,480 Temporarily Unavailable,
1762930,недозвон,недозвон,,,0,480 Temporarily Unavailable,
1764130,тишина,недозвон,,"bot: Добрый день! Корпоративный отдел компании t2, меня зову Ольга. Меня слышно, да?; bot: Алло, слышно меня?",11,200 OK,"hello_main, hello_null_1"
1765026,недозвон,недозвон,,,0,480 Temporarily Unavailable,
1766300,недозвон,недозвон,,,0,404 Not Found,
1766811,недозвон,недозвон,,,0,480 Temporarily Unavailable,
1769162,недозвон,недозвон,,,0,486 Busy Here,
1775448,сброс на приветствии,угроза оттока не определена,,"bot: Добрый день! Корпоративный отдел компании t2, меня зову Ольга. Меня слышно, да?",8,200 OK,hello_main
1823195,недозвон,недозвон,,,0,480 Temporarily Unavailable,
1833216,недозвон,недозвон,,,0,486 Busy Here,
1833657,сброс на приветствии,угроза оттока не определена,,"bot: Добрый день! Это компания t2, корпоративный отдел, Ольга. Минуту уделите, пожалуйста?",8,200 OK,hello_main
1835408,тишина,недозвон,,"bot: Добрый день! Это компания t2, корпоративный отдел, Ольга. Минуту уделите, пожалуйста?; bot: Алло, слышно меня?",14,200 OK,"hello_main, hello_null_1"
1841420,недозвон,недозвон,,,0,480 Temporarily Unavailable,
1841594,тишина,недозвон,,"bot: Добрый день! Корпоративный отдел компании t2, меня зову Ольга. Меня слышно, да?; bot: Алло, слышно меня?; bot: Аааллооо.; bot: Что-то вас не слышно, я перезвоню.",25,200 OK,"hello_main, hello_null_1, hello_null_2, start_null_hangup"
1849441,тишина,недозвон,,"bot: Добрый день! Меня зовут Ольга, корпоративный отдел компании t2. Вам удобно сейчас минуту уделить?; bot: Алло, слышно меня?; bot: Аааллооо.; bot: Что-то вас не слышно, я перезвоню.",26,200 OK,"hello_main, hello_null_1, hello_null_2, start_null_hangup"
1860041,недозвон,недозвон,,,0,404 Not Found,
1860262,недозвон,недозвон,,,0,487 Request Terminated,
1861022,недозвон,недозвон,,,0,480 Temporarily Unavailable,
1862889,недозвон,недозвон,,,0,404 Not Found,
1862951,недозвон,недозвон,,,0,480 Temporarily Unavailable,
1872565,недозвон,недозвон,,,0,487 Request Terminated,
1874093,недозвон,недозвон,,,0,486 Busy Here,
1879757,тишина,недозвон,,"bot: Добрый день! Меня зовут Ольга, корпоративный отдел компании t2. Вам удобно сейчас минуту уделить?; bot: Алло, слышно меня?; bot: Аааллооо.; bot: Что-то вас не слышно, я перезвоню.",26,200 OK,"hello_main, hello_null_1, hello_null_2, start_null_hangup"
1884506,недозвон,недозвон,,,0,404 Not Found,
1890199,тишина,недозвон,,"bot: Добрый день! Это компания t2, корпоративный отдел, Ольга. Минуту уделите, пожалуйста?; bot: Алло, слышно меня?; bot: Аааллооо.; bot: Что-то вас не слышно, я перезвоню.",32,200 OK,"hello_main, hello_null_1, hello_null_2, start_null_hangup"
1894394,недозвон,недозвон,,,0,404 Not Found,
1894491,недозвон,недозвон,,,0,480 Temporarily Unavailable,
1899222,недозвон,недозвон,,,0,480 Temporarily Unavailable,
1900317,недозвон,недозвон,,,0,404 Not Found,
1902092,недозвон,недозвон,,,0,480 Temporarily Unavailable,
1910541,недозвон,недозвон,,,0,480 Temporarily Unavailable,
1927704,недозвон,недозвон,,,0,480 Temporarily Unavailable,
1931905,недозвон,недозвон,,,0,404 Not Found,
1941550,недозвон,недозвон,,,0,404 Not Found,
2015599,недозвон,недозвон,,,0,480 Temporarily Unavailable,
2080562,недозвон,недозвон,,,0,480 Temporarily Unavailable,
2138276,тишина,недозвон,,"bot: Добрый день! Компания t2, меня зовут Ольга. Звоню по корпоративному договору, меня хорошо слышно?; bot: Алло, слышно меня?; bot: Аааллооо.; bot: Что-то вас не слышно, я перезвоню.",26,200 OK,"hello_main, hello_null_1, hello_null_2, start_null_hangup"
2165586,,недозвон,,,0,487 Request Terminated,
2165614,недозвон,недозвон,,,0,480 Temporarily Unavailable,
2198535,недозвон,недозвон,,,0,480 Temporarily Unavailable,
2220471,тишина,недозвон,,"bot: Добрый день! Компания t2, меня зовут Ольга. Звоню по корпоративному договору, меня хорошо слышно?; bot: Алло, слышно меня?; bot: Аааллооо.; bot: Что-то вас не слышно, я перезвоню.",34,200 OK,"hello_main, hello_null_1, hello_null_2, start_null_hangup"
2223940,,недозвон,,,0,480 Temporarily Unavailable,
2245625,недозвон,недозвон,,,0,404 Not Found,
2253591,недозвон,недозвон,,,0,480 Temporarily Unavailable,
2274892,недозвон,недозвон,,,0,480 Temporarily Unavailable,
2296170,недозвон,недозвон,,,0,480 Temporarily Unavailable,
2353126,недозвон,недозвон,,,0,480 Temporarily Unavailable,
2406462,недозвон,недозвон,,,0,480 Temporarily Unavailable,
2430307,сброс на приветствии,угроза оттока не определена,,"bot: Добрый день! Меня зовут Ольга, корпоративный отдел компании t2. Вам удобно сейчас минуту уделить?",4,200 OK,hello_main
2430336,недозвон,недозвон,,,0,480 Temporarily Unavailable,
2474068,недозвон,недозвон,,,0,480 Temporarily Unavailable,
2474089,тишина,недозвон,,"bot: Добрый день! Компания t2, меня зовут Ольга. Звоню по корпоративному договору, меня хорошо слышно?; bot: Алло, слышно меня?; bot: Аааллооо.; bot: Что-то вас не слышно, я перезвоню.",27,200 OK,"hello_main, hello_null_1, hello_null_2, start_null_hangup"
2495465,сброс на приветствии,угроза оттока не определена,,"bot: Добрый день! Компания t2, меня зовут Ольга. Звоню по корпоративному договору, меня хорошо слышно?",2,200 OK,hello_main
2572698,недозвон,недозвон,,,0,500 Internal Server Error,
2581297,недозвон,недозвон,,,0,404 Not Found,
2605167,недозвон,недозвон,,,0,487 Request Terminated,
2618705,недозвон,недозвон,,,0,480 Temporarily Unavailable,
2623378,тишина,недозвон,,"bot: Добрый день! Меня зовут Ольга, корпоративный отдел компании t2. Вам удобно сейчас минуту уделить?; bot: Алло, слышно меня?",11,200 OK,"hello_main, hello_null_1"
2639489,недозвон,недозвон,,,0,404 Not Found,
2639549,тишина,недозвон,,"bot: Добрый день! Корпоративный отдел компании t2, меня зову Ольга. Меня слышно, да?; bot: Алло, слышно меня?; bot: Аааллооо.; bot: Что-то вас не слышно, я перезвоню.",26,200 OK,"hello_main, hello_null_1, hello_null_2, start_null_hangup"
2639806,недозвон,недозвон,,,0,480 Temporarily Unavailable,
2640155,тишина,недозвон,,"bot: Добрый день! Это компания t2, корпоративный отдел, Ольга. Минуту уделите, пожалуйста?; bot: Алло, слышно меня?; bot: Аааллооо.; bot: Что-то вас не слышно, я перезвоню.",26,200 OK,"hello_main, hello_null_1, hello_null_2, start_null_hangup"
2647133,тишина,недозвон,,"bot: Добрый день! Это компания t2, корпоративный отдел, Ольга. Минуту уделите, пожалуйста?; bot: Алло, слышно меня?; bot: Аааллооо.; bot: Что-то вас не слышно, я перезвоню.",27,200 OK,"hello_main, hello_null_1, hello_null_2, start_null_hangup"
2648781,тишина,недозвон,,"bot: Добрый день! Меня зовут Ольга, корпоративный отдел компании t2. Вам удобно сейчас минуту уделить?; bot: Алло, слышно меня?; bot: Аааллооо.; bot: Что-то вас не слышно, я перезвоню.",28,200 OK,"hello_main, hello_null_1, hello_null_2, start_null_hangup"
2653949,недозвон,недозвон,,,0,480 Temporarily Unavailable,
2658870,недозвон,недозвон,,,0,480 Temporarily Unavailable,
2664492,недозвон,недозвон,,,0,480 Temporarily Unavailable,
2666000,недозвон,недозвон,,,0,480 Temporarily Unavailable,
2668659,недозвон,недозвон,,,0,480 Temporarily Unavailable,
2668787,недозвон,недозвон,,,0,486 Busy Here,
2678743,недозвон,недозвон,,,0,480 Temporarily Unavailable,
2697274,недозвон,недозвон,,,0,480 Temporarily Unavailable,
2699115,недозвон,недозвон,,,0,480 Temporarily Unavailable,
2701299,недозвон,недозвон,,,0,,
2702454,недозвон,недозвон,,,0,480 Temporarily Unavailable,
2703692,недозвон,недозвон,,,0,480 Temporarily Unavailable,
2787689,недозвон,недозвон,,,0,480 Temporarily Unavailable,
2787938,недозвон,недозвон,,,0,480 Temporarily Unavailable,
2789036,недозвон,недозвон,,,0,480 Temporarily Unavailable,
2789887,недозвон,недозвон,,,0,480 Temporarily Unavailable,
2799738,недозвон,недозвон,,,0,404 Not Found,
2820073,недозвон,недозвон,,,0,480 Temporarily Unavailable,
2922656,недозвон,недозвон,,,0,480 Temporarily Unavailable,
2941979,недозвон,недозвон,,,0,404 Not Found,
3022370,тишина,недозвон,,"bot: Добрый день! Это компания t2, корпоративный отдел, Ольга. Минуту уделите, пожалуйста?; bot: Алло, слышно меня?; bot: Аааллооо.; bot: Что-то вас не слышно, я перезвоню.",27,200 OK,"hello_main, hello_null_1, hello_null_2, start_null_hangup"
3029805,недозвон,недозвон,,,0,480 Temporarily Unavailable,
3052792,недозвон,недозвон,,,0,480 Temporarily Unavailable,
3060989,тишина,недозвон,,"bot: Добрый день! Корпоративный отдел компании t2, меня зову Ольга. Меня слышно, да?; bot: Алло, слышно меня?; bot: Аааллооо.; bot: Что-то вас не слышно, я перезвоню.",28,200 OK,"hello_main, hello_null_1, hello_null_2, start_null_hangup"
3079640,недозвон,недозвон,,,0,404 Not Found,
3080209,недозвон,недозвон,,,0,487 Request Terminated,
3081086,тишина,недозвон,,"bot: Добрый день! Компания t2, меня зовут Ольга. Звоню по корпоративному договору, меня хорошо слышно?; bot: Алло, слышно меня?; bot: Аааллооо.; bot: Что-то вас не слышно, я перезвоню.",27,200 OK,"hello_main, hello_null_1, hello_null_2, start_null_hangup"
3088347,сброс на приветствии,угроза оттока не определена,,"bot: Добрый день! Корпоративный отдел компании t2, меня зову Ольга. Меня слышно, да?",6,200 OK,hello_main
3090385,недозвон,недозвон,,,0,480 Temporarily Unavailable,
3102585,недозвон,недозвон,,,0,480 Temporarily Unavailable,
3109694,,недозвон,,,0,480 Temporarily Unavailable,
3150570,тишина,недозвон,,"bot: Добрый день! Компания t2, меня зовут Ольга. Звоню по корпоративному договору, меня хорошо слышно?; bot: Алло, слышно меня?; bot: Аааллооо.; bot: Что-то вас не слышно, я перезвоню.",30,200 OK,"hello_main, hello_null_1, hello_null_2, start_null_hangup"
3161281,недозвон,недозвон,,,0,480 Temporarily Unavailable,
3165135,недозвон,недозвон,,,0,480 Temporarily Unavailable,
3175597,недозвон,недозвон,,,0,480 Temporarily Unavailable,
3186774,недозвон,недозвон,,,0,487 Request Terminated,
3211160,недозвон,недозвон,,,0,480 Temporarily Unavailable,
3213856,недозвон,недозвон,,,0,480 Temporarily Unavailable,
3214498,недозвон,недозвон,,,0,480 Temporarily Unavailable,
3214882,недозвон,недозвон,,,0,480 Temporarily Unavailable,
3219013,недозвон,недозвон,,,0,480 Temporarily Unavailable,
3219329,недозвон,недозвон,,,0,487 Request Terminated,
3225218,недозвон,недозвон,,,0,486 Busy Here,
3227832,недозвон,недозвон,,,0,480 Temporarily Unavailable,
3231722,недозвон,недозвон,,,0,480 Temporarily Unavailable,
3232684,тишина,недозвон,,"bot: Добрый день! Меня зовут Ольга, корпоративный отдел компании t2. Вам удобно сейчас минуту уделить?; bot: Алло, слышно меня?; bot: Аааллооо.; bot: Что-то вас не слышно, я перезвоню.",26,200 OK,"hello_main, hello_null_1, hello_null_2, start_null_hangup"
3234958,недозвон,недозвон,,,0,480 Temporarily Unavailable,
3254393,недозвон,недозвон,,,0,487 Request Terminated,
3254478,недозвон,недозвон,,,0,486 Busy Here,
3254968,недозвон,недозвон,,,0,500 Internal Server Error,
3255427,недозвон,недозвон,,,0,480 Temporarily Unavailable,
3258770,недозвон,недозвон,,,0,480 Temporarily Unavailable,
3260824,недозвон,недозвон,,,0,480 Temporarily Unavailable,
3262056,недозвон,недозвон,,,0,480 Temporarily Unavailable,
3262123,недозвон,недозвон,,,0,480 Temporarily Unavailable,
3263479,недозвон,недозвон,,,0,480 Temporarily Unavailable,
3264768,недозвон,недозвон,,,0,487 Request Terminated,
3283529,недозвон,недозвон,,,0,480 Temporarily Unavailable,
3284752,недозвон,недозвон,,,0,480 Temporarily Unavailable,
3287426,тишина,недозвон,,"bot: Добрый день! Меня зовут Ольга, корпоративный отдел компании t2. Вам удобно сейчас минуту уделить?; bot: Алло, слышно меня?; bot: Аааллооо.; bot: Что-то вас не слышно, я перезвоню.",26,200 OK,"hello_main, hello_null_1, hello_null_2, start_null_hangup"
3293589,недозвон,недозвон,,,0,480 Temporarily Unavailable,
3297678,недозвон,недозвон,,,0,480 Temporarily Unavailable,
3298885,недозвон,недозвон,,,0,487 Request Terminated,
3305746,недозвон,недозвон,,,0,487 Request Terminated,
3307184,недозвон,недозвон,,,0,487 Request Terminated,
3308495,недозвон,недозвон,,,0,480 Temporarily Unavailable,
3309319,тишина,недозвон,,"bot: Добрый день! Корпоративный отдел компании t2, меня зову Ольга. Меня слышно, да?; bot: Алло, слышно меня?; bot: Аааллооо.; bot: Что-то вас не слышно, я перезвоню.",25,200 OK,"hello_main, hello_null_1, hello_null_2, start_null_hangup"
3309862,сброс на приветствии,угроза оттока не определена,,"bot: Добрый день! Это компания t2, корпоративный отдел, Ольга. Минуту уделите, пожалуйста?",3,200 OK,hello_main
3312940,недозвон,недозвон,,,0,486 Busy Here,
3313161,недозвон,недозвон,,,0,480 Temporarily Unavailable,
3317613,недозвон,недозвон,,,0,487 Request Terminated,
3317615,недозвон,недозвон,,,0,480 Temporarily Unavailable,
3322693,недозвон,недозвон,,,0,410 Gone,
3325309,тишина,недозвон,,"bot: Добрый день! Меня зовут Ольга, корпоративный отдел компании t2. Вам удобно сейчас минуту уделить?; bot: Алло, слышно меня?; bot: Аааллооо.; bot: Что-то вас не слышно, я перезвоню.",28,200 OK,"hello_main, hello_null_1, hello_null_2, start_null_hangup"
3331984,недозвон,недозвон,,,0,480 Temporarily Unavailable,
3332462,тишина,недозвон,,"bot: Добрый день! Корпоративный отдел компании t2, меня зову Ольга. Меня слышно, да?; bot: Алло, слышно меня?; bot: Аааллооо.; bot: Что-то вас не слышно, я перезвоню.",25,200 OK,"hello_main, hello_null_1, hello_null_2, start_null_hangup"
3335116,недозвон,недозвон,,,0,480 Temporarily Unavailable,
3335394,недозвон,недозвон,,,0,480 Temporarily Unavailable,
3336148,тишина,недозвон,,"bot: Добрый день! Меня зовут Ольга, корпоративный отдел компании t2. Вам удобно сейчас минуту уделить?; bot: Алло, слышно меня?; bot: Аааллооо.; bot: Что-то вас не слышно, я перезвоню.",29,200 OK,"hello_main, hello_null_1, hello_null_2, start_null_hangup"
3344095,недозвон,недозвон,,,0,487 Request Terminated,
3345057,недозвон,недозвон,,,0,480 Temporarily Unavailable,
3345333,тишина,недозвон,,"bot: Добрый день! Компания t2, меня зовут Ольга. Звоню по корпоративному договору, меня хорошо слышно?; bot: Алло, слышно меня?",17,200 OK,"hello_main, hello_null_1"
3349813,недозвон,недозвон,,,0,487 Request Terminated,
3353342,недозвон,недозвон,,,0,480 Temporarily Unavailable,
3353362,недозвон,недозвон,,,0,480 Temporarily Unavailable,
3354234,недозвон,недозвон,,,0,480 Temporarily Unavailable,
3357186,недозвон,недозвон,,,0,480 Temporarily Unavailable,
3367395,недозвон,недозвон,,,0,486 Busy Here,
3369189,недозвон,недозвон,,,0,480 Temporarily Unavailable,
3370905,недозвон,недозвон,,,0,480 Temporarily Unavailable,
3378201,тишина,недозвон,,"bot: Добрый день! Меня зовут Ольга, корпоративный отдел компании t2. Вам удобно сейчас минуту уделить?; bot: Алло, слышно меня?; bot: Аааллооо.; bot: Что-то вас не слышно, я перезвоню.",26,200 OK,"hello_main, hello_null_1, hello_null_2, start_null_hangup"
3382742,недозвон,недозвон,,,0,486 Busy Here,
3403577,недозвон,недозвон,,,0,480 Temporarily Unavailable,
3406257,недозвон,недозвон,,,0,480 Temporarily Unavailable,
3406770,недозвон,недозвон,,,0,480 Temporarily Unavailable,
3407107,тишина,недозвон,,"bot: Добрый день! Это компания t2, корпоративный отдел, Ольга. Минуту уделите, пожалуйста?; bot: Алло, слышно меня?; bot: Аааллооо.; bot: Что-то вас не слышно, я перезвоню.",30,200 OK,"hello_main, hello_null_1, hello_null_2, start_null_hangup"
3407633,недозвон,недозвон,,,0,500 Internal Server Error,
3408266,недозвон,недозвон,,,0,480 Temporarily Unavailable,
3418269,недозвон,недозвон,,,0,480 Temporarily Unavailable,
3419009,тишина,недозвон,,"bot: Добрый день! Меня зовут Ольга, корпоративный отдел компании t2. Вам удобно сейчас минуту уделить?; bot: Алло, слышно меня?; bot: Аааллооо.; bot: Что-то вас не слышно, я перезвоню.",34,200 OK,"hello_main, hello_null_1, hello_null_2, start_null_hangup"
3419425,недозвон,недозвон,,,0,404 Not Found,
3425175,недозвон,недозвон,,,0,480 Temporarily Unavailable,
3430792,недозвон,недозвон,,,0,480 Temporarily Unavailable,
3439404,недозвон,недозвон,,,0,486 Busy Here,
3483996,недозвон,недозвон,,,0,487 Request Terminated,
3496878,сброс на приветствии,угроза оттока не определена,,"bot: Добрый день! Компания t2, меня зовут Ольга. Звоню по корпоративному договору, меня хорошо слышно?",5,200 OK,hello_main
3498115,сброс на приветствии,угроза оттока не определена,,"bot: Добрый день! Корпоративный отдел компании t2, меня зову Ольга. Меня слышно, да?",6,200 OK,hello_main
3498447,недозвон,недозвон,,,0,480 Temporarily Unavailable,
3498471,недозвон,недозвон,,,0,487 Request Terminated,
3518138,недозвон,недозвон,,,0,480 Temporarily Unavailable,
3531713,недозвон,недозвон,,,0,480 Temporarily Unavailable,
3532288,недозвон,недозвон,,,0,480 Temporarily Unavailable,
3548430,тишина,недозвон,,"bot: Добрый день! Меня зовут Ольга, корпоративный отдел компании t2. Вам удобно сейчас минуту уделить?; bot: Алло, слышно меня?; bot: Аааллооо.; bot: Что-то вас не слышно, я перезвоню.",29,200 OK,"hello_main, hello_null_1, hello_null_2, start_null_hangup"
3559532,недозвон,недозвон,,,0,480 Temporarily Unavailable,
3559609,недозвон,недозвон,,,0,486 Busy Here,
3560220,недозвон,недозвон,,,0,486 Busy Here,
3565447,недозвон,недозвон,,,0,480 Temporarily Unavailable,
3566003,недозвон,недозвон,,,0,480 Temporarily Unavailable,
3567682,сброс на приветствии,угроза оттока не определена,,"bot: Добрый день! Меня зовут Ольга, корпоративный отдел компании t2. Вам удобно сейчас минуту уделить?",13,200 OK,hello_main
3574459,сброс на приветствии,угроза оттока не определена,,"bot: Добрый день! Это Ольга из компании t2. Мы с вами созванивались уже, но разговор прервался. Удобно сейчас?",11,200 OK,hello_main_recall
3576603,недозвон,недозвон,,,0,480 Temporarily Unavailable,
3576774,недозвон,недозвон,,,0,480 Temporarily Unavailable,
3578217,недозвон,недозвон,,,0,480 Temporarily Unavailable,
3585183,недозвон,недозвон,,,0,404 Not Found,
3586910,недозвон,недозвон,,,0,480 Temporarily Unavailable,
3587039,недозвон,недозвон,,,0,480 Temporarily Unavailable,
3587044,недозвон,недозвон,,,0,480 Temporarily Unavailable,
3604280,тишина,недозвон,,"bot: Добрый день! Меня зовут Ольга, корпоративный отдел компании t2. Вам удобно сейчас минуту уделить?; bot: Алло, слышно меня?; bot: Аааллооо.; bot: Что-то вас не слышно, я перезвоню.",27,200 OK,"hello_main, hello_null_1, hello_null_2, start_null_hangup"
3618716,недозвон,недозвон,,,0,480 Temporarily Unavailable,
3624900,недозвон,недозвон,,,0,487 Request Terminated,
3627139,недозвон,недозвон,,,0,480 Temporarily Unavailable,
3629165,недозвон,недозвон,,,0,480 Temporarily Unavailable,
3632111,недозвон,недозвон,,,0,486 Busy Here,
3632176,недозвон,недозвон,,,0,486 Busy Here,
3633420,недозвон,недозвон,,,0,480 Temporarily Unavailable,
3649396,недозвон,недозвон,,,0,480 Temporarily Unavailable,
3654202,недозвон,недозвон,,,0,480 Temporarily Unavailable,
3658876,недозвон,недозвон,,,0,480 Temporarily Unavailable,
3674710,недозвон,недозвон,,,0,480 Temporarily Unavailable,
3682723,недозвон,недозвон,,,0,480 Temporarily Unavailable,
3688359,недозвон,недозвон,,,0,480 Temporarily Unavailable,
3688534,недозвон,недозвон,,,0,480 Temporarily Unavailable,
3688888,тишина,недозвон,,"bot: Добрый день! Компания t2, меня зовут Ольга. Звоню по корпоративному договору, меня хорошо слышно?; bot: Алло, слышно меня?; bot: Аааллооо.; bot: Что-то вас не слышно, я перезвоню.",27,200 OK,"hello_main, hello_null_1, hello_null_2, start_null_hangup"
3689599,недозвон,недозвон,,,0,480 Temporarily Unavailable,
3693950,сброс на приветствии,угроза оттока не определена,,"bot: Добрый день! Компания t2, меня зовут Ольга. Звоню по корпоративному договору, меня хорошо слышно?",8,200 OK,hello_main
3696495,недозвон,недозвон,,,0,480 Temporarily Unavailable,
3696498,тишина,недозвон,,"bot: Добрый день! Меня зовут Ольга, корпоративный отдел компании t2. Вам удобно сейчас минуту уделить?; bot: Алло, слышно меня?; bot: Аааллооо.; bot: Что-то вас не слышно, я перезвоню.",26,200 OK,"hello_main, hello_null_1, hello_null_2, start_null_hangup"
3699795,недозвон,недозвон,,,0,486 Busy Here,
3701290,недозвон,недозвон,,,0,480 Temporarily Unavailable,
3701540,недозвон,недозвон,,,0,480 Temporarily Unavailable,
3716239,недозвон,недозвон,,,0,480 Temporarily Unavailable,
3716506,недозвон,недозвон,,,0,480 Temporarily Unavailable,
3717092,недозвон,недозвон,,,0,480 Temporarily Unavailable,
3719983,недозвон,недозвон,,,0,480 Temporarily Unavailable,
3720033,недозвон,недозвон,,,0,480 Temporarily Unavailable,
3721638,недозвон,недозвон,,,0,486 Busy Here,
3735674,тишина,недозвон,,"bot: Добрый день! Компания t2, меня зовут Ольга. Звоню по корпоративному договору, меня хорошо слышно?; bot: Алло, слышно меня?; bot: Аааллооо.; bot: Что-то вас не слышно, я перезвоню.",27,200 OK,"hello_main, hello_null_1, hello_null_2, start_null_hangup"
3738082,недозвон,недозвон,,,0,484 Address Incomplete,
3739160,недозвон,недозвон,,,0,486 Busy Here,
3739413,недозвон,недозвон,,,0,480 Temporarily Unavailable,
3743688,недозвон,недозвон,,,0,480 Temporarily Unavailable,
3745756,недозвон,недозвон,,,0,480 Temporarily Unavailable,
3746017,недозвон,недозвон,,,0,487 Request Terminated,
3746163,недозвон,недозвон,,,0,480 Temporarily Unavailable,
3746188,недозвон,недозвон,,,0,404 Not Found,
3746790,недозвон,недозвон,,,0,486 Busy Here,
3746927,недозвон,недозвон,,,0,480 Temporarily Unavailable,
3747856,недозвон,недозвон,,,0,480 Temporarily Unavailable,
3749190,недозвон,недозвон,,,0,480 Temporarily Unavailable,
3749965,недозвон,недозвон,,,0,480 Temporarily Unavailable,
3752448,тишина,недозвон,,"bot: Добрый день! Меня зовут Ольга, корпоративный отдел компании t2. Вам удобно сейчас минуту уделить?; bot: Алло, слышно меня?; bot: Аааллооо.; bot: Что-то вас не слышно, я перезвоню.",26,200 OK,"hello_main, hello_null_1, hello_null_2, start_null_hangup"
3756638,недозвон,недозвон,,,0,480 Temporarily Unavailable,
3758481,тишина,недозвон,,"bot: Добрый день! Меня зовут Ольга, корпоративный отдел компании t2. Вам удобно сейчас минуту уделить?; bot: Алло, слышно меня?; bot: Аааллооо.; bot: Что-то вас не слышно, я перезвоню.",26,200 OK,"hello_main, hello_null_1, hello_null_2, start_null_hangup"
3759953,недозвон,недозвон,,,0,480 Temporarily Unavailable,
3760626,недозвон,недозвон,,,0,480 Temporarily Unavailable,
3761257,недозвон,недозвон,,,0,480 Temporarily Unavailable,
3761700,тишина,недозвон,,"bot: Добрый день! Компания t2, меня зовут Ольга. Звоню по корпоративному договору, меня хорошо слышно?; bot: Алло, слышно меня?; bot: Аааллооо.; bot: Что-то вас не слышно, я перезвоню.",30,200 OK,"hello_main, hello_null_1, hello_null_2, start_null_hangup"
3762175,недозвон,недозвон,,,0,480 Temporarily Unavailable,
3762247,недозвон,недозвон,,,0,480 Temporarily Unavailable,
3771429,тишина,недозвон,,"bot: Добрый день! Это компания t2, корпоративный отдел, Ольга. Минуту уделите, пожалуйста?; bot: Алло, слышно меня?; bot: Аааллооо.; bot: Что-то вас не слышно, я перезвоню.",26,200 OK,"hello_main, hello_null_1, hello_null_2, start_null_hangup"
3773148,недозвон,недозвон,,,0,480 Temporarily Unavailable,
3773601,недозвон,недозвон,,,0,480 Temporarily Unavailable,
3774603,сброс на приветствии,угроза оттока не определена,,"bot: Добрый день! Меня зовут Ольга, корпоративный отдел компании t2. Вам удобно сейчас минуту уделить?",8,200 OK,hello_main
3779187,недозвон,недозвон,,,0,480 Temporarily Unavailable,
3779733,недозвон,недозвон,,,0,487 Request Terminated,
3780050,недозвон,недозвон,,,0,480 Temporarily Unavailable,
3780552,недозвон,недозвон,,,0,487 Request Terminated,
3785220,тишина,недозвон,,"bot: Добрый день! Компания t2, меня зовут Ольга. Звоню по корпоративному договору, меня хорошо слышно?; bot: Алло, слышно меня?; bot: Аааллооо.; bot: Что-то вас не слышно, я перезвоню.",28,200 OK,"hello_main, hello_null_1, hello_null_2, start_null_hangup"
3785572,недозвон,недозвон,,,0,480 Temporarily Unavailable,
3786877,тишина,недозвон,,"bot: Добрый день! Корпоративный отдел компании t2, меня зову Ольга. Меня слышно, да?; bot: Алло, слышно меня?; bot: Аааллооо.; bot: Что-то вас не слышно, я перезвоню.",24,200 OK,"hello_main, hello_null_1, hello_null_2, start_null_hangup"
3788013,недозвон,недозвон,,,0,480 Temporarily Unavailable,
3794066,,недозвон,,,0,487 Request Terminated,
3795433,недозвон,недозвон,,,0,480 Temporarily Unavailable,
3797836,недозвон,недозвон,,,0,487 Request Terminated,
3799393,недозвон,недозвон,,,0,480 Temporarily Unavailable,
3799660,недозвон,недозвон,,,0,480 Temporarily Unavailable,
3799925,сброс на приветствии,угроза оттока не определена,,,1,200 OK,
3799958,недозвон,недозвон,,,0,486 Busy Here,
3801128,тишина,недозвон,,"bot: Добрый день! Это компания t2, корпоративный отдел, Ольга. Минуту уделите, пожалуйста?; bot: Алло, слышно меня?; bot: Аааллооо.; bot: Что-то вас не слышно, я перезвоню.",26,200 OK,"hello_main, hello_null_1, hello_null_2, start_null_hangup"
3815303,недозвон,недозвон,,,0,480 Temporarily Unavailable,
3824095,недозвон,недозвон,,,0,480 Temporarily Unavailable,
3826277,недозвон,недозвон,,,0,404 Not Found,
3833945,недозвон,недозвон,,,0,480 Temporarily Unavailable,
3838372,недозвон,недозвон,,,0,480 Temporarily Unavailable,
3853094,недозвон,недозвон,,,0,480 Temporarily Unavailable,
3859987,сброс на приветствии,угроза оттока не определена,,"bot: Добрый день! Компания t2, меня зовут Ольга. Звоню по корпоративному договору, меня хорошо слышно?",6,200 OK,hello_main
3862134,недозвон,недозвон,,,0,480 Temporarily Unavailable,
3866866,недозвон,недозвон,,,0,487 Request Terminated,
3866966,недозвон,недозвон,,,0,404 Not Found,
3869051,недозвон,недозвон,,,0,404 Not Found,
3876707,недозвон,недозвон,,,0,487 Request Terminated,
3876811,недозвон,недозвон,,,0,480 Temporarily Unavailable,
3877374,тишина,недозвон,,"bot: Добрый день! Это компания t2, корпоративный отдел, Ольга. Минуту уделите, пожалуйста?; bot: Алло, слышно меня?; bot: Аааллооо.; bot: Что-то вас не слышно, я перезвоню.",27,200 OK,"hello_main, hello_null_1, hello_null_2, start_null_hangup"
3877600,недозвон,недозвон,,,0,480 Temporarily Unavailable,
3878118,недозвон,недозвон,,,0,480 Temporarily Unavailable,
3879052,недозвон,недозвон,,,0,480 Temporarily Unavailable,
3879244,недозвон,недозвон,,,0,480 Temporarily Unavailable,
3880522,недозвон,недозвон,,,0,480 Temporarily Unavailable,
3885295,,недозвон,,,0,480 Temporarily Unavailable,
3885501,недозвон,недозвон,,,0,480 Temporarily Unavailable,
3887936,недозвон,недозвон,,,0,487 Request Terminated,
3888788,недозвон,недозвон,,,0,480 Temporarily Unavailable,
3891085,недозвон,недозвон,,,0,487 Request Terminated,
3891479,недозвон,недозвон,,,0,487 Request Terminated,
3902550,недозвон,недозвон,,,0,480 Temporarily Unavailable,
3907577,тишина,недозвон,,"bot: Добрый день! Корпоративный отдел компании t2, меня зову Ольга. Меня слышно, да?; bot: Алло, слышно меня?; bot: Аааллооо.; bot: Что-то вас не слышно, я перезвоню.",26,200 OK,"hello_main, hello_null_1, hello_null_2, start_null_hangup"
3917845,недозвон,недозвон,,,0,480 Temporarily Unavailable,
3918314,недозвон,недозвон,,,0,486 Busy Here,
3918537,недозвон,недозвон,,,0,480 Temporarily Unavailable,
3920924,недозвон,недозвон,,,0,480 Temporarily Unavailable,
3922430,недозвон,недозвон,,,0,480 Temporarily Unavailable,
3922829,недозвон,недозвон,,,0,480 Temporarily Unavailable,
3923533,недозвон,недозвон,,,0,480 Temporarily Unavailable,
3924341,недозвон,недозвон,,,0,480 Temporarily Unavailable,
3925576,недозвон,недозвон,,,0,480 Temporarily Unavailable,
3927603,недозвон,недозвон,,,0,487 Request Terminated,
3927761,недозвон,недозвон,,,0,480 Temporarily Unavailable,
3957746,недозвон,недозвон,,,0,480 Temporarily Unavailable,
3959361,недозвон,недозвон,,,0,480 Temporarily Unavailable,
3959435,недозвон,недозвон,,,0,480 Temporarily Unavailable,
3959629,недозвон,недозвон,,,0,480 Temporarily Unavailable,
3961802,тишина,недозвон,,"bot: Добрый день! Компания t2, меня зовут Ольга. Звоню по корпоративному договору, меня хорошо слышно?; bot: Алло, слышно меня?; bot: Аааллооо.; bot: Что-то вас не слышно, я перезвоню.",28,200 OK,"hello_main, hello_null_1, hello_null_2, start_null_hangup"
3962229,недозвон,недозвон,,,0,487 Request Terminated,
3965891,недозвон,недозвон,,,0,480 Temporarily Unavailable,
3966214,недозвон,недозвон,,,0,404 Not Found,
3971462,недозвон,недозвон,,,0,480 Temporarily Unavailable,
3974517,недозвон,недозвон,,,0,480 Temporarily Unavailable,
3977113,недозвон,недозвон,,,0,480 Temporarily Unavailable,
3982941,недозвон,недозвон,,,0,480 Temporarily Unavailable,
4004710,тишина,недозвон,,"bot: Добрый день! Меня зовут Ольга, корпоративный отдел компании t2. Вам удобно сейчас минуту уделить?; bot: Алло, слышно меня?; bot: Аааллооо.; bot: Что-то вас не слышно, я перезвоню.",26,200 OK,"hello_main, hello_null_1, hello_null_2, start_null_hangup"
4017351,недозвон,недозвон,,,0,480 Temporarily Unavailable,
4019477,недозвон,недозвон,,,0,480 Temporarily Unavailable,
4024295,недозвон,недозвон,,,0,480 Temporarily Unavailable,
4029097,недозвон,недозвон,,,0,480 Temporarily Unavailable,
4032939,,недозвон,,,0,487 Request Terminated,
4035629,тишина,недозвон,,"bot: Добрый день! Это компания t2, корпоративный отдел, Ольга. Минуту уделите, пожалуйста?; bot: Алло, слышно меня?",11,200 OK,"hello_main, hello_null_1"
4035643,недозвон,недозвон,,,0,480 Temporarily Unavailable,
4037516,недозвон,недозвон,,,0,404 Not Found,
4040544,недозвон,недозвон,,,0,480 Temporarily Unavailable,
4043552,недозвон,недозвон,,,0,480 Temporarily Unavailable,
4044065,недозвон,недозвон,,,0,480 Temporarily Unavailable,
4044563,недозвон,недозвон,,,0,487 Request Terminated,
4044881,тишина,недозвон,,"bot: Добрый день! Это компания t2, корпоративный отдел, Ольга. Минуту уделите, пожалуйста?; bot: Алло, слышно меня?; bot: Аааллооо.; bot: Что-то вас не слышно, я перезвоню.",26,200 OK,"hello_main, hello_null_1, hello_null_2, start_null_hangup"
4045191,недозвон,недозвон,,,0,480 Temporarily Unavailable,
4048608,тишина,недозвон,,"bot: Добрый день! Корпоративный отдел компании t2, меня зову Ольга. Меня слышно, да?; bot: Алло, слышно меня?; bot: Аааллооо.; bot: Что-то вас не слышно, я перезвоню.",25,200 OK,"hello_main, hello_null_1, hello_null_2, start_null_hangup"
4055241,недозвон,недозвон,,,0,480 Temporarily Unavailable,
4069722,недозвон,недозвон,,,0,480 Temporarily Unavailable,
4070310,недозвон,недозвон,,,0,480 Temporarily Unavailable,
4071079,недозвон,недозвон,,,0,480 Temporarily Unavailable,
4071535,,недозвон,,,0,486 Busy Here,
4071600,тишина,недозвон,,"bot: Добрый день! Это компания t2, корпоративный отдел, Ольга. Минуту уделите, пожалуйста?; bot: Алло, слышно меня?; bot: Аааллооо.; bot: Что-то вас не слышно, я перезвоню.",26,200 OK,"hello_main, hello_null_1, hello_null_2, start_null_hangup"
4072769,тишина,недозвон,,"bot: Добрый день! Компания t2, меня зовут Ольга. Звоню по корпоративному договору, меня хорошо слышно?; bot: Алло, слышно меня?; bot: Аааллооо.; bot: Что-то вас не слышно, я перезвоню.",29,200 OK,"hello_main, hello_null_1, hello_null_2, start_null_hangup"
4072942,тишина,недозвон,,"bot: Добрый день! Это компания t2, корпоративный отдел, Ольга. Минуту уделите, пожалуйста?; bot: Алло, слышно меня?; bot: Аааллооо.; bot: Что-то вас не слышно, я перезвоню.",26,200 OK,"hello_main, hello_null_1, hello_null_2, start_null_hangup"
4073628,недозвон,недозвон,,,0,486 Busy Here,
4145914,тишина,недозвон,,"bot: Добрый день! Компания t2, меня зовут Ольга. Звоню по корпоративному договору, меня хорошо слышно?; bot: Алло, слышно меня?; bot: Аааллооо.; bot: Что-то вас не слышно, я перезвоню.",27,200 OK,"hello_main, hello_null_1, hello_null_2, start_null_hangup"
4148936,недозвон,недозвон,,,0,487 Request Terminated,
4156000,недозвон,недозвон,,,0,404 Not Found,
4353273,тишина,недозвон,,"bot: Добрый день! Меня зовут Ольга, корпоративный отдел компании t2. Вам удобно сейчас минуту уделить?; bot: Алло, слышно меня?; bot: Аааллооо.; bot: Что-то вас не слышно, я перезвоню.",28,200 OK,"hello_main, hello_null_1, hello_null_2, start_null_hangup"
4353602,недозвон,недозвон,,,0,487 Request Terminated,
4420457,недозвон,недозвон,,,0,480 Temporarily Unavailable,
4421121,недозвон,недозвон,,,0,480 Temporarily Unavailable,
4425307,недозвон,недозвон,,,0,480 Temporarily Unavailable,
4430436,недозвон,недозвон,,,0,480 Temporarily Unavailable,
4573597,недозвон,недозвон,,,0,480 Temporarily Unavailable,
4576268,недозвон,недозвон,,,0,480 Temporarily Unavailable,
4580073,недозвон,недозвон,,,0,480 Temporarily Unavailable,
4642365,недозвон,недозвон,,,0,487 Request Terminated,
4642866,недозвон,недозвон,,,0,480 Temporarily Unavailable,
4643862,недозвон,недозвон,,,0,480 Temporarily Unavailable,
4657801,недозвон,недозвон,,,0,487 Request Terminated,
4660980,тишина,недозвон,,"bot: Добрый день! Компания t2, меня зовут Ольга. Звоню по корпоративному договору, меня хорошо слышно?; bot: Алло, слышно меня?; bot: Аааллооо.; bot: Что-то вас не слышно, я перезвоню.",27,200 OK,"hello_main, hello_null_1, hello_null_2, start_null_hangup"
4717195,недозвон,недозвон,,,0,486 Busy Here,
4725632,недозвон,недозвон,,,0,480 Temporarily Unavailable,
4726808,недозвон,недозвон,,,0,480 Temporarily Unavailable,
4734149,тишина,недозвон,,"bot: Добрый день! Компания t2, меня зовут Ольга. Звоню по корпоративному договору, меня хорошо слышно?; bot: Алло, слышно меня?; bot: Аааллооо.; bot: Что-то вас не слышно, я перезвоню.",27,200 OK,"hello_main, hello_null_1, hello_null_2, start_null_hangup"
4740235,недозвон,недозвон,,,0,487 Request Terminated,
4740727,недозвон,недозвон,,,0,480 Temporarily Unavailable,
4756510,недозвон,недозвон,,,0,487 Request Terminated,
4756780,недозвон,недозвон,,,0,480 Temporarily Unavailable,
4763737,недозвон,недозвон,,,0,480 Temporarily Unavailable,
4767286,тишина,недозвон,,"bot: Добрый день! Компания t2, меня зовут Ольга. Звоню по корпоративному договору, меня хорошо слышно?; bot: Алло, слышно меня?; bot: Аааллооо.; bot: Что-то вас не слышно, я перезвоню.",29,200 OK,"hello_main, hello_null_1, hello_null_2, start_null_hangup"
4768122,недозвон,недозвон,,,0,480 Temporarily Unavailable,
4768989,недозвон,недозвон,,,0,480 Temporarily Unavailable,
4771336,тишина,недозвон,,"bot: Добрый день! Это компания t2, корпоративный отдел, Ольга. Минуту уделите, пожалуйста?; bot: Алло, слышно меня?; bot: Аааллооо.; bot: Что-то вас не слышно, я перезвоню.",27,200 OK,"hello_main, hello_null_1, hello_null_2, start_null_hangup"
4776585,сброс на приветствии,угроза оттока не определена,,"bot: Добрый день! Меня зовут Ольга, корпоративный отдел компании t2. Вам удобно сейчас минуту уделить?",7,200 OK,hello_main
4777711,недозвон,недозвон,,,0,480 Temporarily Unavailable,
4779079,недозвон,недозвон,,,0,480 Temporarily Unavailable,
4779864,недозвон,недозвон,,,0,480 Temporarily Unavailable,
4792340,недозвон,недозвон,,,0,480 Temporarily Unavailable,
4793574,недозвон,недозвон,,,0,486 Busy Here,
4797314,недозвон,недозвон,,,0,486 Busy Here,
4798135,недозвон,недозвон,,,0,480 Temporarily Unavailable,
4798825,недозвон,недозвон,,,0,480 Temporarily Unavailable,
4801712,недозвон,недозвон,,,0,486 Busy Here,
4805462,недозвон,недозвон,,,0,480 Temporarily Unavailable,
4805587,тишина,недозвон,,"bot: Добрый день! Меня зовут Ольга, корпоративный отдел компании t2. Вам удобно сейчас минуту уделить?; bot: Алло, слышно меня?; bot: Аааллооо.; bot: Что-то вас не слышно, я перезвоню.",29,200 OK,"hello_main, hello_null_1, hello_null_2, start_null_hangup"
4808116,недозвон,недозвон,,,0,480 Temporarily Unavailable,
4808133,недозвон,недозвон,,,0,487 Request Terminated,
4808318,недозвон,недозвон,,,0,480 Temporarily Unavailable,
4811880,недозвон,недозвон,,,0,480 Temporarily Unavailable,
4812784,,недозвон,,,0,487 Request Terminated,
4825437,недозвон,недозвон,,,0,480 Temporarily Unavailable,
4828096,тишина,недозвон,,"bot: Добрый день! Меня зовут Ольга, корпоративный отдел компании t2. Вам удобно сейчас минуту уделить?; bot: Алло, слышно меня?; bot: Аааллооо.; bot: Что-то вас не слышно, я перезвоню.",26,200 OK,"hello_main, hello_null_1, hello_null_2, start_null_hangup"
4828276,недозвон,недозвон,,,0,480 Temporarily Unavailable,
4828535,недозвон,недозвон,,,0,480 Temporarily Unavailable,
4829262,недозвон,недозвон,,,0,480 Temporarily Unavailable,
4830107,недозвон,недозвон,,,0,486 Busy Here,
4838512,недозвон,недозвон,,,0,487 Request Terminated,
4839865,недозвон,недозвон,,,0,480 Temporarily Unavailable,
4842053,недозвон,недозвон,,,0,480 Temporarily Unavailable,
4842459,недозвон,недозвон,,,0,480 Temporarily Unavailable,
4848257,тишина,недозвон,,"bot: Добрый день! Это компания t2, корпоративный отдел, Ольга. Минуту уделите, пожалуйста?; bot: Алло, слышно меня?; bot: Аааллооо.; bot: Что-то вас не слышно, я перезвоню.",30,200 OK,"hello_main, hello_null_1, hello_null_2, start_null_hangup"
4849791,тишина,недозвон,,"bot: Добрый день! Это компания t2, корпоративный отдел, Ольга. Минуту уделите, пожалуйста?; bot: Алло, слышно меня?; bot: Аааллооо.; bot: Что-то вас не слышно, я перезвоню.",30,200 OK,"hello_main, hello_null_1, hello_null_2, start_null_hangup"
4861098,недозвон,недозвон,,,0,480 Temporarily Unavailable,
4861533,недозвон,недозвон,,,0,480 Temporarily Unavailable,
4862541,тишина,недозвон,,"bot: Добрый день! Это компания t2, корпоративный отдел, Ольга. Минуту уделите, пожалуйста?; bot: Алло, слышно меня?; bot: Аааллооо.; bot: Что-то вас не слышно, я перезвоню.",23,200 OK,"hello_main, hello_null_1, hello_null_2, start_null_hangup"
4863669,недозвон,недозвон,,,0,487 Request Terminated,
4863892,недозвон,недозвон,,,0,404 Not Found,
4865788,недозвон,недозвон,,,0,480 Temporarily Unavailable,
4865802,недозвон,недозвон,,,0,480 Temporarily Unavailable,
4866867,тишина,недозвон,,"bot: Добрый день! Меня зовут Ольга, корпоративный отдел компании t2. Вам удобно сейчас минуту уделить?; bot: Алло, слышно меня?; bot: Аааллооо.; bot: Что-то вас не слышно, я перезвоню.",26,200 OK,"hello_main, hello_null_1, hello_null_2, start_null_hangup"
4867029,недозвон,недозвон,,,0,480 Temporarily Unavailable,
4869258,недозвон,недозвон,,,0,480 Temporarily Unavailable,
4877527,недозвон,недозвон,,,0,480 Temporarily Unavailable,
4877782,недозвон,недозвон,,,0,480 Temporarily Unavailable,
4877813,недозвон,недозвон,,,0,480 Temporarily Unavailable,
4879849,недозвон,недозвон,,,0,487 Request Terminated,
4880796,тишина,недозвон,,"bot: Добрый день! Меня зовут Ольга, корпоративный отдел компании t2. Вам удобно сейчас минуту уделить?; bot: Алло, слышно меня?; bot: Аааллооо.; bot: Что-то вас не слышно, я перезвоню.",26,200 OK,"hello_main, hello_null_1, hello_null_2, start_null_hangup"
4903575,недозвон,недозвон,,,0,480 Temporarily Unavailable,
4903785,недозвон,недозвон,,,0,480 Temporarily Unavailable,
4904055,недозвон,недозвон,,,0,487 Request Terminated,
4904191,тишина,недозвон,,"bot: Добрый день! Корпоративный отдел компании t2, меня зову Ольга. Меня слышно, да?; bot: Алло, слышно меня?; bot: Аааллооо.; bot: Что-то вас не слышно, я перезвоню.",26,200 OK,"hello_main, hello_null_1, hello_null_2, start_null_hangup"
4904278,тишина,недозвон,,"bot: Добрый день! Корпоративный отдел компании t2, меня зову Ольга. Меня слышно, да?; bot: Алло, слышно меня?",15,200 OK,"hello_main, hello_null_1"
4904296,недозвон,недозвон,,,0,480 Temporarily Unavailable,
4904369,недозвон,недозвон,,,0,404 Not Found,
4904376,сброс на приветствии,угроза оттока не определена,,"bot: Добрый день! Компания t2, меня зовут Ольга. Звоню по корпоративному договору, меня хорошо слышно?",9,200 OK,hello_main
4909092,недозвон,недозвон,,,0,486 Busy Here,
4910953,недозвон,недозвон,,,0,480 Temporarily Unavailable,
4914165,недозвон,недозвон,,,0,480 Temporarily Unavailable,
4916324,недозвон,недозвон,,,0,480 Temporarily Unavailable,
4920144,тишина,недозвон,,"bot: Добрый день! Меня зовут Ольга, корпоративный отдел компании t2. Вам удобно сейчас минуту уделить?; bot: Алло, слышно меня?; bot: Аааллооо.; bot: Что-то вас не слышно, я перезвоню.",27,200 OK,"hello_main, hello_null_1, hello_null_2, start_null_hangup"
4920965,недозвон,недозвон,,,0,487 Request Terminated,
4922413,недозвон,недозвон,,,0,480 Temporarily Unavailable,
4949467,недозвон,недозвон,,,0,480 Temporarily Unavailable,
4950914,тишина,недозвон,,"bot: Добрый день! Меня зовут Ольга, корпоративный отдел компании t2. Вам удобно сейчас минуту уделить?; bot: Алло, слышно меня?; bot: Аааллооо.; bot: Что-то вас не слышно, я перезвоню.",26,200 OK,"hello_main, hello_null_1, hello_null_2, start_null_hangup"
4951467,недозвон,недозвон,,,0,480 Temporarily Unavailable,
4961581,сброс на приветствии,угроза оттока не определена,,"bot: Добрый день! Компания t2, меня зовут Ольга. Звоню по корпоративному договору, меня хорошо слышно?",1,200 OK,hello_main
4971579,недозвон,недозвон,,,0,404 Not Found,
4971617,сброс на приветствии,угроза оттока не определена,,"bot: Добрый день! Это компания t2, корпоративный отдел, Ольга. Минуту уделите, пожалуйста?",6,200 OK,hello_main
4981582,недозвон,недозвон,,,0,480 Temporarily Unavailable,
4982244,недозвон,недозвон,,,0,480 Temporarily Unavailable,
4983052,недозвон,недозвон,,,0,480 Temporarily Unavailable,
4985087,сброс на приветствии,угроза оттока не определена,,"bot: Добрый день! Корпоративный отдел компании t2, меня зову Ольга. Меня слышно, да?",2,200 OK,hello_main
4986161,недозвон,недозвон,,,0,480 Temporarily Unavailable,
4987308,недозвон,недозвон,,,0,480 Temporarily Unavailable,
4994487,сброс на приветствии,угроза оттока не определена,,"bot: Добрый день! Компания t2, меня зовут Ольга. Звоню по корпоративному договору, меня хорошо слышно?",5,200 OK,hello_main
5000436,недозвон,недозвон,,,0,480 Temporarily Unavailable,
5004223,тишина,недозвон,,"bot: Добрый день! Корпоративный отдел компании t2, меня зову Ольга. Меня слышно, да?; bot: Алло, слышно меня?; bot: Аааллооо.; bot: Что-то вас не слышно, я перезвоню.",32,200 OK,"hello_main, hello_null_1, hello_null_2, start_null_hangup"
5017843,недозвон,недозвон,,,0,480 Temporarily Unavailable,
5018555,недозвон,недозвон,,,0,486 Busy Here,
5032325,недозвон,недозвон,,,0,480 Temporarily Unavailable,
5034714,недозвон,недозвон,,,0,480 Temporarily Unavailable,
5046010,тишина,недозвон,,"bot: Добрый день! Корпоративный отдел компании t2, меня зову Ольга. Меня слышно, да?; bot: Алло, слышно меня?; bot: Аааллооо.; bot: Что-то вас не слышно, я перезвоню.",31,200 OK,"hello_main, hello_null_1, hello_null_2, start_null_hangup"
5050017,недозвон,недозвон,,,0,480 Temporarily Unavailable,
5051298,недозвон,недозвон,,,0,487 Request Terminated,
5055627,недозвон,недозвон,,,0,480 Temporarily Unavailable,
5062788,недозвон,недозвон,,,0,480 Temporarily Unavailable,
5063093,тишина,недозвон,,"bot: Добрый день! Это компания t2, корпоративный отдел, Ольга. Минуту уделите, пожалуйста?; bot: Алло, слышно меня?; bot: Аааллооо.; bot: Что-то вас не слышно, я перезвоню.",27,200 OK,"hello_main, hello_null_1, hello_null_2, start_null_hangup"
5064185,тишина,недозвон,,"bot: Добрый день! Это компания t2, корпоративный отдел, Ольга. Минуту уделите, пожалуйста?; bot: Алло, слышно меня?; bot: Аааллооо.; bot: Что-то вас не слышно, я перезвоню.",27,200 OK,"hello_main, hello_null_1, hello_null_2, start_null_hangup"
5066956,тишина,недозвон,,"bot: Добрый день! Меня зовут Ольга, корпоративный отдел компании t2. Вам удобно сейчас минуту уделить?; bot: Алло, слышно меня?; bot: Аааллооо.; bot: Что-то вас не слышно, я перезвоню.",31,200 OK,"hello_main, hello_null_1, hello_null_2, start_null_hangup"
5078191,недозвон,недозвон,,,0,487 Request Terminated,
5083845,недозвон,недозвон,,,0,487 Request Terminated,
5094273,недозвон,недозвон,,,0,480 Temporarily Unavailable,
5095175,недозвон,недозвон,,,0,487 Request Terminated,
5096092,недозвон,недозвон,,,0,480 Temporarily Unavailable,
5096802,тишина,недозвон,,"bot: Добрый день! Корпоративный отдел компании t2, меня зову Ольга. Меня слышно, да?; bot: Алло, слышно меня?; bot: Аааллооо.; bot: Что-то вас не слышно, я перезвоню.",26,200 OK,"hello_main, hello_null_1, hello_null_2, start_null_hangup"
5096830,недозвон,недозвон,,,0,404 Not Found,
5098173,тишина,недозвон,,"bot: Добрый день! Корпоративный отдел компании t2, меня зову Ольга. Меня слышно, да?; bot: Алло, слышно меня?; bot: Аааллооо.; bot: Что-то вас не слышно, я перезвоню.",25,200 OK,"hello_main, hello_null_1, hello_null_2, start_null_hangup"
5098320,недозвон,недозвон,,,0,480 Temporarily Unavailable,
5098384,недозвон,недозвон,,,0,480 Temporarily Unavailable,
5100076,недозвон,недозвон,,,0,480 Temporarily Unavailable,
5100113,тишина,недозвон,,"bot: Добрый день! Компания t2, меня зовут Ольга. Звоню по корпоративному договору, меня хорошо слышно?; bot: Алло, слышно меня?; bot: Аааллооо.; bot: Что-то вас не слышно, я перезвоню.",27,200 OK,"hello_main, hello_null_1, hello_null_2, start_null_hangup"
5102726,недозвон,недозвон,,,0,487 Request Terminated,
5102891,недозвон,недозвон,,,0,480 Temporarily Unavailable,
5102970,недозвон,недозвон,,,0,404 Not Found,
5103628,тишина,недозвон,,"bot: Добрый день! Корпоративный отдел компании t2, меня зову Ольга. Меня слышно, да?; bot: Алло, слышно меня?; bot: Аааллооо.; bot: Что-то вас не слышно, я перезвоню.",27,200 OK,"hello_main, hello_null_1, hello_null_2, start_null_hangup"
5103836,недозвон,недозвон,,,0,480 Temporarily Unavailable,
5105632,тишина,недозвон,,"bot: Добрый день! Компания t2, меня зовут Ольга. Звоню по корпоративному договору, меня хорошо слышно?; bot: Алло, слышно меня?; bot: Аааллооо.; bot: Что-то вас не слышно, я перезвоню.",30,200 OK,"hello_main, hello_null_1, hello_null_2, start_null_hangup"
5106029,недозвон,недозвон,,,0,480 Temporarily Unavailable,
5106268,недозвон,недозвон,,,0,480 Temporarily Unavailable,
5108987,недозвон,недозвон,,,0,480 Temporarily Unavailable,
5110382,тишина,недозвон,,"bot: Добрый день! Меня зовут Ольга, корпоративный отдел компании t2. Вам удобно сейчас минуту уделить?; bot: Алло, слышно меня?; bot: Аааллооо.; bot: Что-то вас не слышно, я перезвоню.",30,200 OK,"hello_main, hello_null_1, hello_null_2, start_null_hangup"
5110524,недозвон,недозвон,,,0,480 Temporarily Unavailable,
5111129,недозвон,недозвон,,,0,480 Temporarily Unavailable,
5111872,недозвон,недозвон,,,0,480 Temporarily Unavailable,
5111937,недозвон,недозвон,,,0,487 Request Terminated,
5138824,недозвон,недозвон,,,0,487 Request Terminated,
5139326,недозвон,недозвон,,,0,486 Busy Here,
5139369,недозвон,недозвон,,,0,487 Request Terminated,
5139549,тишина,недозвон,,"bot: Добрый день! Это компания t2, корпоративный отдел, Ольга. Минуту уделите, пожалуйста?; bot: Алло, слышно меня?; bot: Аааллооо.; bot: Что-то вас не слышно, я перезвоню.",27,200 OK,"hello_main, hello_null_1, hello_null_2, start_null_hangup"
5141853,недозвон,недозвон,,,0,480 Temporarily Unavailable,
5142178,тишина,недозвон,,"bot: Добрый день! Это компания t2, корпоративный отдел, Ольга. Минуту уделите, пожалуйста?; bot: Алло, слышно меня?; bot: Аааллооо.; bot: Что-то вас не слышно, я перезвоню.",27,200 OK,"hello_main, hello_null_1, hello_null_2, start_null_hangup"
5143695,недозвон,недозвон,,,0,487 Request Terminated,
5143774,недозвон,недозвон,,,0,480 Temporarily Unavailable,
5143906,недозвон,недозвон,,,0,480 Temporarily Unavailable,
5143922,тишина,недозвон,,"bot: Добрый день! Меня зовут Ольга, корпоративный отдел компании t2. Вам удобно сейчас минуту уделить?; bot: Алло, слышно меня?; bot: Аааллооо.; bot: Что-то вас не слышно, я перезвоню.",31,200 OK,"hello_main, hello_null_1, hello_null_2, start_null_hangup"
5143999,тишина,недозвон,,"bot: Добрый день! Меня зовут Ольга, корпоративный отдел компании t2. Вам удобно сейчас минуту уделить?; bot: Алло, слышно меня?; bot: Аааллооо.; bot: Что-то вас не слышно, я перезвоню.",26,200 OK,"hello_main, hello_null_1, hello_null_2, start_null_hangup"
5149280,недозвон,недозвон,,,0,480 Temporarily Unavailable,
5149372,недозвон,недозвон,,,0,480 Temporarily Unavailable,
5150132,тишина,недозвон,,"bot: Добрый день! Компания t2, меня зовут Ольга. Звоню по корпоративному договору, меня хорошо слышно?; bot: Алло, слышно меня?; bot: Аааллооо.; bot: Что-то вас не слышно, я перезвоню.",32,200 OK,"hello_main, hello_null_1, hello_null_2, start_null_hangup"
5151900,тишина,недозвон,,"bot: Добрый день! Меня зовут Ольга, корпоративный отдел компании t2. Вам удобно сейчас минуту уделить?; bot: Алло, слышно меня?; bot: Аааллооо.; bot: Что-то вас не слышно, я перезвоню.",26,200 OK,"hello_main, hello_null_1, hello_null_2, start_null_hangup"
5153487,тишина,недозвон,,"bot: Добрый день! Компания t2, меня зовут Ольга. Звоню по корпоративному договору, меня хорошо слышно?; bot: Алло, слышно меня?; bot: Аааллооо.; bot: Что-то вас не слышно, я перезвоню.",28,200 OK,"hello_main, hello_null_1, hello_null_2, start_null_hangup"
5155730,недозвон,недозвон,,,0,480 Temporarily Unavailable,
5156670,недозвон,недозвон,,,0,480 Temporarily Unavailable,
5158484,недозвон,недозвон,,,0,480 Temporarily Unavailable,
5161832,недозвон,недозвон,,,0,480 Temporarily Unavailable,
5163411,недозвон,недозвон,,,0,480 Temporarily Unavailable,
5167185,недозвон,недозвон,,,0,480 Temporarily Unavailable,
5169484,недозвон,недозвон,,,0,480 Temporarily Unavailable,
5174455,недозвон,недозвон,,,0,480 Temporarily Unavailable,
5178073,недозвон,недозвон,,,0,480 Temporarily Unavailable,
5179172,тишина,недозвон,,"bot: Добрый день! Меня зовут Ольга, корпоративный отдел компании t2. Вам удобно сейчас минуту уделить?; bot: Алло, слышно меня?; bot: Аааллооо.; bot: Что-то вас не слышно, я перезвоню.",27,200 OK,"hello_main, hello_null_1, hello_null_2, start_null_hangup"
5180291,тишина,недозвон,,"bot: Добрый день! Меня зовут Ольга, корпоративный отдел компании t2. Вам удобно сейчас минуту уделить?; bot: Алло, слышно меня?; bot: Аааллооо.; bot: Что-то вас не слышно, я перезвоню.",26,200 OK,"hello_main, hello_null_1, hello_null_2, start_null_hangup"
5181502,сброс на приветствии,угроза оттока не определена,,"bot: Добрый день! Это компания t2, корпоративный отдел, Ольга. Минуту уделите, пожалуйста?",8,200 OK,hello_main
5182782,недозвон,недозвон,,,0,404 Not Found,
5183166,недозвон,недозвон,,,0,480 Temporarily Unavailable,
5184841,недозвон,недозвон,,,0,480 Temporarily Unavailable,
5192344,недозвон,недозвон,,,0,486 Busy Here,
5192534,недозвон,недозвон,,,0,480 Temporarily Unavailable,
5193245,недозвон,недозвон,,,0,480 Temporarily Unavailable,
5193509,недозвон,недозвон,,,0,486 Busy Here,
5195365,недозвон,недозвон,,,0,487 Request Terminated,
5196312,недозвон,недозвон,,,0,480 Temporarily Unavailable,
5198532,недозвон,недозвон,,,0,480 Temporarily Unavailable,
5200419,недозвон,недозвон,,,0,480 Temporarily Unavailable,
5202763,недозвон,недозвон,,,0,480 Temporarily Unavailable,
5203711,недозвон,недозвон,,,0,480 Temporarily Unavailable,
5204233,недозвон,недозвон,,,0,487 Request Terminated,
5208820,недозвон,недозвон,,,0,487 Request Terminated,
5211596,недозвон,недозвон,,,0,480 Temporarily Unavailable,
5212356,недозвон,недозвон,,,0,480 Temporarily Unavailable,
5212412,недозвон,недозвон,,,0,480 Temporarily Unavailable,
5212413,тишина,недозвон,,"bot: Добрый день! Это компания t2, корпоративный отдел, Ольга. Минуту уделите, пожалуйста?; bot: Алло, слышно меня?; bot: Аааллооо.; bot: Что-то вас не слышно, я перезвоню.",28,200 OK,"hello_main, hello_null_1, hello_null_2, start_null_hangup"
5214591,недозвон,недозвон,,,0,480 Temporarily Unavailable,
5215692,недозвон,недозвон,,,0,486 Busy Here,
5216794,недозвон,недозвон,,,0,480 Temporarily Unavailable,
5221434,недозвон,недозвон,,,0,480 Temporarily Unavailable,
5225144,тишина,недозвон,,"bot: Добрый день! Компания t2, меня зовут Ольга. Звоню по корпоративному договору, меня хорошо слышно?; bot: Алло, слышно меня?; bot: Аааллооо.; bot: Что-то вас не слышно, я перезвоню.",27,200 OK,"hello_main, hello_null_1, hello_null_2, start_null_hangup"
5230183,недозвон,недозвон,,,0,480 Temporarily Unavailable,
5236763,недозвон,недозвон,,,0,480 Temporarily Unavailable,
5237214,недозвон,недозвон,,,0,480 Temporarily Unavailable,
5237759,недозвон,недозвон,,,0,480 Temporarily Unavailable,
5247289,недозвон,недозвон,,,0,480 Temporarily Unavailable,
5247591,недозвон,недозвон,,,0,480 Temporarily Unavailable,
5248454,недозвон,недозвон,,,0,404 Not Found,
5250348,,недозвон,,,0,404 Not Found,
5251093,недозвон,недозвон,,,0,480 Temporarily Unavailable,
5252330,недозвон,недозвон,,,0,480 Temporarily Unavailable,
5252414,недозвон,недозвон,,,0,487 Request Terminated,
5253869,недозвон,недозвон,,,0,480 Temporarily Unavailable,
5254482,тишина,недозвон,,"bot: Добрый день! Меня зовут Ольга, корпоративный отдел компании t2. Вам удобно сейчас минуту уделить?; bot: Алло, слышно меня?; bot: Аааллооо.; bot: Что-то вас не слышно, я перезвоню.",29,200 OK,"hello_main, hello_null_1, hello_null_2, start_null_hangup"
5254805,недозвон,недозвон,,,0,480 Temporarily Unavailable,
5257303,недозвон,недозвон,,,0,480 Temporarily Unavailable,
5260215,недозвон,недозвон,,,0,480 Temporarily Unavailable,
5260221,недозвон,недозвон,,,0,404 Not Found,
5263681,недозвон,недозвон,,,0,480 Temporarily Unavailable,
5268134,недозвон,недозвон,,,0,480 Temporarily Unavailable,
5274618,тишина,недозвон,,"bot: Добрый день! Меня зовут Ольга, корпоративный отдел компании t2. Вам удобно сейчас минуту уделить?; bot: Алло, слышно меня?; bot: Аааллооо.; bot: Что-то вас не слышно, я перезвоню.",33,200 OK,"hello_main, hello_null_1, hello_null_2, start_null_hangup"
5275474,недозвон,недозвон,,,0,480 Temporarily Unavailable,
5275760,тишина,недозвон,,"bot: Добрый день! Корпоративный отдел компании t2, меня зову Ольга. Меня слышно, да?; bot: Алло, слышно меня?; bot: Аааллооо.; bot: Что-то вас не слышно, я перезвоню.",25,200 OK,"hello_main, hello_null_1, hello_null_2, start_null_hangup"
5276274,недозвон,недозвон,,,0,480 Temporarily Unavailable,
5277815,недозвон,недозвон,,,0,480 Temporarily Unavailable,
5279172,недозвон,недозвон,,,0,480 Temporarily Unavailable,
5279195,недозвон,недозвон,,,0,480 Temporarily Unavailable,
5279238,недозвон,недозвон,,,0,480 Temporarily Unavailable,
5280568,недозвон,недозвон,,,0,480 Temporarily Unavailable,
5288811,недозвон,недозвон,,,0,404 Not Found,
5325468,недозвон,недозвон,,,0,480 Temporarily Unavailable,
5326306,недозвон,недозвон,,,0,480 Temporarily Unavailable,
5326614,недозвон,недозвон,,,0,480 Temporarily Unavailable,
5327018,,недозвон,,,0,480 Temporarily Unavailable,
5328416,недозвон,недозвон,,,0,404 Not Found,
5334674,недозвон,недозвон,,,0,480 Temporarily Unavailable,
5334962,недозвон,недозвон,,,0,487 Request Terminated,
5336045,недозвон,недозвон,,,0,480 Temporarily Unavailable,
5336149,недозвон,недозвон,,,0,487 Request Terminated,
5364529,недозвон,недозвон,,,0,480 Temporarily Unavailable,
5364592,недозвон,недозвон,,,0,480 Temporarily Unavailable,
5367940,недозвон,недозвон,,,0,480 Temporarily Unavailable,
5368693,недозвон,недозвон,,,0,486 Busy Here,
5370389,недозвон,недозвон,,,0,480 Temporarily Unavailable,
5370795,тишина,недозвон,,"bot: Добрый день! Меня зовут Ольга, корпоративный отдел компании t2. Вам удобно сейчас минуту уделить?; bot: Алло, слышно меня?; bot: Аааллооо.; bot: Что-то вас не слышно, я перезвоню.",26,200 OK,"hello_main, hello_null_1, hello_null_2, start_null_hangup"
5371140,недозвон,недозвон,,,0,480 Temporarily Unavailable,
5373871,недозвон,недозвон,,,0,480 Temporarily Unavailable,
5377494,недозвон,недозвон,,,0,480 Temporarily Unavailable,
5378737,недозвон,недозвон,,,0,480 Temporarily Unavailable,
5379424,недозвон,недозвон,,,0,480 Temporarily Unavailable,
5403030,сброс на приветствии,угроза оттока не определена,,"bot: Добрый день! Меня зовут Ольга, корпоративный отдел компании t2. Вам удобно сейчас минуту уделить?",7,200 OK,hello_main
5406153,недозвон,недозвон,,,0,480 Temporarily Unavailable,
5406704,недозвон,недозвон,,,0,480 Temporarily Unavailable,
5406984,тишина,недозвон,,"bot: Добрый день! Меня зовут Ольга, корпоративный отдел компании t2. Вам удобно сейчас минуту уделить?; bot: Алло, слышно меня?; bot: Аааллооо.; bot: Что-то вас не слышно, я перезвоню.",25,200 OK,"hello_main, hello_null_1, hello_null_2, start_null_hangup"
5407699,недозвон,недозвон,,,0,480 Temporarily Unavailable,
5409096,недозвон,недозвон,,,0,404 Not Found,
5409980,недозвон,недозвон,,,0,480 Temporarily Unavailable,
5410439,недозвон,недозвон,,,0,480 Temporarily Unavailable,
5410624,недозвон,недозвон,,,0,480 Temporarily Unavailable,
5415907,недозвон,недозвон,,,0,480 Temporarily Unavailable,
5415993,недозвон,недозвон,,,0,480 Temporarily Unavailable,
5416368,недозвон,недозвон,,,0,487 Request Terminated,
5417724,тишина,недозвон,,"bot: Добрый день! Корпоративный отдел компании t2, меня зову Ольга. Меня слышно, да?; bot: Алло, слышно меня?; bot: Аааллооо.; bot: Что-то вас не слышно, я перезвоню.",27,200 OK,"hello_main, hello_null_1, hello_null_2, start_null_hangup"
5417842,недозвон,недозвон,,,0,480 Temporarily Unavailable,
5423508,тишина,недозвон,,"bot: Добрый день! Это компания t2, корпоративный отдел, Ольга. Минуту уделите, пожалуйста?; bot: Алло, слышно меня?; bot: Аааллооо.; bot: Что-то вас не слышно, я перезвоню.",26,200 OK,"hello_main, hello_null_1, hello_null_2, start_null_hangup"
5423538,недозвон,недозвон,,,0,480 Temporarily Unavailable,
5423959,тишина,недозвон,,"bot: Добрый день! Корпоративный отдел компании t2, меня зову Ольга. Меня слышно, да?; bot: Алло, слышно меня?",12,200 OK,"hello_main, hello_null_1"
5424353,сброс на приветствии,угроза оттока не определена,,"bot: Добрый день! Корпоративный отдел компании t2, меня зову Ольга. Меня слышно, да?",5,200 OK,hello_main
5426902,недозвон,недозвон,,,0,480 Temporarily Unavailable,
5427009,недозвон,недозвон,,,0,480 Temporarily Unavailable,
5433523,недозвон,недозвон,,,0,480 Temporarily Unavailable,
5437131,недозвон,недозвон,,,0,480 Temporarily Unavailable,
5437429,недозвон,недозвон,,,0,487 Request Terminated,
5442745,недозвон,недозвон,,,0,486 Busy Here,
5443255,,недозвон,,,0,480 Temporarily Unavailable,
5444416,недозвон,недозвон,,,0,480 Temporarily Unavailable,
5444978,тишина,недозвон,,"bot: Добрый день! Меня зовут Ольга, корпоративный отдел компании t2. Вам удобно сейчас минуту уделить?; bot: Алло, слышно меня?; bot: Аааллооо.; bot: Что-то вас не слышно, я перезвоню.",32,200 OK,"hello_main, hello_null_1, hello_null_2, start_null_hangup"
5446261,недозвон,недозвон,,,0,480 Temporarily Unavailable,
5446417,недозвон,недозвон,,,0,480 Temporarily Unavailable,
5446715,недозвон,недозвон,,,0,480 Temporarily Unavailable,
5450383,недозвон,недозвон,,,0,480 Temporarily Unavailable,
5452312,недозвон,недозвон,,,0,480 Temporarily Unavailable,
5457029,сброс на приветствии,угроза оттока не определена,,"bot: Добрый день! Корпоративный отдел компании t2, меня зову Ольга. Меня слышно, да?",6,200 OK,hello_main
5459413,тишина,недозвон,,"bot: Добрый день! Корпоративный отдел компании t2, меня зову Ольга. Меня слышно, да?; bot: Алло, слышно меня?; bot: Аааллооо.; bot: Что-то вас не слышно, я перезвоню.",25,200 OK,"hello_main, hello_null_1, hello_null_2, start_null_hangup"
5460363,недозвон,недозвон,,,0,486 Busy Here,
5460797,недозвон,недозвон,,,0,480 Temporarily Unavailable,
5460800,тишина,недозвон,,"bot: Добрый день! Компания t2, меня зовут Ольга. Звоню по корпоративному договору, меня хорошо слышно?; bot: Алло, слышно меня?; bot: Аааллооо.; bot: Что-то вас не слышно, я перезвоню.",26,200 OK,"hello_main, hello_null_1, hello_null_2, start_null_hangup"
5461468,недозвон,недозвон,,,0,480 Temporarily Unavailable,
5461557,недозвон,недозвон,,,0,480 Temporarily Unavailable,
5468222,недозвон,недозвон,,,0,480 Temporarily Unavailable,
5469029,недозвон,недозвон,,,0,480 Temporarily Unavailable,
5478749,недозвон,недозвон,,,0,404 Not Found,
5479227,сброс на приветствии,угроза оттока не определена,,"bot: Добрый день! Компания t2, меня зовут Ольга. Звоню по корпоративному договору, меня хорошо слышно?",4,200 OK,hello_main
5487365,недозвон,недозвон,,,0,487 Request Terminated,
5487728,сброс на приветствии,угроза оттока не определена,,"bot: Добрый день! Корпоративный отдел компании t2, меня зову Ольга. Меня слышно, да?",5,200 OK,hello_main
5490930,недозвон,недозвон,,,0,404 Not Found,
5492905,тишина,недозвон,,"bot: Добрый день! Компания t2, меня зовут Ольга. Звоню по корпоративному договору, меня хорошо слышно?; bot: Алло, слышно меня?; bot: Аааллооо.; bot: Что-то вас не слышно, я перезвоню.",31,200 OK,"hello_main, hello_null_1, hello_null_2, start_null_hangup"
5493184,недозвон,недозвон,,,0,480 Temporarily Unavailable,
5493351,недозвон,недозвон,,,0,410 Gone,
5495115,недозвон,недозвон,,,0,480 Temporarily Unavailable,
5500774,недозвон,недозвон,,,0,480 Temporarily Unavailable,
5506056,недозвон,недозвон,,,0,480 Temporarily Unavailable,
5510828,тишина,недозвон,,"bot: Добрый день! Корпоративный отдел компании t2, меня зову Ольга. Меня слышно, да?; bot: Алло, слышно меня?; bot: Аааллооо.; bot: Что-то вас не слышно, я перезвоню.",29,200 OK,"hello_main, hello_null_1, hello_null_2, start_null_hangup"
5513044,недозвон,недозвон,,,0,480 Temporarily Unavailable,
5535553,недозвон,недозвон,,,0,480 Temporarily Unavailable,
5537442,недозвон,недозвон,,,0,480 Temporarily Unavailable,
5540747,тишина,недозвон,,"bot: Добрый день! Это компания t2, корпоративный отдел, Ольга. Минуту уделите, пожалуйста?; bot: Алло, слышно меня?; bot: Аааллооо.; bot: Что-то вас не слышно, я перезвоню.",26,200 OK,"hello_main, hello_null_1, hello_null_2, start_null_hangup"
5541898,недозвон,недозвон,,,0,480 Temporarily Unavailable,
5541926,недозвон,недозвон,,,0,480 Temporarily Unavailable,
5542246,тишина,недозвон,,"bot: Добрый день! Компания t2, меня зовут Ольга. Звоню по корпоративному договору, меня хорошо слышно?; bot: Алло, слышно меня?; bot: Аааллооо.; bot: Что-то вас не слышно, я перезвоню.",28,200 OK,"hello_main, hello_null_1, hello_null_2, start_null_hangup"
5542468,недозвон,недозвон,,,0,480 Temporarily Unavailable,
5547403,недозвон,недозвон,,,0,480 Temporarily Unavailable,
5558789,сброс на приветствии,угроза оттока не определена,,"bot: Добрый день! Это компания t2, корпоративный отдел, Ольга. Минуту уделите, пожалуйста?",7,200 OK,hello_main
5571358,недозвон,недозвон,,,0,480 Temporarily Unavailable,
5572162,недозвон,недозвон,,,0,480 Temporarily Unavailable,
5573456,тишина,недозвон,,"bot: Добрый день! Это компания t2, корпоративный отдел, Ольга. Минуту уделите, пожалуйста?; bot: Алло, слышно меня?; bot: Аааллооо.; bot: Что-то вас не слышно, я перезвоню.",26,200 OK,"hello_main, hello_null_1, hello_null_2, start_null_hangup"
5587031,недозвон,недозвон,,,0,484 Address Incomplete,
5589298,недозвон,недозвон,,,0,480 Temporarily Unavailable,
5589904,недозвон,недозвон,,,0,480 Temporarily Unavailable,
5590217,недозвон,недозвон,,,0,480 Temporarily Unavailable,
5604576,недозвон,недозвон,,,0,480 Temporarily Unavailable,
5604577,недозвон,недозвон,,,0,480 Temporarily Unavailable,
5605159,недозвон,недозвон,,,0,480 Temporarily Unavailable,
5630637,недозвон,недозвон,,,0,480 Temporarily Unavailable,
5631529,недозвон,недозвон,,,0,480 Temporarily Unavailable,
5639154,недозвон,недозвон,,,0,480 Temporarily Unavailable,
5643845,недозвон,недозвон,,,0,480 Temporarily Unavailable,
5665520,недозвон,недозвон,,,0,480 Temporarily Unavailable,
5667590,недозвон,недозвон,,,0,480 Temporarily Unavailable,
5668143,недозвон,недозвон,,,0,480 Temporarily Unavailable,
5668809,тишина,недозвон,,"bot: Добрый день! Это компания t2, корпоративный отдел, Ольга. Минуту уделите, пожалуйста?; bot: Алло, слышно меня?; bot: Аааллооо.; bot: Что-то вас не слышно, я перезвоню.",29,200 OK,"hello_main, hello_null_1, hello_null_2, start_null_hangup"
5669272,тишина,недозвон,,"bot: Добрый день! Компания t2, меня зовут Ольга. Звоню по корпоративному договору, меня хорошо слышно?; bot: Алло, слышно меня?; bot: Аааллооо.; bot: Что-то вас не слышно, я перезвоню.",27,200 OK,"hello_main, hello_null_1, hello_null_2, start_null_hangup"
5673409,недозвон,недозвон,,,0,480 Temporarily Unavailable,
5674468,недозвон,недозвон,,,0,480 Temporarily Unavailable,
5675271,тишина,недозвон,,"bot: Добрый день! Компания t2, меня зовут Ольга. Звоню по корпоративному договору, меня хорошо слышно?; bot: Алло, слышно меня?; bot: Аааллооо.; bot: Что-то вас не слышно, я перезвоню.",31,200 OK,"hello_main, hello_null_1, hello_null_2, start_null_hangup"
5676288,недозвон,недозвон,,,0,486 Busy Here,
5676665,недозвон,недозвон,,,0,487 Request Terminated,
5676802,сброс на приветствии,угроза оттока не определена,,"bot: Добрый день! Это компания t2, корпоративный отдел, Ольга. Минуту уделите, пожалуйста?",5,200 OK,hello_main
5680713,недозвон,недозвон,,,0,480 Temporarily Unavailable,
5680912,недозвон,недозвон,,,0,480 Temporarily Unavailable,
5685057,недозвон,недозвон,,,0,480 Temporarily Unavailable,
5685237,недозвон,недозвон,,,0,480 Temporarily Unavailable,
5685626,недозвон,недозвон,,,0,480 Temporarily Unavailable,
5685917,недозвон,недозвон,,,0,480 Temporarily Unavailable,
5687313,недозвон,недозвон,,,0,487 Request Terminated,
5700133,недозвон,недозвон,,,0,404 Not Found,
5712293,недозвон,недозвон,,,0,480 Temporarily Unavailable,
5714585,недозвон,недозвон,,,0,487 Request Terminated,
5716206,недозвон,недозвон,,,0,404 Not Found,
5718714,недозвон,недозвон,,,0,480 Temporarily Unavailable,
5718920,недозвон,недозвон,,,0,480 Temporarily Unavailable,
5724921,недозвон,недозвон,,,0,480 Temporarily Unavailable,
5725724,недозвон,недозвон,,,0,480 Temporarily Unavailable,
5726448,недозвон,недозвон,,,0,404 Not Found,
5729056,недозвон,недозвон,,,0,404 Not Found,
5729539,тишина,недозвон,,"bot: Добрый день! Компания t2, меня зовут Ольга. Звоню по корпоративному договору, меня хорошо слышно?; bot: Алло, слышно меня?; bot: Аааллооо.; bot: Что-то вас не слышно, я перезвоню.",28,200 OK,"hello_main, hello_null_1, hello_null_2, start_null_hangup"
5731429,недозвон,недозвон,,,0,487 Request Terminated,
5733069,недозвон,недозвон,,,0,404 Not Found,
5734102,недозвон,недозвон,,,0,480 Temporarily Unavailable,
5737977,тишина,недозвон,,"bot: Добрый день! Это компания t2, корпоративный отдел, Ольга. Минуту уделите, пожалуйста?; bot: Алло, слышно меня?; bot: Аааллооо.; bot: Что-то вас не слышно, я перезвоню.",27,200 OK,"hello_main, hello_null_1, hello_null_2, start_null_hangup"
5740576,недозвон,недозвон,,,0,480 Temporarily Unavailable,
5743603,недозвон,недозвон,,,0,480 Temporarily Unavailable,
5743654,недозвон,недозвон,,,0,486 Busy Here,
5746316,,недозвон,,,0,480 Temporarily Unavailable,
5746665,недозвон,недозвон,,,0,480 Temporarily Unavailable,
5748095,недозвон,недозвон,,,0,480 Temporarily Unavailable,
5750793,недозвон,недозвон,,,0,480 Temporarily Unavailable,
5753383,недозвон,недозвон,,,0,480 Temporarily Unavailable,
5754484,недозвон,недозвон,,,0,487 Request Terminated,
5756729,недозвон,недозвон,,,0,404 Not Found,
5758121,недозвон,недозвон,,,0,480 Temporarily Unavailable,
5760417,недозвон,недозвон,,,0,480 Temporarily Unavailable,
5762131,недозвон,недозвон,,,0,480 Temporarily Unavailable,
5762336,недозвон,недозвон,,,0,487 Request Terminated,
5766225,недозвон,недозвон,,,0,480 Temporarily Unavailable,
5769629,недозвон,недозвон,,,0,404 Not Found,
5769727,сброс на приветствии,угроза оттока не определена,,"bot: Добрый день! Компания t2, меня зовут Ольга. Звоню по корпоративному договору, меня хорошо слышно?",7,200 OK,hello_main
5771155,недозвон,недозвон,,,0,487 Request Terminated,
5772445,недозвон,недозвон,,,0,404 Not Found,
5772481,недозвон,недозвон,,,0,480 Temporarily Unavailable,
5772671,недозвон,недозвон,,,0,480 Temporarily Unavailable,
5772674,недозвон,недозвон,,,0,480 Temporarily Unavailable,
5773197,недозвон,недозвон,,,0,480 Temporarily Unavailable,
5775115,недозвон,недозвон,,,0,480 Temporarily Unavailable,
5790661,тишина,недозвон,,"bot: Добрый день! Это компания t2, корпоративный отдел, Ольга. Минуту уделите, пожалуйста?; bot: Алло, слышно меня?; bot: Аааллооо.; bot: Что-то вас не слышно, я перезвоню.",32,200 OK,"hello_main, hello_null_1, hello_null_2, start_null_hangup"
5791793,недозвон,недозвон,,,0,480 Temporarily Unavailable,
5792492,недозвон,недозвон,,,0,480 Temporarily Unavailable,
5795054,недозвон,недозвон,,,0,480 Temporarily Unavailable,
5795390,недозвон,недозвон,,,0,480 Temporarily Unavailable,
5800337,недозвон,недозвон,,,0,480 Temporarily Unavailable,
5800515,недозвон,недозвон,,,0,480 Temporarily Unavailable,
5805584,недозвон,недозвон,,,0,480 Temporarily Unavailable,
5807272,недозвон,недозвон,,,0,480 Temporarily Unavailable,
5810286,тишина,недозвон,,"bot: Добрый день! Компания t2, меня зовут Ольга. Звоню по корпоративному договору, меня хорошо слышно?; bot: Алло, слышно меня?; bot: Аааллооо.; bot: Что-то вас не слышно, я перезвоню.",29,200 OK,"hello_main, hello_null_1, hello_null_2, start_null_hangup"
5818084,тишина,недозвон,,"bot: Добрый день! Корпоративный отдел компании t2, меня зову Ольга. Меня слышно, да?; bot: Алло, слышно меня?; bot: Аааллооо.; bot: Что-то вас не слышно, я перезвоню.",25,200 OK,"hello_main, hello_null_1, hello_null_2, start_null_hangup"
5821661,недозвон,недозвон,,,0,480 Temporarily Unavailable,
5830415,недозвон,недозвон,,,0,480 Temporarily Unavailable,
5830452,недозвон,недозвон,,,0,487 Request Terminated,
5830458,недозвон,недозвон,,,0,480 Temporarily Unavailable,
5830714,недозвон,недозвон,,,0,480 Temporarily Unavailable,
5830812,сброс на приветствии,угроза оттока не определена,,"bot: Добрый день! Меня зовут Ольга, корпоративный отдел компании t2. Вам удобно сейчас минуту уделить?",6,200 OK,hello_main
5830836,недозвон,недозвон,,,0,480 Temporarily Unavailable,
5834682,сброс на приветствии,угроза оттока не определена,,"bot: Добрый день! Меня зовут Ольга, корпоративный отдел компании t2. Вам удобно сейчас минуту уделить?",11,200 OK,hello_main
5835087,недозвон,недозвон,,,0,480 Temporarily Unavailable,
5843895,тишина,недозвон,,"bot: Добрый день! Меня зовут Ольга, корпоративный отдел компании t2. Вам удобно сейчас минуту уделить?; bot: Алло, слышно меня?; bot: Аааллооо.; bot: Что-то вас не слышно, я перезвоню.",29,200 OK,"hello_main, hello_null_1, hello_null_2, start_null_hangup"
5844730,недозвон,недозвон,,,0,486 Busy Here,
5846560,недозвон,недозвон,,,0,480 Temporarily Unavailable,
5846790,тишина,недозвон,,"bot: Добрый день! Это компания t2, корпоративный отдел, Ольга. Минуту уделите, пожалуйста?; bot: Алло, слышно меня?; bot: Аааллооо.; bot: Что-то вас не слышно, я перезвоню.",26,200 OK,"hello_main, hello_null_1, hello_null_2, start_null_hangup"
5847055,тишина,недозвон,,"bot: Добрый день! Корпоративный отдел компании t2, меня зову Ольга. Меня слышно, да?; bot: Алло, слышно меня?; bot: Аааллооо.; bot: Что-то вас не слышно, я перезвоню.",25,200 OK,"hello_main, hello_null_1, hello_null_2, start_null_hangup"
5851067,тишина,недозвон,,"bot: Добрый день! Компания t2, меня зовут Ольга. Звоню по корпоративному договору, меня хорошо слышно?; bot: Алло, слышно меня?; bot: Аааллооо.; bot: Что-то вас не слышно, я перезвоню.",26,200 OK,"hello_main, hello_null_1, hello_null_2, start_null_hangup"
5853696,недозвон,недозвон,,,0,487 Request Terminated,
5856063,тишина,недозвон,,"bot: Добрый день! Корпоративный отдел компании t2, меня зову Ольга. Меня слышно, да?; bot: Алло, слышно меня?; bot: Аааллооо.; bot: Что-то вас не слышно, я перезвоню.",26,200 OK,"hello_main, hello_null_1, hello_null_2, start_null_hangup"
5861195,недозвон,недозвон,,,0,480 Temporarily Unavailable,
5869523,недозвон,недозвон,,,0,486 Busy Here,
5873838,недозвон,недозвон,,,0,480 Temporarily Unavailable,
5885270,тишина,недозвон,,"bot: Добрый день! Корпоративный отдел компании t2, меня зову Ольга. Меня слышно, да?; bot: Алло, слышно меня?; bot: Аааллооо.; bot: Что-то вас не слышно, я перезвоню.",32,200 OK,"hello_main, hello_null_1, hello_null_2, start_null_hangup"
5885295,недозвон,недозвон,,,0,480 Temporarily Unavailable,
5885601,недозвон,недозвон,,,0,480 Temporarily Unavailable,
5889716,недозвон,недозвон,,,0,480 Temporarily Unavailable,
5895477,недозвон,недозвон,,,0,480 Temporarily Unavailable,
5899015,тишина,недозвон,,"bot: Добрый день! Меня зовут Ольга, корпоративный отдел компании t2. Вам удобно сейчас минуту уделить?; bot: Алло, слышно меня?; bot: Аааллооо.; bot: Что-то вас не слышно, я перезвоню.",26,200 OK,"hello_main, hello_null_1, hello_null_2, start_null_hangup"
5902852,недозвон,недозвон,,,0,480 Temporarily Unavailable,
5922089,недозвон,недозвон,,,0,480 Temporarily Unavailable,
5922491,тишина,недозвон,,"bot: Добрый день! Корпоративный отдел компании t2, меня зову Ольга. Меня слышно, да?; bot: Алло, слышно меня?; bot: Аааллооо.; bot: Что-то вас не слышно, я перезвоню.",26,200 OK,"hello_main, hello_null_1, hello_null_2, start_null_hangup"
5925422,недозвон,недозвон,,,0,480 Temporarily Unavailable,
5927787,сброс на приветствии,угроза оттока не определена,,"bot: Добрый день! Меня зовут Ольга, корпоративный отдел компании t2. Вам удобно сейчас минуту уделить?",8,200 OK,hello_main
5929754,недозвон,недозвон,,,0,480 Temporarily Unavailable,
5930148,недозвон,недозвон,,,0,480 Temporarily Unavailable,
5938430,недозвон,недозвон,,,0,480 Temporarily Unavailable,
5941318,тишина,недозвон,,"bot: Добрый день! Компания t2, меня зовут Ольга. Звоню по корпоративному договору, меня хорошо слышно?; bot: Алло, слышно меня?; bot: Аааллооо.; bot: Что-то вас не слышно, я перезвоню.",32,200 OK,"hello_main, hello_null_1, hello_null_2, start_null_hangup"
5944042,недозвон,недозвон,,,0,480 Temporarily Unavailable,
5946562,недозвон,недозвон,,,0,480 Temporarily Unavailable,
5959739,недозвон,недозвон,,,0,480 Temporarily Unavailable,
5959751,недозвон,недозвон,,,0,480 Temporarily Unavailable,
5960629,недозвон,недозвон,,,0,480 Temporarily Unavailable,
5970139,недозвон,недозвон,,,0,487 Request Terminated,
5974299,сброс на приветствии,угроза оттока не определена,,"bot: Добрый день! Компания t2, меня зовут Ольга. Звоню по корпоративному договору, меня хорошо слышно?",5,200 OK,hello_main
5980159,недозвон,недозвон,,,0,480 Temporarily Unavailable,
5983806,недозвон,недозвон,,,0,480 Temporarily Unavailable,
5996085,недозвон,недозвон,,,0,480 Temporarily Unavailable,
5997423,недозвон,недозвон,,,0,480 Temporarily Unavailable,
6000360,недозвон,недозвон,,,0,480 Temporarily Unavailable,
6004694,недозвон,недозвон,,,0,480 Temporarily Unavailable,
6030735,недозвон,недозвон,,,0,480 Temporarily Unavailable,
6032485,недозвон,недозвон,,,0,487 Request Terminated,
6033812,тишина,недозвон,,"bot: Добрый день! Это компания t2, корпоративный отдел, Ольга. Минуту уделите, пожалуйста?; bot: Алло, слышно меня?; bot: Аааллооо.; bot: Что-то вас не слышно, я перезвоню.",27,200 OK,"hello_main, hello_null_1, hello_null_2, start_null_hangup"
6046141,тишина,недозвон,,"bot: Добрый день! Компания t2, меня зовут Ольга. Звоню по корпоративному договору, меня хорошо слышно?; bot: Алло, слышно меня?; bot: Аааллооо.; bot: Что-то вас не слышно, я перезвоню.",27,200 OK,"hello_main, hello_null_1, hello_null_2, start_null_hangup"
6057773,сброс на приветствии,угроза оттока не определена,,"bot: Добрый день! Компания t2, меня зовут Ольга. Звоню по корпоративному договору, меня хорошо слышно?",6,200 OK,hello_main
6071283,недозвон,недозвон,,,0,480 Temporarily Unavailable,
6095951,тишина,недозвон,,"bot: Добрый день! Компания t2, меня зовут Ольга. Звоню по корпоративному договору, меня хорошо слышно?; bot: Алло, слышно меня?; bot: Аааллооо.; bot: Что-то вас не слышно, я перезвоню.",27,200 OK,"hello_main, hello_null_1, hello_null_2, start_null_hangup"
6109659,недозвон,недозвон,,,0,487 Request Terminated,
6145953,недозвон,недозвон,,,0,480 Temporarily Unavailable,
6148387,,недозвон,,,0,480 Temporarily Unavailable,
6165891,недозвон,недозвон,,,0,480 Temporarily Unavailable,
6168760,недозвон,недозвон,,,0,480 Temporarily Unavailable,
6181312,недозвон,недозвон,,,0,404 Not Found,
6203489,недозвон,недозвон,,,0,480 Temporarily Unavailable,
6214856,недозвон,недозвон,,,0,480 Temporarily Unavailable,
6235086,недозвон,недозвон,,,0,480 Temporarily Unavailable,
6235259,недозвон,недозвон,,,0,480 Temporarily Unavailable,
6235488,недозвон,недозвон,,,0,480 Temporarily Unavailable,
6242761,недозвон,недозвон,,,0,480 Temporarily Unavailable,
6277066,недозвон,недозвон,,,0,480 Temporarily Unavailable,
6278172,недозвон,недозвон,,,0,480 Temporarily Unavailable,
6305606,недозвон,недозвон,,,0,480 Temporarily Unavailable,
6344011,недозвон,недозвон,,,0,480 Temporarily Unavailable,
6353997,сброс на приветствии,угроза оттока не определена,,"bot: Добрый день! Компания t2, меня зовут Ольга. Звоню по корпоративному договору, меня хорошо слышно?",11,200 OK,hello_main
6354481,сброс на приветствии,угроза оттока не определена,,"bot: Добрый день! Меня зовут Ольга, корпоративный отдел компании t2. Вам удобно сейчас минуту уделить?",7,200 OK,hello_main
6355841,недозвон,недозвон,,,0,486 Busy Here,
6363954,недозвон,недозвон,,,0,480 Temporarily Unavailable,
6367721,недозвон,недозвон,,,0,480 Temporarily Unavailable,
6377016,тишина,недозвон,,"bot: Добрый день! Это компания t2, корпоративный отдел, Ольга. Минуту уделите, пожалуйста?; bot: Алло, слышно меня?; bot: Аааллооо.; bot: Что-то вас не слышно, я перезвоню.",29,200 OK,"hello_main, hello_null_1, hello_null_2, start_null_hangup"
6384300,недозвон,недозвон,,,0,486 Busy Here,
6384881,недозвон,недозвон,,,0,480 Temporarily Unavailable,
6385622,тишина,недозвон,,"bot: Добрый день! Это компания t2, корпоративный отдел, Ольга. Минуту уделите, пожалуйста?; bot: Алло, слышно меня?; bot: Аааллооо.; bot: Что-то вас не слышно, я перезвоню.",26,200 OK,"hello_main, hello_null_1, hello_null_2, start_null_hangup"
6385630,тишина,недозвон,,"bot: Добрый день! Это компания t2, корпоративный отдел, Ольга. Минуту уделите, пожалуйста?; bot: Алло, слышно меня?; bot: Аааллооо.; bot: Что-то вас не слышно, я перезвоню.",27,200 OK,"hello_main, hello_null_1, hello_null_2, start_null_hangup"
6388782,сброс на приветствии,угроза оттока не определена,,"bot: Добрый день! Это компания t2, корпоративный отдел, Ольга. Минуту уделите, пожалуйста?",11,200 OK,hello_main
6398462,недозвон,недозвон,,,0,480 Temporarily Unavailable,
6412111,сброс на приветствии,угроза оттока не определена,,"bot: Добрый день! Это компания t2, корпоративный отдел, Ольга. Минуту уделите, пожалуйста?",8,200 OK,hello_main
6425170,недозвон,недозвон,,,0,480 Temporarily Unavailable,
6427209,тишина,недозвон,,"bot: Добрый день! Это компания t2, корпоративный отдел, Ольга. Минуту уделите, пожалуйста?; bot: Алло, слышно меня?; bot: Аааллооо.; bot: Что-то вас не слышно, я перезвоню.",29,200 OK,"hello_main, hello_null_1, hello_null_2, start_null_hangup"
6430966,тишина,недозвон,,"bot: Добрый день! Это компания t2, корпоративный отдел, Ольга. Минуту уделите, пожалуйста?; bot: Алло, слышно меня?; bot: Аааллооо.; bot: Что-то вас не слышно, я перезвоню.",26,200 OK,"hello_main, hello_null_1, hello_null_2, start_null_hangup"
6433352,недозвон,недозвон,,,0,480 Temporarily Unavailable,
6451135,тишина,недозвон,,"bot: Добрый день! Меня зовут Ольга, корпоративный отдел компании t2. Вам удобно сейчас минуту уделить?; bot: Алло, слышно меня?",17,200 OK,"hello_main, hello_null_1"
6454315,тишина,недозвон,,"bot: Добрый день! Корпоративный отдел компании t2, меня зову Ольга. Меня слышно, да?; bot: Алло, слышно меня?; bot: Аааллооо.; bot: Что-то вас не слышно, я перезвоню.",26,200 OK,"hello_main, hello_null_1, hello_null_2, start_null_hangup"
6455410,недозвон,недозвон,,,0,480 Temporarily Unavailable,
6455654,тишина,недозвон,,"bot: Добрый день! Меня зовут Ольга, корпоративный отдел компании t2. Вам удобно сейчас минуту уделить?; bot: Алло, слышно меня?; bot: Аааллооо.; bot: Что-то вас не слышно, я перезвоню.",29,200 OK,"hello_main, hello_null_1, hello_null_2, start_null_hangup"
6468111,тишина,недозвон,,"bot: Добрый день! Корпоративный отдел компании t2, меня зову Ольга. Меня слышно, да?; bot: Алло, слышно меня?; bot: Аааллооо.; bot: Что-то вас не слышно, я перезвоню.",25,200 OK,"hello_main, hello_null_1, hello_null_2, start_null_hangup"
6494380,недозвон,недозвон,,,0,480 Temporarily Unavailable,
6496703,недозвон,недозвон,,,0,480 Temporarily Unavailable,
6500319,недозвон,недозвон,,,0,480 Temporarily Unavailable,
6502968,сброс на приветствии,угроза оттока не определена,,"bot: Добрый день! Меня зовут Ольга, корпоративный отдел компании t2. Вам удобно сейчас минуту уделить?",8,200 OK,hello_main
6514157,недозвон,недозвон,,,0,487 Request Terminated,
6521088,недозвон,недозвон,,,0,487 Request Terminated,
6528607,недозвон,недозвон,,,0,480 Temporarily Unavailable,
6530297,тишина,недозвон,,"bot: Добрый день! Меня зовут Ольга, корпоративный отдел компании t2. Вам удобно сейчас минуту уделить?; bot: Алло, слышно меня?; bot: Аааллооо.; bot: Что-то вас не слышно, я перезвоню.",27,200 OK,"hello_main, hello_null_1, hello_null_2, start_null_hangup"
6531565,недозвон,недозвон,,,0,480 Temporarily Unavailable,
6531646,недозвон,недозвон,,,0,487 Request Terminated,
6537974,недозвон,недозвон,,,0,487 Request Terminated,
6538964,недозвон,недозвон,,,0,480 Temporarily Unavailable,
6540780,недозвон,недозвон,,,0,487 Request Terminated,
6540881,недозвон,недозвон,,,0,487 Request Terminated,
6548372,недозвон,недозвон,,,0,480 Temporarily Unavailable,
6550804,сброс на приветствии,угроза оттока не определена,,"bot: Добрый день! Меня зовут Ольга, корпоративный отдел компании t2. Вам удобно сейчас минуту уделить?",11,200 OK,hello_main
6551214,недозвон,недозвон,,,0,480 Temporarily Unavailable,
6551546,сброс на приветствии,угроза оттока не определена,,"bot: Добрый день! Это компания t2, корпоративный отдел, Ольга. Минуту уделите, пожалуйста?",8,200 OK,hello_main
6552332,тишина,недозвон,,"bot: Добрый день! Это компания t2, корпоративный отдел, Ольга. Минуту уделите, пожалуйста?; bot: Алло, слышно меня?; bot: Аааллооо.; bot: Что-то вас не слышно, я перезвоню.",27,200 OK,"hello_main, hello_null_1, hello_null_2, start_null_hangup"
6569361,недозвон,недозвон,,,0,480 Temporarily Unavailable,
6571867,тишина,недозвон,,"bot: Добрый день! Это компания t2, корпоративный отдел, Ольга. Минуту уделите, пожалуйста?; bot: Алло, слышно меня?; bot: Аааллооо.; bot: Что-то вас не слышно, я перезвоню.",26,200 OK,"hello_main, hello_null_1, hello_null_2, start_null_hangup"
6574673,недозвон,недозвон,,,0,480 Temporarily Unavailable,
6574938,сброс на приветствии,угроза оттока не определена,,"bot: Добрый день! Корпоративный отдел компании t2, меня зову Ольга. Меня слышно, да?",6,200 OK,hello_main
6578684,тишина,недозвон,,"bot: Добрый день! Меня зовут Ольга, корпоративный отдел компании t2. Вам удобно сейчас минуту уделить?; bot: Алло, слышно меня?; bot: Аааллооо.; bot: Что-то вас не слышно, я перезвоню.",32,200 OK,"hello_main, hello_null_1, hello_null_2, start_null_hangup"
6583873,недозвон,недозвон,,,0,480 Temporarily Unavailable,
6584130,недозвон,недозвон,,,0,480 Temporarily Unavailable,
6585001,недозвон,недозвон,,,0,480 Temporarily Unavailable,
6585024,недозвон,недозвон,,,0,486 Busy Here,
6585188,недозвон,недозвон,,,0,486 Busy Here,
6585418,недозвон,недозвон,,,0,487 Request Terminated,
6585419,недозвон,недозвон,,,0,480 Temporarily Unavailable,
6585731,недозвон,недозвон,,,0,487 Request Terminated,
6591366,,недозвон,,,0,480 Temporarily Unavailable,
6596978,недозвон,недозвон,,,0,480 Temporarily Unavailable,
6599096,тишина,недозвон,,"bot: Добрый день! Меня зовут Ольга, корпоративный отдел компании t2. Вам удобно сейчас минуту уделить?; bot: Алло, слышно меня?; bot: Аааллооо.; bot: Что-то вас не слышно, я перезвоню.",26,200 OK,"hello_main, hello_null_1, hello_null_2, start_null_hangup"
6601906,недозвон,недозвон,,,0,486 Busy Here,
6613305,недозвон,недозвон,,,0,480 Temporarily Unavailable,
6614817,недозвон,недозвон,,,0,480 Temporarily Unavailable,
6615472,тишина,недозвон,,"bot: Добрый день! Меня зовут Ольга, корпоративный отдел компании t2. Вам удобно сейчас минуту уделить?; bot: Алло, слышно меня?; bot: Аааллооо.; bot: Что-то вас не слышно, я перезвоню.",26,200 OK,"hello_main, hello_null_1, hello_null_2, start_null_hangup"
6615480,сброс на приветствии,угроза оттока не определена,,"bot: Добрый день! Меня зовут Ольга, корпоративный отдел компании t2. Вам удобно сейчас минуту уделить?",6,200 OK,hello_main
6627067,недозвон,недозвон,,,0,480 Temporarily Unavailable,
6628020,недозвон,недозвон,,,0,480 Temporarily Unavailable,
6644429,недозвон,недозвон,,,0,487 Request Terminated,
6646039,недозвон,недозвон,,,0,486 Busy Here,
6649891,недозвон,недозвон,,,0,480 Temporarily Unavailable,
6650244,недозвон,недозвон,,,0,486 Busy Here,
6652831,недозвон,недозвон,,,0,480 Temporarily Unavailable,
6654816,недозвон,недозвон,,,0,480 Temporarily Unavailable,
6664862,недозвон,недозвон,,,0,480 Temporarily Unavailable,
6668066,сброс на приветствии,угроза оттока не определена,,"bot: Добрый день! Корпоративный отдел компании t2, меня зову Ольга. Меня слышно, да?",6,200 OK,hello_main
6669661,недозвон,недозвон,,,0,486 Busy Here,
6670207,недозвон,недозвон,,,0,404 Not Found,
6670250,недозвон,недозвон,,,0,480 Temporarily Unavailable,
6671459,сброс на приветствии,угроза оттока не определена,,"bot: Добрый день! Корпоративный отдел компании t2, меня зову Ольга. Меня слышно, да?",8,200 OK,hello_main
6673745,тишина,недозвон,,"bot: Добрый день! Компания t2, меня зовут Ольга. Звоню по корпоративному договору, меня хорошо слышно?; bot: Алло, слышно меня?; bot: Аааллооо.; bot: Что-то вас не слышно, я перезвоню.",28,200 OK,"hello_main, hello_null_1, hello_null_2, start_null_hangup"
6675816,недозвон,недозвон,,,0,480 Temporarily Unavailable,
6676212,недозвон,недозвон,,,0,480 Temporarily Unavailable,
6677627,недозвон,недозвон,,,0,480 Temporarily Unavailable,
6681575,сброс на приветствии,угроза оттока не определена,,"bot: Добрый день! Компания t2, меня зовут Ольга. Звоню по корпоративному договору, меня хорошо слышно?",5,200 OK,hello_main
6682025,недозвон,недозвон,,,0,480 Temporarily Unavailable,
6682533,недозвон,недозвон,,,0,480 Temporarily Unavailable,
6692588,недозвон,недозвон,,,0,480 Temporarily Unavailable,
6693766,недозвон,недозвон,,,0,480 Temporarily Unavailable,
6695169,сброс на приветствии,угроза оттока не определена,,"bot: Добрый день! Меня зовут Ольга, корпоративный отдел компании t2. Вам удобно сейчас минуту уделить?",5,200 OK,hello_main
6695358,недозвон,недозвон,,,0,480 Temporarily Unavailable,
6699736,недозвон,недозвон,,,0,486 Busy Here,
6700942,недозвон,недозвон,,,0,486 Busy Here,
6701006,недозвон,недозвон,,,0,480 Temporarily Unavailable,
6701080,недозвон,недозвон,,,0,480 Temporarily Unavailable,
6704941,тишина,недозвон,,"bot: Добрый день! Это компания t2, корпоративный отдел, Ольга. Минуту уделите, пожалуйста?; bot: Алло, слышно меня?; bot: Аааллооо.; bot: Что-то вас не слышно, я перезвоню.",27,200 OK,"hello_main, hello_null_1, hello_null_2, start_null_hangup"
6715763,тишина,недозвон,,"bot: Добрый день! Это компания t2, корпоративный отдел, Ольга. Минуту уделите, пожалуйста?; bot: Алло, слышно меня?; bot: Аааллооо.; bot: Что-то вас не слышно, я перезвоню.",26,200 OK,"hello_main, hello_null_1, hello_null_2, start_null_hangup"
6716486,тишина,недозвон,,"bot: Добрый день! Компания t2, меня зовут Ольга. Звоню по корпоративному договору, меня хорошо слышно?; bot: Алло, слышно меня?; bot: Аааллооо.; bot: Что-то вас не слышно, я перезвоню.",33,200 OK,"hello_main, hello_null_1, hello_null_2, start_null_hangup"
6721327,недозвон,недозвон,,,0,486 Busy Here,
6722195,недозвон,недозвон,,,0,480 Temporarily Unavailable,
6724882,тишина,недозвон,,"bot: Добрый день! Компания t2, меня зовут Ольга. Звоню по корпоративному договору, меня хорошо слышно?; bot: Алло, слышно меня?; bot: Аааллооо.",19,200 OK,"hello_main, hello_null_1"
6726194,недозвон,недозвон,,,0,480 Temporarily Unavailable,
6736809,сброс на приветствии,угроза оттока не определена,,,8,200 OK,
6741100,сброс на приветствии,угроза оттока не определена,,"bot: Добрый день! Компания t2, меня зовут Ольга. Звоню по корпоративному договору, меня хорошо слышно?",7,200 OK,hello_main
6744420,тишина,недозвон,,"bot: Добрый день! Компания t2, меня зовут Ольга. Звоню по корпоративному договору, меня хорошо слышно?; bot: Алло, слышно меня?; bot: Аааллооо.; bot: Что-то вас не слышно, я перезвоню.",27,200 OK,"hello_main, hello_null_1, hello_null_2, start_null_hangup"
6766420,недозвон,недозвон,,,0,480 Temporarily Unavailable,
6766421,недозвон,недозвон,,,0,480 Temporarily Unavailable,
6771233,недозвон,недозвон,,,0,480 Temporarily Unavailable,
6772489,недозвон,недозвон,,,0,480 Temporarily Unavailable,
6773036,тишина,недозвон,,"bot: Добрый день! Меня зовут Ольга, корпоративный отдел компании t2. Вам удобно сейчас минуту уделить?; bot: Алло, слышно меня?; bot: Аааллооо.; bot: Что-то вас не слышно, я перезвоню.",26,200 OK,"hello_main, hello_null_1, hello_null_2, start_null_hangup"
6775282,недозвон,недозвон,,,0,480 Temporarily Unavailable,
6775664,сброс на приветствии,угроза оттока не определена,,"bot: Добрый день! Меня зовут Ольга, корпоративный отдел компании t2. Вам удобно сейчас минуту уделить?",8,200 OK,hello_main
6778054,недозвон,недозвон,,,0,480 Temporarily Unavailable,
6778816,недозвон,недозвон,,,0,404 Not Found,
6778906,тишина,недозвон,,"bot: Добрый день! Это компания t2, корпоративный отдел, Ольга. Минуту уделите, пожалуйста?; bot: Алло, слышно меня?; bot: Аааллооо.; bot: Что-то вас не слышно, я перезвоню.",31,200 OK,"hello_main, hello_null_1, hello_null_2, start_null_hangup"
6792166,недозвон,недозвон,,,0,480 Temporarily Unavailable,
6797176,сброс на приветствии,угроза оттока не определена,,"bot: Добрый день! Это компания t2, корпоративный отдел, Ольга. Минуту уделите, пожалуйста?",8,200 OK,hello_main
6815240,недозвон,недозвон,,,0,480 Temporarily Unavailable,
6820092,тишина,недозвон,,"bot: Добрый день! Компания t2, меня зовут Ольга. Звоню по корпоративному договору, меня хорошо слышно?; bot: Алло, слышно меня?; bot: Аааллооо.; bot: Что-то вас не слышно, я перезвоню.",27,200 OK,"hello_main, hello_null_1, hello_null_2, start_null_hangup"
6821436,недозвон,недозвон,,,0,480 Temporarily Unavailable,
6830891,недозвон,недозвон,,,0,480 Temporarily Unavailable,
6831907,недозвон,недозвон,,,0,480 Temporarily Unavailable,
6841248,недозвон,недозвон,,,0,480 Temporarily Unavailable,
6864829,недозвон,недозвон,,,0,486 Busy Here,
6867459,недозвон,недозвон,,,0,480 Temporarily Unavailable,
6870340,тишина,недозвон,,"bot: Добрый день! Корпоративный отдел компании t2, меня зову Ольга. Меня слышно, да?; bot: Алло, слышно меня?; bot: Аааллооо.; bot: Что-то вас не слышно, я перезвоню.",25,200 OK,"hello_main, hello_null_1, hello_null_2, start_null_hangup"
6872651,недозвон,недозвон,,,0,480 Temporarily Unavailable,
6874874,сброс на приветствии,угроза оттока не определена,,"bot: Добрый день! Это компания t2, корпоративный отдел, Ольга. Минуту уделите, пожалуйста?",6,200 OK,hello_main
6874941,тишина,недозвон,,"bot: Добрый день! Это компания t2, корпоративный отдел, Ольга. Минуту уделите, пожалуйста?; bot: Алло, слышно меня?; bot: Аааллооо.; bot: Что-то вас не слышно, я перезвоню.",28,200 OK,"hello_main, hello_null_1, hello_null_2, start_null_hangup"
6875179,недозвон,недозвон,,,0,404 Not Found,
6886326,недозвон,недозвон,,,0,480 Temporarily Unavailable,
6894384,недозвон,недозвон,,,0,480 Temporarily Unavailable,
6905322,сброс на приветствии,угроза оттока не определена,,"bot: Добрый день! Это компания t2, корпоративный отдел, Ольга. Минуту уделите, пожалуйста?",12,200 OK,hello_main
6907158,тишина,недозвон,,"bot: Добрый день! Корпоративный отдел компании t2, меня зову Ольга. Меня слышно, да?; bot: Алло, слышно меня?; bot: Аааллооо.; bot: Что-то вас не слышно, я перезвоню.",25,200 OK,"hello_main, hello_null_1, hello_null_2, start_null_hangup"
6925028,недозвон,недозвон,,,0,480 Temporarily Unavailable,
6942978,тишина,недозвон,,"bot: Добрый день! Корпоративный отдел компании t2, меня зову Ольга. Меня слышно, да?; bot: Алло, слышно меня?; bot: Аааллооо.; bot: Что-то вас не слышно, я перезвоню.",28,200 OK,"hello_main, hello_null_1, hello_null_2, start_null_hangup"
6944139,недозвон,недозвон,,,0,480 Temporarily Unavailable,
6945527,недозвон,недозвон,,,0,487 Request Terminated,
6950829,недозвон,недозвон,,,0,404 Not Found,
6952279,недозвон,недозвон,,,0,480 Temporarily Unavailable,
6956252,сброс на приветствии,угроза оттока не определена,,"bot: Добрый день! Компания t2, меня зовут Ольга. Звоню по корпоративному договору, меня хорошо слышно?",7,200 OK,hello_main
6956658,недозвон,недозвон,,,0,480 Temporarily Unavailable,
6957936,недозвон,недозвон,,,0,486 Busy Here,
6980919,тишина,недозвон,,"bot: Добрый день! Это компания t2, корпоративный отдел, Ольга. Минуту уделите, пожалуйста?; bot: Алло, слышно меня?; bot: Аааллооо.; bot: Что-то вас не слышно, я перезвоню.",36,200 OK,"hello_main, hello_null_1, hello_null_2, start_null_hangup"
7012353,недозвон,недозвон,,,0,486 Busy Here,
7020676,недозвон,недозвон,,,0,480 Temporarily Unavailable,
7023409,тишина,недозвон,,"bot: Добрый день! Корпоративный отдел компании t2, меня зову Ольга. Меня слышно, да?; bot: Алло, слышно меня?; bot: Аааллооо.; bot: Что-то вас не слышно, я перезвоню.",29,200 OK,"hello_main, hello_null_1, hello_null_2, start_null_hangup"
7024567,недозвон,недозвон,,,0,480 Temporarily Unavailable,
7026598,недозвон,недозвон,,,0,480 Temporarily Unavailable,
7027000,недозвон,недозвон,,,0,487 Request Terminated,
7037062,недозвон,недозвон,,,0,404 Not Found,
7047740,тишина,недозвон,,"bot: Добрый день! Корпоративный отдел компании t2, меня зову Ольга. Меня слышно, да?; bot: Алло, слышно меня?; bot: Аааллооо.; bot: Что-то вас не слышно, я перезвоню.",29,200 OK,"hello_main, hello_null_1, hello_null_2, start_null_hangup"
7050193,тишина,недозвон,,"bot: Добрый день! Меня зовут Ольга, корпоративный отдел компании t2. Вам удобно сейчас минуту уделить?; bot: Алло, слышно меня?; bot: Аааллооо.; bot: Что-то вас не слышно, я перезвоню.",28,200 OK,"hello_main, hello_null_1, hello_null_2, start_null_hangup"
7093066,недозвон,недозвон,,,0,486 Busy Here,
7097436,недозвон,недозвон,,,0,480 Temporarily Unavailable,
7097845,тишина,недозвон,,"bot: Добрый день! Меня зовут Ольга, корпоративный отдел компании t2. Вам удобно сейчас минуту уделить?; bot: Алло, слышно меня?",15,200 OK,"hello_main, hello_null_1"
7104425,тишина,недозвон,,"bot: Добрый день! Меня зовут Ольга, корпоративный отдел компании t2. Вам удобно сейчас минуту уделить?; bot: Алло, слышно меня?; bot: Аааллооо.; bot: Что-то вас не слышно, я перезвоню.",29,200 OK,"hello_main, hello_null_1, hello_null_2, start_null_hangup"
7110262,тишина,недозвон,,"bot: Добрый день! Корпоративный отдел компании t2, меня зову Ольга. Меня слышно, да?; bot: Алло, слышно меня?; bot: Аааллооо.; bot: Что-то вас не слышно, я перезвоню.",25,200 OK,"hello_main, hello_null_1, hello_null_2, start_null_hangup"
7122365,недозвон,недозвон,,,0,480 Temporarily Unavailable,
7165257,сброс на приветствии,угроза оттока не определена,,"bot: Добрый день! Меня зовут Ольга, корпоративный отдел компании t2. Вам удобно сейчас минуту уделить?",6,200 OK,hello_main
7171720,недозвон,недозвон,,,0,480 Temporarily Unavailable,
7175164,недозвон,недозвон,,,0,480 Temporarily Unavailable,
7195043,недозвон,недозвон,,,0,480 Temporarily Unavailable,
7196350,тишина,недозвон,,"bot: Добрый день! Меня зовут Ольга, корпоративный отдел компании t2. Вам удобно сейчас минуту уделить?; bot: Алло, слышно меня?; bot: Аааллооо.; bot: Что-то вас не слышно, я перезвоню.",28,200 OK,"hello_main, hello_null_1, hello_null_2, start_null_hangup"
7205278,недозвон,недозвон,,,0,404 Not Found,
7207779,недозвон,недозвон,,,0,480 Temporarily Unavailable,
7232480,недозвон,недозвон,,,0,480 Temporarily Unavailable,
7237926,недозвон,недозвон,,,0,480 Temporarily Unavailable,
7239860,недозвон,недозвон,,,0,480 Temporarily Unavailable,
7244334,недозвон,недозвон,,,0,486 Busy Here,
7267722,сброс на приветствии,угроза оттока не определена,,"bot: Добрый день! Это компания t2, корпоративный отдел, Ольга. Минуту уделите, пожалуйста?",8,200 OK,hello_main
7268175,недозвон,недозвон,,,0,487 Request Terminated,
7278921,тишина,недозвон,,"bot: Добрый день! Компания t2, меня зовут Ольга. Звоню по корпоративному договору, меня хорошо слышно?; bot: Алло, слышно меня?; bot: Аааллооо.; bot: Что-то вас не слышно, я перезвоню.",28,200 OK,"hello_main, hello_null_1, hello_null_2, start_null_hangup"
7291089,недозвон,недозвон,,,0,480 Temporarily Unavailable,
7299584,недозвон,недозвон,,,0,480 Temporarily Unavailable,
7301475,недозвон,недозвон,,,0,480 Temporarily Unavailable,
7301502,тишина,недозвон,,"bot: Добрый день! Компания t2, меня зовут Ольга. Звоню по корпоративному договору, меня хорошо слышно?; bot: Алло, слышно меня?; bot: Аааллооо.; bot: Что-то вас не слышно, я перезвоню.",35,200 OK,"hello_main, hello_null_1, hello_null_2, start_null_hangup"
7305871,недозвон,недозвон,,,0,480 Temporarily Unavailable,
7313189,тишина,недозвон,,"bot: Добрый день! Меня зовут Ольга, корпоративный отдел компании t2. Вам удобно сейчас минуту уделить?; bot: Алло, слышно меня?; bot: Аааллооо.; bot: Что-то вас не слышно, я перезвоню.",35,200 OK,"hello_main, hello_null_1, hello_null_2, start_null_hangup"
7324546,недозвон,недозвон,,,0,480 Temporarily Unavailable,
7358351,недозвон,недозвон,,,0,486 Busy Here,
7362313,недозвон,недозвон,,,0,480 Temporarily Unavailable,
7375976,недозвон,недозвон,,,0,480 Temporarily Unavailable,
7377425,недозвон,недозвон,,,0,480 Temporarily Unavailable,
7380567,тишина,недозвон,,"bot: Добрый день! Это компания t2, корпоративный отдел, Ольга. Минуту уделите, пожалуйста?; bot: Алло, слышно меня?; bot: Аааллооо.; bot: Что-то вас не слышно, я перезвоню.",27,200 OK,"hello_main, hello_null_1, hello_null_2, start_null_hangup"
7381219,недозвон,недозвон,,,0,480 Temporarily Unavailable,
7390992,тишина,недозвон,,"bot: Добрый день! Это компания t2, корпоративный отдел, Ольга. Минуту уделите, пожалуйста?; bot: Алло, слышно меня?; bot: Аааллооо.; bot: Что-то вас не слышно, я перезвоню.",27,200 OK,"hello_main, hello_null_1, hello_null_2, start_null_hangup"
7400714,недозвон,недозвон,,,0,480 Temporarily Unavailable,
7405463,тишина,недозвон,,"bot: Добрый день! Меня зовут Ольга, корпоративный отдел компании t2. Вам удобно сейчас минуту уделить?; bot: Алло, слышно меня?; bot: Аааллооо.; bot: Что-то вас не слышно, я перезвоню.",28,200 OK,"hello_main, hello_null_1, hello_null_2, start_null_hangup"
7406290,недозвон,недозвон,,,0,480 Temporarily Unavailable,
7415409,сброс на приветствии,угроза оттока не определена,,"bot: Добрый день! Корпоративный отдел компании t2, меня зову Ольга. Меня слышно, да?",6,200 OK,hello_main
7441821,недозвон,недозвон,,,0,480 Temporarily Unavailable,
7441995,недозвон,недозвон,,,0,480 Temporarily Unavailable,
7448166,недозвон,недозвон,,,0,404 Not Found,
7453004,недозвон,недозвон,,,0,480 Temporarily Unavailable,
7460544,недозвон,недозвон,,,0,404 Not Found,
7465410,недозвон,недозвон,,,0,480 Temporarily Unavailable,
7467462,недозвон,недозвон,,,0,486 Busy Here,
7467693,тишина,недозвон,,"bot: Добрый день! Это компания t2, корпоративный отдел, Ольга. Минуту уделите, пожалуйста?; bot: Алло, слышно меня?; bot: Аааллооо.; bot: Что-то вас не слышно, я перезвоню.",30,200 OK,"hello_main, hello_null_1, hello_null_2, start_null_hangup"
7470732,недозвон,недозвон,,,0,480 Temporarily Unavailable,
7471451,недозвон,недозвон,,,0,480 Temporarily Unavailable,
7475092,тишина,недозвон,,"bot: Добрый день! Это компания t2, корпоративный отдел, Ольга. Минуту уделите, пожалуйста?; bot: Алло, слышно меня?; bot: Аааллооо.; bot: Что-то вас не слышно, я перезвоню.",26,200 OK,"hello_main, hello_null_1, hello_null_2, start_null_hangup"
7478770,недозвон,недозвон,,,0,480 Temporarily Unavailable,
7479236,недозвон,недозвон,,,0,487 Request Terminated,
7493185,недозвон,недозвон,,,0,480 Temporarily Unavailable,
7503485,недозвон,недозвон,,,0,480 Temporarily Unavailable,
7504075,недозвон,недозвон,,,0,480 Temporarily Unavailable,
7505878,недозвон,недозвон,,,0,487 Request Terminated,
7506197,недозвон,недозвон,,,0,480 Temporarily Unavailable,
7509793,тишина,недозвон,,"bot: Добрый день! Корпоративный отдел компании t2, меня зову Ольга. Меня слышно, да?; bot: Алло, слышно меня?; bot: Аааллооо.; bot: Что-то вас не слышно, я перезвоню.",26,200 OK,"hello_main, hello_null_1, hello_null_2, start_null_hangup"
7513657,тишина,недозвон,,"bot: Добрый день! Компания t2, меня зовут Ольга. Звоню по корпоративному договору, меня хорошо слышно?; bot: Алло, слышно меня?; bot: Аааллооо.; bot: Что-то вас не слышно, я перезвоню.",26,200 OK,"hello_main, hello_null_1, hello_null_2, start_null_hangup"
7524792,сброс на приветствии,угроза оттока не определена,,"bot: Добрый день! Это компания t2, корпоративный отдел, Ольга. Минуту уделите, пожалуйста?",4,200 OK,hello_main
7527733,недозвон,недозвон,,,0,480 Temporarily Unavailable,
7537033,недозвон,недозвон,,,0,487 Request Terminated,
7538789,недозвон,недозвон,,,0,480 Temporarily Unavailable,
7548844,недозвон,недозвон,,,0,480 Temporarily Unavailable,
7555990,сброс на приветствии,угроза оттока не определена,,"bot: Добрый день! Компания t2, меня зовут Ольга. Звоню по корпоративному договору, меня хорошо слышно?",6,200 OK,hello_main
7556720,недозвон,недозвон,,,0,404 Not Found,
7558121,недозвон,недозвон,,,0,486 Busy Here,
7595389,тишина,недозвон,,"bot: Добрый день! Это компания t2, корпоративный отдел, Ольга. Минуту уделите, пожалуйста?; bot: Алло, слышно меня?; bot: Аааллооо.; bot: Что-то вас не слышно, я перезвоню.",25,200 OK,"hello_main, hello_null_1, hello_null_2, start_null_hangup"
7596026,недозвон,недозвон,,,0,404 Not Found,
7606642,недозвон,недозвон,,,0,480 Temporarily Unavailable,
7610902,сброс на приветствии,угроза оттока не определена,,,0,200 OK,
7611134,тишина,недозвон,,"bot: Добрый день! Меня зовут Ольга, корпоративный отдел компании t2. Вам удобно сейчас минуту уделить?; bot: Алло, слышно меня?; bot: Аааллооо.; bot: Что-то вас не слышно, я перезвоню.",27,200 OK,"hello_main, hello_null_1, hello_null_2, start_null_hangup"
7620741,недозвон,недозвон,,,0,487 Request Terminated,
7626172,недозвон,недозвон,,,0,480 Temporarily Unavailable,
7663547,тишина,недозвон,,"bot: Добрый день! Компания t2, меня зовут Ольга. Звоню по корпоративному договору, меня хорошо слышно?; bot: Алло, слышно меня?; bot: Аааллооо.; bot: Что-то вас не слышно, я перезвоню.",27,200 OK,"hello_main, hello_null_1, hello_null_2, start_null_hangup"
7675991,тишина,недозвон,,"bot: Добрый день! Меня зовут Ольга, корпоративный отдел компании t2. Вам удобно сейчас минуту уделить?; bot: Алло, слышно меня?; bot: Аааллооо.; bot: Что-то вас не слышно, я перезвоню.",31,200 OK,"hello_main, hello_null_1, hello_null_2, start_null_hangup"
7682335,тишина,недозвон,,"bot: Добрый день! Это компания t2, корпоративный отдел, Ольга. Минуту уделите, пожалуйста?; bot: Алло, слышно меня?; bot: Аааллооо.; bot: Что-то вас не слышно, я перезвоню.",26,200 OK,"hello_main, hello_null_1, hello_null_2, start_null_hangup"
7691104,тишина,недозвон,,"bot: Добрый день! Меня зовут Ольга, корпоративный отдел компании t2. Вам удобно сейчас минуту уделить?; bot: Алло, слышно меня?; bot: Аааллооо.; bot: Что-то вас не слышно, я перезвоню.",26,200 OK,"hello_main, hello_null_1, hello_null_2, start_null_hangup"
7692288,сброс на приветствии,угроза оттока не определена,,"bot: Добрый день! Меня зовут Ольга, корпоративный отдел компании t2. Вам удобно сейчас минуту уделить?",2,200 OK,hello_main
7706035,недозвон,недозвон,,,0,480 Temporarily Unavailable,
7720482,недозвон,недозвон,,,0,487 Request Terminated,
7720608,недозвон,недозвон,,,0,480 Temporarily Unavailable,
7722351,сброс на приветствии,угроза оттока не определена,,"bot: Добрый день! Меня зовут Ольга, корпоративный отдел компании t2. Вам удобно сейчас минуту уделить?",7,200 OK,hello_main
7723790,недозвон,недозвон,,,0,487 Request Terminated,
7733576,недозвон,недозвон,,,0,486 Busy Here,
7733659,тишина,недозвон,,"bot: Добрый день! Компания t2, меня зовут Ольга. Звоню по корпоративному договору, меня хорошо слышно?; bot: Алло, слышно меня?; bot: Аааллооо.; bot: Что-то вас не слышно, я перезвоню.",26,200 OK,"hello_main, hello_null_1, hello_null_2, start_null_hangup"
7734287,недозвон,недозвон,,,0,480 Temporarily Unavailable,
7743999,недозвон,недозвон,,,0,480 Temporarily Unavailable,
7744140,недозвон,недозвон,,,0,480 Temporarily Unavailable,
7745521,недозвон,недозвон,,,0,480 Temporarily Unavailable,
7749526,недозвон,недозвон,,,0,480 Temporarily Unavailable,
7750475,недозвон,недозвон,,,0,480 Temporarily Unavailable,
7766402,недозвон,недозвон,,,0,480 Temporarily Unavailable,
7769392,тишина,недозвон,,"bot: Добрый день! Компания t2, меня зовут Ольга. Звоню по корпоративному договору, меня хорошо слышно?; bot: Алло, слышно меня?; bot: Аааллооо.; bot: Что-то вас не слышно, я перезвоню.",29,200 OK,"hello_main, hello_null_1, hello_null_2, start_null_hangup"
7772763,тишина,недозвон,,"bot: Добрый день! Компания t2, меня зовут Ольга. Звоню по корпоративному договору, меня хорошо слышно?; bot: Алло, слышно меня?; bot: Аааллооо.; bot: Что-то вас не слышно, я перезвоню.",27,200 OK,"hello_main, hello_null_1, hello_null_2, start_null_hangup"
7773781,недозвон,недозвон,,,0,480 Temporarily Unavailable,
7779128,тишина,недозвон,,"bot: Добрый день! Корпоративный отдел компании t2, меня зову Ольга. Меня слышно, да?; bot: Алло, слышно меня?; bot: Аааллооо.; bot: Что-то вас не слышно, я перезвоню.",25,200 OK,"hello_main, hello_null_1, hello_null_2, start_null_hangup"
7780722,недозвон,недозвон,,,0,480 Temporarily Unavailable,
7782106,недозвон,недозвон,,,0,480 Temporarily Unavailable,
7785560,недозвон,недозвон,,,0,487 Request Terminated,
7785574,,недозвон,,,0,486 Busy Here,
7791282,недозвон,недозвон,,,0,480 Temporarily Unavailable,
7793829,недозвон,недозвон,,,0,486 Busy Here,
7794256,недозвон,недозвон,,,0,480 Temporarily Unavailable,
7804388,тишина,недозвон,,"bot: Добрый день! Корпоративный отдел компании t2, меня зову Ольга. Меня слышно, да?; bot: Алло, слышно меня?; bot: Аааллооо.; bot: Что-то вас не слышно, я перезвоню.",26,200 OK,"hello_main, hello_null_1, hello_null_2, start_null_hangup"
7809791,недозвон,недозвон,,,0,480 Temporarily Unavailable,
7811933,недозвон,недозвон,,,0,486 Busy Here,
7813242,недозвон,недозвон,,,0,486 Busy Here,
7818908,недозвон,недозвон,,,0,480 Temporarily Unavailable,
7820236,недозвон,недозвон,,,0,486 Busy Here,
7828277,недозвон,недозвон,,,0,480 Temporarily Unavailable,
7828397,тишина,недозвон,,"bot: Добрый день! Корпоративный отдел компании t2, меня зову Ольга. Меня слышно, да?; bot: Алло, слышно меня?; bot: Аааллооо.; bot: Что-то вас не слышно, я перезвоню.",25,200 OK,"hello_main, hello_null_1, hello_null_2, start_null_hangup"
7850705,недозвон,недозвон,,,0,480 Temporarily Unavailable,
7850856,тишина,недозвон,,"bot: Добрый день! Меня зовут Ольга, корпоративный отдел компании t2. Вам удобно сейчас минуту уделить?; bot: Алло, слышно меня?; bot: Аааллооо.; bot: Что-то вас не слышно, я перезвоню.",29,200 OK,"hello_main, hello_null_1, hello_null_2, start_null_hangup"
7850858,недозвон,недозвон,,,0,404 Not Found,
7851263,недозвон,недозвон,,,0,480 Temporarily Unavailable,
7852285,недозвон,недозвон,,,0,480 Temporarily Unavailable,
7854891,сброс на приветствии,угроза оттока не определена,,,1,200 OK,
7855303,недозвон,недозвон,,,0,480 Temporarily Unavailable,
7857769,недозвон,недозвон,,,0,480 Temporarily Unavailable,
7858064,недозвон,недозвон,,,0,480 Temporarily Unavailable,
7860425,недозвон,недозвон,,,0,480 Temporarily Unavailable,
7860540,недозвон,недозвон,,,0,487 Request Terminated,
7864726,сброс на приветствии,угроза оттока не определена,,"bot: Добрый день! Меня зовут Ольга, корпоративный отдел компании t2. Вам удобно сейчас минуту уделить?",6,200 OK,hello_main
7870977,тишина,недозвон,,"bot: Добрый день! Это компания t2, корпоративный отдел, Ольга. Минуту уделите, пожалуйста?; bot: Алло, слышно меня?; bot: Аааллооо.; bot: Что-то вас не слышно, я перезвоню.",26,200 OK,"hello_main, hello_null_1, hello_null_2, start_null_hangup"
7877082,тишина,недозвон,,"bot: Добрый день! Это компания t2, корпоративный отдел, Ольга. Минуту уделите, пожалуйста?; bot: Алло, слышно меня?; bot: Аааллооо.; bot: Что-то вас не слышно, я перезвоню.",30,200 OK,"hello_main, hello_null_1, hello_null_2, start_null_hangup"
7879466,тишина,недозвон,,"bot: Добрый день! Меня зовут Ольга, корпоративный отдел компании t2. Вам удобно сейчас минуту уделить?; bot: Алло, слышно меня?; bot: Аааллооо.; bot: Что-то вас не слышно, я перезвоню.",26,200 OK,"hello_main, hello_null_1, hello_null_2, start_null_hangup"
7881433,недозвон,недозвон,,,0,404 Not Found,
7883885,недозвон,недозвон,,,0,480 Temporarily Unavailable,
7887672,тишина,недозвон,,"bot: Добрый день! Меня зовут Ольга, корпоративный отдел компании t2. Вам удобно сейчас минуту уделить?; bot: Алло, слышно меня?; bot: Аааллооо.; bot: Что-то вас не слышно, я перезвоню.",36,200 OK,"hello_main, hello_null_1, hello_null_2, start_null_hangup"
7888953,недозвон,недозвон,,,0,480 Temporarily Unavailable,
7890629,недозвон,недозвон,,,0,404 Not Found,
7891594,тишина,недозвон,,"bot: Добрый день! Корпоративный отдел компании t2, меня зову Ольга. Меня слышно, да?; bot: Алло, слышно меня?; bot: Аааллооо.; bot: Что-то вас не слышно, я перезвоню.",25,200 OK,"hello_main, hello_null_1, hello_null_2, start_null_hangup"
7911660,недозвон,недозвон,,,0,484 Address Incomplete,
7919697,недозвон,недозвон,,,0,480 Temporarily Unavailable,
7926528,недозвон,недозвон,,,0,487 Request Terminated,
7928154,недозвон,недозвон,,,0,480 Temporarily Unavailable,
7928266,тишина,недозвон,,"bot: Добрый день! Это компания t2, корпоративный отдел, Ольга. Минуту уделите, пожалуйста?; bot: Алло, слышно меня?; bot: Аааллооо.; bot: Что-то вас не слышно, я перезвоню.",26,200 OK,"hello_main, hello_null_1, hello_null_2, start_null_hangup"
7932588,недозвон,недозвон,,,0,487 Request Terminated,
7932740,недозвон,недозвон,,,0,404 Not Found,
7956794,недозвон,недозвон,,,0,480 Temporarily Unavailable,
7975346,недозвон,недозвон,,,0,487 Request Terminated,
8031673,недозвон,недозвон,,,0,480 Temporarily Unavailable,
8045262,недозвон,недозвон,,,0,480 Temporarily Unavailable,
8048820,недозвон,недозвон,,,0,480 Temporarily Unavailable,
8058356,недозвон,недозвон,,,0,480 Temporarily Unavailable,
8059885,недозвон,недозвон,,,0,480 Temporarily Unavailable,
8060306,недозвон,недозвон,,,0,480 Temporarily Unavailable,
8062688,недозвон,недозвон,,,0,480 Temporarily Unavailable,
8063224,недозвон,недозвон,,,0,480 Temporarily Unavailable,
8068259,недозвон,недозвон,,,0,480 Temporarily Unavailable,
8071923,недозвон,недозвон,,,0,480 Temporarily Unavailable,
8072704,тишина,недозвон,,"bot: Добрый день! Корпоративный отдел компании t2, меня зову Ольга. Меня слышно, да?; bot: Алло, слышно меня?; bot: Аааллооо.; bot: Что-то вас не слышно, я перезвоню.",26,200 OK,"hello_main, hello_null_1, hello_null_2, start_null_hangup"
8074639,недозвон,недозвон,,,0,480 Temporarily Unavailable,
8076567,недозвон,недозвон,,,0,480 Temporarily Unavailable,
8077177,недозвон,недозвон,,,0,480 Temporarily Unavailable,
8081801,недозвон,недозвон,,,0,480 Temporarily Unavailable,
8082822,тишина,недозвон,,"bot: Добрый день! Это компания t2, корпоративный отдел, Ольга. Минуту уделите, пожалуйста?; bot: Алло, слышно меня?; bot: Аааллооо.; bot: Что-то вас не слышно, я перезвоню.",27,200 OK,"hello_main, hello_null_1, hello_null_2, start_null_hangup"
8083589,тишина,недозвон,,"bot: Добрый день! Это компания t2, корпоративный отдел, Ольга. Минуту уделите, пожалуйста?; bot: Алло, слышно меня?; bot: Аааллооо.; bot: Что-то вас не слышно, я перезвоню.",27,200 OK,"hello_main, hello_null_1, hello_null_2, start_null_hangup"
8085506,,недозвон,,,0,480 Temporarily Unavailable,
8086691,недозвон,недозвон,,,0,480 Temporarily Unavailable,
8086729,недозвон,недозвон,,,0,487 Request Terminated,
8087297,недозвон,недозвон,,,0,404 Not Found,
8093719,недозвон,недозвон,,,0,480 Temporarily Unavailable,
8094061,тишина,недозвон,,"bot: Добрый день! Это компания t2, корпоративный отдел, Ольга. Минуту уделите, пожалуйста?; bot: Алло, слышно меня?; bot: Аааллооо.; bot: Что-то вас не слышно, я перезвоню.",26,200 OK,"hello_main, hello_null_1, hello_null_2, start_null_hangup"
8098632,недозвон,недозвон,,,0,487 Request Terminated,
8101853,тишина,недозвон,,"bot: Добрый день! Это компания t2, корпоративный отдел, Ольга. Минуту уделите, пожалуйста?; bot: Алло, слышно меня?; bot: Аааллооо.; bot: Что-то вас не слышно, я перезвоню.",26,200 OK,"hello_main, hello_null_1, hello_null_2, start_null_hangup"
8103774,недозвон,недозвон,,,0,487 Request Terminated,
8111481,,недозвон,,,0,480 Temporarily Unavailable,
8114828,недозвон,недозвон,,,0,480 Temporarily Unavailable,
8116406,,недозвон,,,0,480 Temporarily Unavailable,
8116748,сброс на приветствии,угроза оттока не определена,,"bot: Добрый день! Меня зовут Ольга, корпоративный отдел компании t2. Вам удобно сейчас минуту уделить?",6,200 OK,hello_main
8118024,недозвон,недозвон,,,0,480 Temporarily Unavailable,
8118045,недозвон,недозвон,,,0,480 Temporarily Unavailable,
8122897,недозвон,недозвон,,,0,480 Temporarily Unavailable,
8123096,тишина,недозвон,,"bot: Добрый день! Меня зовут Ольга, корпоративный отдел компании t2. Вам удобно сейчас минуту уделить?; bot: Алло, слышно меня?; bot: Аааллооо.; bot: Что-то вас не слышно, я перезвоню.",26,200 OK,"hello_main, hello_null_1, hello_null_2, start_null_hangup"
8123444,недозвон,недозвон,,,0,480 Temporarily Unavailable,
8123455,недозвон,недозвон,,,0,480 Temporarily Unavailable,
8125290,сброс на приветствии,угроза оттока не определена,,"bot: Добрый день! Меня зовут Ольга, корпоративный отдел компании t2. Вам удобно сейчас минуту уделить?",9,200 OK,hello_main
8132246,недозвон,недозвон,,,0,480 Temporarily Unavailable,
8144601,недозвон,недозвон,,,0,480 Temporarily Unavailable,
8148306,недозвон,недозвон,,,0,480 Temporarily Unavailable,
8149178,сброс на приветствии,угроза оттока не определена,,"bot: Добрый день! Меня зовут Ольга, корпоративный отдел компании t2. Вам удобно сейчас минуту уделить?",5,200 OK,hello_main
8149334,недозвон,недозвон,,,0,404 Not Found,
8152886,недозвон,недозвон,,,0,480 Temporarily Unavailable,
8153283,тишина,недозвон,,"bot: Добрый день! Это компания t2, корпоративный отдел, Ольга. Минуту уделите, пожалуйста?; bot: Алло, слышно меня?; bot: Аааллооо.; bot: Что-то вас не слышно, я перезвоню.",29,200 OK,"hello_main, hello_null_1, hello_null_2, start_null_hangup"
8154325,недозвон,недозвон,,,0,480 Temporarily Unavailable,
8156918,недозвон,недозвон,,,0,486 Busy Here,
8157023,недозвон,недозвон,,,0,480 Temporarily Unavailable,
8158496,недозвон,недозвон,,,0,404 Not Found,
8168254,недозвон,недозвон,,,0,480 Temporarily Unavailable,
8170616,сброс на приветствии,угроза оттока не определена,,"bot: Добрый день! Это Ольга из компании t2. Мы с вами созванивались уже, но разговор прервался. Удобно сейчас?",5,200 OK,hello_main_recall
8171851,недозвон,недозвон,,,0,606 Not Acceptable,
8178520,тишина,недозвон,,"bot: Добрый день! Корпоративный отдел компании t2, меня зову Ольга. Меня слышно, да?; bot: Алло, слышно меня?; bot: Аааллооо.; bot: Что-то вас не слышно, я перезвоню.",25,200 OK,"hello_main, hello_null_1, hello_null_2, start_null_hangup"
8178548,сброс на приветствии,угроза оттока не определена,,,1,200 OK,
8179404,недозвон,недозвон,,,0,480 Temporarily Unavailable,
8179420,недозвон,недозвон,,,0,480 Temporarily Unavailable,
8182153,недозвон,недозвон,,,0,480 Temporarily Unavailable,
8184279,тишина,недозвон,,"bot: Добрый день! Корпоративный отдел компании t2, меня зову Ольга. Меня слышно, да?; bot: Алло, слышно меня?; bot: Аааллооо.; bot: Что-то вас не слышно, я перезвоню.",24,200 OK,"hello_main, hello_null_1, hello_null_2, start_null_hangup"
8185252,тишина,недозвон,,"bot: Добрый день! Это компания t2, корпоративный отдел, Ольга. Минуту уделите, пожалуйста?; bot: Алло, слышно меня?; bot: Аааллооо.; bot: Что-то вас не слышно, я перезвоню.",29,200 OK,"hello_main, hello_null_1, hello_null_2, start_null_hangup"
8185316,тишина,недозвон,,"bot: Добрый день! Меня зовут Ольга, корпоративный отдел компании t2. Вам удобно сейчас минуту уделить?; bot: Алло, слышно меня?; bot: Аааллооо.; bot: Что-то вас не слышно, я перезвоню.",32,200 OK,"hello_main, hello_null_1, hello_null_2, start_null_hangup"
8191841,недозвон,недозвон,,,0,486 Busy Here,
8192456,недозвон,недозвон,,,0,480 Temporarily Unavailable,
8197528,тишина,недозвон,,"bot: Добрый день! Компания t2, меня зовут Ольга. Звоню по корпоративному договору, меня хорошо слышно?; bot: Алло, слышно меня?; bot: Аааллооо.; bot: Что-то вас не слышно, я перезвоню.",27,200 OK,"hello_main, hello_null_1, hello_null_2, start_null_hangup"
8197981,недозвон,недозвон,,,0,480 Temporarily Unavailable,
8198240,тишина,недозвон,,"bot: Добрый день! Меня зовут Ольга, корпоративный отдел компании t2. Вам удобно сейчас минуту уделить?; bot: Алло, слышно меня?; bot: Аааллооо.; bot: Что-то вас не слышно, я перезвоню.",27,200 OK,"hello_main, hello_null_1, hello_null_2, start_null_hangup"
8198295,тишина,недозвон,,"bot: Добрый день! Меня зовут Ольга, корпоративный отдел компании t2. Вам удобно сейчас минуту уделить?; bot: Алло, слышно меня?; bot: Аааллооо.; bot: Что-то вас не слышно, я перезвоню.",27,200 OK,"hello_main, hello_null_1, hello_null_2, start_null_hangup"
8211500,недозвон,недозвон,,,0,487 Request Terminated,
8234543,недозвон,недозвон,,,0,480 Temporarily Unavailable,
8237279,тишина,недозвон,,"bot: Добрый день! Корпоративный отдел компании t2, меня зову Ольга. Меня слышно, да?; bot: Алло, слышно меня?; bot: Аааллооо.; bot: Что-то вас не слышно, я перезвоню.",26,200 OK,"hello_main, hello_null_1, hello_null_2, start_null_hangup"
8244477,недозвон,недозвон,,,0,480 Temporarily Unavailable,
8250452,недозвон,недозвон,,,0,480 Temporarily Unavailable,
8251987,недозвон,недозвон,,,0,486 Busy Here,
8252090,,недозвон,,,0,480 Temporarily Unavailable,
8254329,недозвон,недозвон,,,0,480 Temporarily Unavailable,
8272618,недозвон,недозвон,,,0,404 Not Found,
8273090,тишина,недозвон,,"bot: Добрый день! Корпоративный отдел компании t2, меня зову Ольга. Меня слышно, да?; bot: Алло, слышно меня?; bot: Аааллооо.; bot: Что-то вас не слышно, я перезвоню.",25,200 OK,"hello_main, hello_null_1, hello_null_2, start_null_hangup"
8273983,тишина,недозвон,,"bot: Добрый день! Это компания t2, корпоративный отдел, Ольга. Минуту уделите, пожалуйста?; bot: Алло, слышно меня?; bot: Аааллооо.; bot: Что-то вас не слышно, я перезвоню.",26,200 OK,"hello_main, hello_null_1, hello_null_2, start_null_hangup"
8274102,недозвон,недозвон,,,0,487 Request Terminated,
8290902,недозвон,недозвон,,,0,480 Temporarily Unavailable,
8290997,недозвон,недозвон,,,0,480 Temporarily Unavailable,
8296342,недозвон,недозвон,,,0,480 Temporarily Unavailable,
8296503,тишина,недозвон,,"bot: Добрый день! Меня зовут Ольга, корпоративный отдел компании t2. Вам удобно сейчас минуту уделить?; bot: Алло, слышно меня?; bot: Аааллооо.; bot: Что-то вас не слышно, я перезвоню.",26,200 OK,"hello_main, hello_null_1, hello_null_2, start_null_hangup"
8304660,недозвон,недозвон,,,0,480 Temporarily Unavailable,
8306475,недозвон,недозвон,,,0,480 Temporarily Unavailable,
8307874,недозвон,недозвон,,,0,480 Temporarily Unavailable,
8307971,недозвон,недозвон,,,0,480 Temporarily Unavailable,
8308463,недозвон,недозвон,,,0,480 Temporarily Unavailable,
8311318,недозвон,недозвон,,,0,480 Temporarily Unavailable,
8317855,тишина,недозвон,,"bot: Добрый день! Это компания t2, корпоративный отдел, Ольга. Минуту уделите, пожалуйста?; bot: Алло, слышно меня?; bot: Аааллооо.; bot: Что-то вас не слышно, я перезвоню.",27,200 OK,"hello_main, hello_null_1, hello_null_2, start_null_hangup"
8318274,недозвон,недозвон,,,0,480 Temporarily Unavailable,
8318406,недозвон,недозвон,,,0,480 Temporarily Unavailable,
8319431,недозвон,недозвон,,,0,480 Temporarily Unavailable,
8319724,тишина,недозвон,,"bot: Добрый день! Корпоративный отдел компании t2, меня зову Ольга. Меня слышно, да?; bot: Алло, слышно меня?; bot: Аааллооо.; bot: Что-то вас не слышно, я перезвоню.",25,200 OK,"hello_main, hello_null_1, hello_null_2, start_null_hangup"
8319828,недозвон,недозвон,,,0,480 Temporarily Unavailable,
8320103,недозвон,недозвон,,,0,404 Not Found,
8331964,недозвон,недозвон,,,0,480 Temporarily Unavailable,
8424617,недозвон,недозвон,,,0,480 Temporarily Unavailable,
8475050,недозвон,недозвон,,,0,486 Busy Here,
8487458,недозвон,недозвон,,,0,480 Temporarily Unavailable,
8513727,недозвон,недозвон,,,0,480 Temporarily Unavailable,
8513960,недозвон,недозвон,,,0,480 Temporarily Unavailable,
8514555,сброс на приветствии,угроза оттока не определена,,"bot: Добрый день! Корпоративный отдел компании t2, меня зову Ольга. Меня слышно, да?",9,200 OK,hello_main
8516493,недозвон,недозвон,,,0,480 Temporarily Unavailable,
8516673,недозвон,недозвон,,,0,480 Temporarily Unavailable,
8521373,недозвон,недозвон,,,0,480 Temporarily Unavailable,
8526226,недозвон,недозвон,,,0,480 Temporarily Unavailable,
8529221,сброс на приветствии,угроза оттока не определена,,,1,200 OK,
8535914,недозвон,недозвон,,,0,480 Temporarily Unavailable,
8543905,недозвон,недозвон,,,0,480 Temporarily Unavailable,
8544443,недозвон,недозвон,,,0,480 Temporarily Unavailable,
8555705,тишина,недозвон,,"bot: Добрый день! Меня зовут Ольга, корпоративный отдел компании t2. Вам удобно сейчас минуту уделить?; bot: Алло, слышно меня?; bot: Аааллооо.; bot: Что-то вас не слышно, я перезвоню.",27,200 OK,"hello_main, hello_null_1, hello_null_2, start_null_hangup"
8559566,недозвон,недозвон,,,0,480 Temporarily Unavailable,
8570289,тишина,недозвон,,"bot: Добрый день! Компания t2, меня зовут Ольга. Звоню по корпоративному договору, меня хорошо слышно?; bot: Алло, слышно меня?; bot: Аааллооо.",20,200 OK,"hello_main, hello_null_1, hello_null_2"
8576609,недозвон,недозвон,,,0,486 Busy Here,
8576748,недозвон,недозвон,,,0,487 Request Terminated,
8577092,недозвон,недозвон,,,0,480 Temporarily Unavailable,
8578622,сброс на приветствии,угроза оттока не определена,,"bot: Добрый день! Это компания t2, корпоративный отдел, Ольга. Минуту уделите, пожалуйста?",8,200 OK,hello_main
8598552,недозвон,недозвон,,,0,480 Temporarily Unavailable,
8609198,недозвон,недозвон,,,0,480 Temporarily Unavailable,
8611305,недозвон,недозвон,,,0,480 Temporarily Unavailable,
8612906,тишина,недозвон,,"bot: Добрый день! Корпоративный отдел компании t2, меня зову Ольга. Меня слышно, да?; bot: Алло, слышно меня?; bot: Аааллооо.; bot: Что-то вас не слышно, я перезвоню.",25,200 OK,"hello_main, hello_null_1, hello_null_2, start_null_hangup"
8614231,недозвон,недозвон,,,0,480 Temporarily Unavailable,
8618098,тишина,недозвон,,"bot: Добрый день! Компания t2, меня зовут Ольга. Звоню по корпоративному договору, меня хорошо слышно?; bot: Алло, слышно меня?; bot: Аааллооо.; bot: Что-то вас не слышно, я перезвоню.",26,200 OK,"hello_main, hello_null_1, hello_null_2, start_null_hangup"
8622495,недозвон,недозвон,,,0,480 Temporarily Unavailable,
8622738,сброс на приветствии,угроза оттока не определена,,"bot: Добрый день! Меня зовут Ольга, корпоративный отдел компании t2. Вам удобно сейчас минуту уделить?",2,200 OK,hello_main
8629843,,недозвон,,,0,480 Temporarily Unavailable,
8636815,недозвон,недозвон,,,0,487 Request Terminated,
8640068,недозвон,недозвон,,,0,480 Temporarily Unavailable,
8641703,недозвон,недозвон,,,0,480 Temporarily Unavailable,
8648400,недозвон,недозвон,,,0,487 Request Terminated,
8649131,недозвон,недозвон,,,0,480 Temporarily Unavailable,
8662881,недозвон,недозвон,,,0,480 Temporarily Unavailable,
8663836,тишина,недозвон,,"bot: Добрый день! Это компания t2, корпоративный отдел, Ольга. Минуту уделите, пожалуйста?; bot: Алло, слышно меня?; bot: Аааллооо.; bot: Что-то вас не слышно, я перезвоню.",26,200 OK,"hello_main, hello_null_1, hello_null_2, start_null_hangup"
8665387,недозвон,недозвон,,,0,480 Temporarily Unavailable,
8673285,недозвон,недозвон,,,0,404 Not Found,
8676693,недозвон,недозвон,,,0,480 Temporarily Unavailable,
8690234,сброс на приветствии,угроза оттока не определена,,"bot: Добрый день! Меня зовут Ольга, корпоративный отдел компании t2. Вам удобно сейчас минуту уделить?",4,200 OK,hello_main
8691986,недозвон,недозвон,,,0,480 Temporarily Unavailable,
8695160,недозвон,недозвон,,,0,487 Request Terminated,
8698363,сброс на приветствии,угроза оттока не определена,,"bot: Добрый день! Это компания t2, корпоративный отдел, Ольга. Минуту уделите, пожалуйста?",1,200 OK,hello_main
8698944,недозвон,недозвон,,,0,480 Temporarily Unavailable,
8699501,тишина,недозвон,,"bot: Добрый день! Меня зовут Ольга, корпоративный отдел компании t2. Вам удобно сейчас минуту уделить?; bot: Алло, слышно меня?; bot: Аааллооо.; bot: Что-то вас не слышно, я перезвоню.",26,200 OK,"hello_main, hello_null_1, hello_null_2, start_null_hangup"
8700551,недозвон,недозвон,,,0,480 Temporarily Unavailable,
8701419,недозвон,недозвон,,,0,480 Temporarily Unavailable,
8702301,недозвон,недозвон,,,0,480 Temporarily Unavailable,
8703196,сброс на приветствии,угроза оттока не определена,,"bot: Добрый день! Это компания t2, корпоративный отдел, Ольга. Минуту уделите, пожалуйста?",5,200 OK,hello_main
8703846,недозвон,недозвон,,,0,480 Temporarily Unavailable,
8703849,недозвон,недозвон,,,0,480 Temporarily Unavailable,
8704022,недозвон,недозвон,,,0,480 Temporarily Unavailable,
8705081,недозвон,недозвон,,,0,480 Temporarily Unavailable,
8705450,недозвон,недозвон,,,0,480 Temporarily Unavailable,
8708791,недозвон,недозвон,,,0,487 Request Terminated,
8713347,сброс на приветствии,угроза оттока не определена,,"bot: Добрый день! Это компания t2, корпоративный отдел, Ольга. Минуту уделите, пожалуйста?",5,200 OK,hello_main
8718268,недозвон,недозвон,,,0,480 Temporarily Unavailable,
8721102,недозвон,недозвон,,,0,480 Temporarily Unavailable,
8756532,тишина,недозвон,,"bot: Добрый день! Меня зовут Ольга, корпоративный отдел компании t2. Вам удобно сейчас минуту уделить?; bot: Алло, слышно меня?; bot: Аааллооо.; bot: Что-то вас не слышно, я перезвоню.",27,200 OK,"hello_main, hello_null_1, hello_null_2, start_null_hangup"
8784200,недозвон,недозвон,,,0,480 Temporarily Unavailable,
8789340,недозвон,недозвон,,,0,480 Temporarily Unavailable,
8791527,тишина,недозвон,,"bot: Добрый день! Компания t2, меня зовут Ольга. Звоню по корпоративному договору, меня хорошо слышно?; bot: Алло, слышно меня?; bot: Аааллооо.; bot: Что-то вас не слышно, я перезвоню.",26,200 OK,"hello_main, hello_null_1, hello_null_2, start_null_hangup"
8804393,тишина,недозвон,,"bot: Добрый день! Компания t2, меня зовут Ольга. Звоню по корпоративному договору, меня хорошо слышно?; bot: Алло, слышно меня?; bot: Аааллооо.; bot: Что-то вас не слышно, я перезвоню.",27,200 OK,"hello_main, hello_null_1, hello_null_2, start_null_hangup"
8805092,тишина,недозвон,,"bot: Добрый день! Меня зовут Ольга, корпоративный отдел компании t2. Вам удобно сейчас минуту уделить?; bot: Алло, слышно меня?; bot: Аааллооо.; bot: Что-то вас не слышно, я перезвоню.",29,200 OK,"hello_main, hello_null_1, hello_null_2, start_null_hangup"
8805532,недозвон,недозвон,,,0,480 Temporarily Unavailable,
8806863,недозвон,недозвон,,,0,480 Temporarily Unavailable,
8825966,недозвон,недозвон,,,0,480 Temporarily Unavailable,
8830978,сброс на приветствии,угроза оттока не определена,,,1,200 OK,
8838227,недозвон,недозвон,,,0,480 Temporarily Unavailable,
8847472,недозвон,недозвон,,,0,480 Temporarily Unavailable,
8854283,недозвон,недозвон,,,0,480 Temporarily Unavailable,
8855106,недозвон,недозвон,,,0,486 Busy Here,
8860739,тишина,недозвон,,"bot: Добрый день! Это компания t2, корпоративный отдел, Ольга. Минуту уделите, пожалуйста?; bot: Алло, слышно меня?; bot: Аааллооо.; bot: Что-то вас не слышно, я перезвоню.",30,200 OK,"hello_main, hello_null_1, hello_null_2, start_null_hangup"
8861531,недозвон,недозвон,,,0,480 Temporarily Unavailable,
8863376,недозвон,недозвон,,,0,480 Temporarily Unavailable,
8869507,недозвон,недозвон,,,0,480 Temporarily Unavailable,
8874362,недозвон,недозвон,,,0,480 Temporarily Unavailable,
8877589,недозвон,недозвон,,,0,480 Temporarily Unavailable,
8883351,сброс на приветствии,угроза оттока не определена,,"bot: Добрый день! Меня зовут Ольга, корпоративный отдел компании t2. Вам удобно сейчас минуту уделить?",5,200 OK,hello_main
8884436,недозвон,недозвон,,,0,606 Not Acceptable,
8888059,недозвон,недозвон,,,0,480 Temporarily Unavailable,
8890283,недозвон,недозвон,,,0,486 Busy Here,
8896376,недозвон,недозвон,,,0,480 Temporarily Unavailable,
8904406,недозвон,недозвон,,,0,480 Temporarily Unavailable,
8909155,недозвон,недозвон,,,0,480 Temporarily Unavailable,
8909307,недозвон,недозвон,,,0,480 Temporarily Unavailable,
8910594,недозвон,недозвон,,,0,480 Temporarily Unavailable,
8910853,сброс на приветствии,угроза оттока не определена,,,0,200 OK,
8917529,недозвон,недозвон,,,0,487 Request Terminated,
8918660,недозвон,недозвон,,,0,480 Temporarily Unavailable,
8919925,недозвон,недозвон,,,0,480 Temporarily Unavailable,
8919939,тишина,недозвон,,"bot: Добрый день! Корпоративный отдел компании t2, меня зову Ольга. Меня слышно, да?; bot: Алло, слышно меня?; bot: Аааллооо.; bot: Что-то вас не слышно, я перезвоню.",26,200 OK,"hello_main, hello_null_1, hello_null_2, start_null_hangup"
8925150,недозвон,недозвон,,,0,487 Request Terminated,
8932717,недозвон,недозвон,,,0,487 Request Terminated,
8936224,недозвон,недозвон,,,0,480 Temporarily Unavailable,
8949641,недозвон,недозвон,,,0,480 Temporarily Unavailable,
8967792,недозвон,недозвон,,,0,486 Busy Here,
8977289,тишина,недозвон,,"bot: Добрый день! Меня зовут Ольга, корпоративный отдел компании t2. Вам удобно сейчас минуту уделить?; bot: Алло, слышно меня?; bot: Аааллооо.; bot: Что-то вас не слышно, я перезвоню.",27,200 OK,"hello_main, hello_null_1, hello_null_2, start_null_hangup"
8978848,недозвон,недозвон,,,0,480 Temporarily Unavailable,
8979911,недозвон,недозвон,,,0,480 Temporarily Unavailable,
8983369,сброс на приветствии,угроза оттока не определена,,"bot: Добрый день! Корпоративный отдел компании t2, меня зову Ольга. Меня слышно, да?",6,200 OK,hello_main
8983382,недозвон,недозвон,,,0,480 Temporarily Unavailable,
8983383,тишина,недозвон,,"bot: Добрый день! Компания t2, меня зовут Ольга. Звоню по корпоративному договору, меня хорошо слышно?; bot: Алло, слышно меня?; bot: Аааллооо.; bot: Что-то вас не слышно, я перезвоню.",27,200 OK,"hello_main, hello_null_1, hello_null_2, start_null_hangup"
8991860,недозвон,недозвон,,,0,480 Temporarily Unavailable,
8992693,недозвон,недозвон,,,0,480 Temporarily Unavailable,
8997746,недозвон,недозвон,,,0,480 Temporarily Unavailable,
9001006,недозвон,недозвон,,,0,486 Busy Here,
9007331,недозвон,недозвон,,,0,480 Temporarily Unavailable,
9012763,тишина,недозвон,,"bot: Добрый день! Меня зовут Ольга, корпоративный отдел компании t2. Вам удобно сейчас минуту уделить?; bot: Алло, слышно меня?; bot: Аааллооо.; bot: Что-то вас не слышно, я перезвоню.",26,200 OK,"hello_main, hello_null_1, hello_null_2, start_null_hangup"
9013041,недозвон,недозвон,,,0,480 Temporarily Unavailable,
9013945,недозвон,недозвон,,,0,480 Temporarily Unavailable,
9016604,недозвон,недозвон,,,0,486 Busy Here,
9027481,недозвон,недозвон,,,0,480 Temporarily Unavailable,
9029505,тишина,недозвон,,"bot: Добрый день! Это компания t2, корпоративный отдел, Ольга. Минуту уделите, пожалуйста?; bot: Алло, слышно меня?; bot: Аааллооо.; bot: Что-то вас не слышно, я перезвоню.",27,200 OK,"hello_main, hello_null_1, hello_null_2, start_null_hangup"
9031067,недозвон,недозвон,,,0,480 Temporarily Unavailable,
9038883,недозвон,недозвон,,,0,480 Temporarily Unavailable,
9044033,тишина,недозвон,,"bot: Добрый день! Компания t2, меня зовут Ольга. Звоню по корпоративному договору, меня хорошо слышно?; bot: Алло, слышно меня?; bot: Аааллооо.; bot: Что-то вас не слышно, я перезвоню.",28,200 OK,"hello_main, hello_null_1, hello_null_2, start_null_hangup"
9051924,тишина,недозвон,,"bot: Добрый день! Меня зовут Ольга, корпоративный отдел компании t2. Вам удобно сейчас минуту уделить?; bot: Алло, слышно меня?; bot: Аааллооо.; bot: Что-то вас не слышно, я перезвоню.",27,200 OK,"hello_main, hello_null_1, hello_null_2, start_null_hangup"
9054463,недозвон,недозвон,,,0,480 Temporarily Unavailable,
9064072,тишина,недозвон,,"bot: Добрый день! Меня зовут Ольга, корпоративный отдел компании t2. Вам удобно сейчас минуту уделить?; bot: Алло, слышно меня?; bot: Аааллооо.; bot: Что-то вас не слышно, я перезвоню.",27,200 OK,"hello_main, hello_null_1, hello_null_2, start_null_hangup"
9066722,недозвон,недозвон,,,0,500 Internal Server Error,
9067626,недозвон,недозвон,,,0,487 Request Terminated,
9080737,недозвон,недозвон,,,0,487 Request Terminated,
9082956,недозвон,недозвон,,,0,480 Temporarily Unavailable,
9083241,тишина,недозвон,,"bot: Добрый день! Это компания t2, корпоративный отдел, Ольга. Минуту уделите, пожалуйста?; bot: Алло, слышно меня?; bot: Аааллооо.; bot: Что-то вас не слышно, я перезвоню.",26,200 OK,"hello_main, hello_null_1, hello_null_2, start_null_hangup"
9083673,сброс на приветствии,угроза оттока не определена,,,10,200 OK,
9084390,тишина,недозвон,,"bot: Добрый день! Компания t2, меня зовут Ольга. Звоню по корпоративному договору, меня хорошо слышно?; bot: Алло, слышно меня?; bot: Аааллооо.; bot: Что-то вас не слышно, я перезвоню.",27,200 OK,"hello_main, hello_null_1, hello_null_2, start_null_hangup"
9084499,тишина,недозвон,,"bot: Добрый день! Компания t2, меня зовут Ольга. Звоню по корпоративному договору, меня хорошо слышно?; bot: Алло, слышно меня?; bot: Аааллооо.; bot: Что-то вас не слышно, я перезвоню.",26,200 OK,"hello_main, hello_null_1, hello_null_2, start_null_hangup"
9084551,недозвон,недозвон,,,0,480 Temporarily Unavailable,
9089012,недозвон,недозвон,,,0,480 Temporarily Unavailable,
9091900,недозвон,недозвон,,,0,480 Temporarily Unavailable,
9095645,тишина,недозвон,,"bot: Добрый день! Это компания t2, корпоративный отдел, Ольга. Минуту уделите, пожалуйста?; bot: Алло, слышно меня?; bot: Аааллооо.; bot: Что-то вас не слышно, я перезвоню.",27,200 OK,"hello_main, hello_null_1, hello_null_2, start_null_hangup"
9096037,тишина,недозвон,,"bot: Добрый день! Компания t2, меня зовут Ольга. Звоню по корпоративному договору, меня хорошо слышно?; bot: Алло, слышно меня?; bot: Аааллооо.; bot: Что-то вас не слышно, я перезвоню.",28,200 OK,"hello_main, hello_null_1, hello_null_2, start_null_hangup"
9096690,недозвон,недозвон,,,0,480 Temporarily Unavailable,
9099745,недозвон,недозвон,,,0,487 Request Terminated,
9104574,тишина,недозвон,,"bot: Добрый день! Это компания t2, корпоративный отдел, Ольга. Минуту уделите, пожалуйста?; bot: Алло, слышно меня?",15,200 OK,"hello_main, hello_null_1"
9105135,тишина,недозвон,,"bot: Добрый день! Меня зовут Ольга, корпоративный отдел компании t2. Вам удобно сейчас минуту уделить?; bot: Алло, слышно меня?; bot: Аааллооо.; bot: Что-то вас не слышно, я перезвоню.",26,200 OK,"hello_main, hello_null_1, hello_null_2, start_null_hangup"
9105622,,недозвон,,,0,480 Temporarily Unavailable,
9110142,тишина,недозвон,,"bot: Добрый день! Корпоративный отдел компании t2, меня зову Ольга. Меня слышно, да?; bot: Алло, слышно меня?; bot: Аааллооо.; bot: Что-то вас не слышно, я перезвоню.",29,200 OK,"hello_main, hello_null_1, hello_null_2, start_null_hangup"
9110989,тишина,недозвон,,"bot: Добрый день! Это компания t2, корпоративный отдел, Ольга. Минуту уделите, пожалуйста?; bot: Алло, слышно меня?; bot: Аааллооо.; bot: Что-то вас не слышно, я перезвоню.",26,200 OK,"hello_main, hello_null_1, hello_null_2, start_null_hangup"
9111946,тишина,недозвон,,"bot: Добрый день! Корпоративный отдел компании t2, меня зову Ольга. Меня слышно, да?; bot: Алло, слышно меня?; bot: Аааллооо.; bot: Что-то вас не слышно, я перезвоню.",25,200 OK,"hello_main, hello_null_1, hello_null_2, start_null_hangup"
9112732,тишина,недозвон,,"bot: Добрый день! Это компания t2, корпоративный отдел, Ольга. Минуту уделите, пожалуйста?; bot: Алло, слышно меня?; bot: Аааллооо.; bot: Что-то вас не слышно, я перезвоню.",27,200 OK,"hello_main, hello_null_1, hello_null_2, start_null_hangup"
9113218,недозвон,недозвон,,,0,486 Busy Here,
9120543,тишина,недозвон,,"bot: Добрый день! Корпоративный отдел компании t2, меня зову Ольга. Меня слышно, да?; bot: Алло, слышно меня?; bot: Аааллооо.; bot: Что-то вас не слышно, я перезвоню.",26,200 OK,"hello_main, hello_null_1, hello_null_2, start_null_hangup"
9122965,тишина,недозвон,,"bot: Добрый день! Корпоративный отдел компании t2, меня зову Ольга. Меня слышно, да?; bot: Алло, слышно меня?; bot: Аааллооо.; bot: Что-то вас не слышно, я перезвоню.",26,200 OK,"hello_main, hello_null_1, hello_null_2, start_null_hangup"
9130012,недозвон,недозвон,,,0,480 Temporarily Unavailable,
9135174,сброс на приветствии,угроза оттока не определена,,"bot: Добрый день! Компания t2, меня зовут Ольга. Звоню по корпоративному договору, меня хорошо слышно?",6,200 OK,hello_main
9150637,недозвон,недозвон,,,0,480 Temporarily Unavailable,
9153201,недозвон,недозвон,,,0,480 Temporarily Unavailable,
9167902,недозвон,недозвон,,,0,480 Temporarily Unavailable,
9173418,тишина,недозвон,,"bot: Добрый день! Меня зовут Ольга, корпоративный отдел компании t2. Вам удобно сейчас минуту уделить?; bot: Алло, слышно меня?; bot: Аааллооо.; bot: Что-то вас не слышно, я перезвоню.",28,200 OK,"hello_main, hello_null_1, hello_null_2, start_null_hangup"
9179066,недозвон,недозвон,,,0,480 Temporarily Unavailable,
9183671,недозвон,недозвон,,,0,480 Temporarily Unavailable,
9183759,сброс на приветствии,угроза оттока не определена,,"bot: Добрый день! Меня зовут Ольга, корпоративный отдел компании t2. Вам удобно сейчас минуту уделить?",1,200 OK,hello_main
9187506,недозвон,недозвон,,,0,480 Temporarily Unavailable,
9189508,недозвон,недозвон,,,0,480 Temporarily Unavailable,
9194649,тишина,недозвон,,"bot: Добрый день! Меня зовут Ольга, корпоративный отдел компании t2. Вам удобно сейчас минуту уделить?; bot: Алло, слышно меня?; bot: Аааллооо.; bot: Что-то вас не слышно, я перезвоню.",31,200 OK,"hello_main, hello_null_1, hello_null_2, start_null_hangup"
9201300,сброс на приветствии,угроза оттока не определена,,"bot: Добрый день! Меня зовут Ольга, корпоративный отдел компании t2. Вам удобно сейчас минуту уделить?",5,200 OK,hello_main
9207380,недозвон,недозвон,,,0,480 Temporarily Unavailable,
9209002,недозвон,недозвон,,,0,480 Temporarily Unavailable,
9211011,тишина,недозвон,,"bot: Добрый день! Это компания t2, корпоративный отдел, Ольга. Минуту уделите, пожалуйста?; bot: Алло, слышно меня?; bot: Аааллооо.; bot: Что-то вас не слышно, я перезвоню.",27,200 OK,"hello_main, hello_null_1, hello_null_2, start_null_hangup"
9220234,недозвон,недозвон,,,0,487 Request Terminated,
9223163,тишина,недозвон,,"bot: Добрый день! Компания t2, меня зовут Ольга. Звоню по корпоративному договору, меня хорошо слышно?; bot: Алло, слышно меня?",15,200 OK,"hello_main, hello_null_1"
9223747,недозвон,недозвон,,,0,487 Request Terminated,
9224466,недозвон,недозвон,,,0,480 Temporarily Unavailable,
9225543,недозвон,недозвон,,,0,480 Temporarily Unavailable,
9225737,недозвон,недозвон,,,0,480 Temporarily Unavailable,
9227112,тишина,недозвон,,"bot: Добрый день! Меня зовут Ольга, корпоративный отдел компании t2. Вам удобно сейчас минуту уделить?; bot: Алло, слышно меня?; bot: Аааллооо.; bot: Что-то вас не слышно, я перезвоню.",27,200 OK,"hello_main, hello_null_1, hello_null_2, start_null_hangup"
9228266,недозвон,недозвон,,,0,480 Temporarily Unavailable,
9228328,недозвон,недозвон,,,0,480 Temporarily Unavailable,
9229291,недозвон,недозвон,,,0,480 Temporarily Unavailable,
9229301,недозвон,недозвон,,,0,487 Request Terminated,
9229760,недозвон,недозвон,,,0,480 Temporarily Unavailable,
9230968,недозвон,недозвон,,,0,480 Temporarily Unavailable,
9230997,недозвон,недозвон,,,0,480 Temporarily Unavailable,
9231119,недозвон,недозвон,,,0,480 Temporarily Unavailable,
9242656,тишина,недозвон,,"bot: Добрый день! Компания t2, меня зовут Ольга. Звоню по корпоративному договору, меня хорошо слышно?; bot: Алло, слышно меня?; bot: Аааллооо.; bot: Что-то вас не слышно, я перезвоню.",28,200 OK,"hello_main, hello_null_1, hello_null_2, start_null_hangup"
9243658,недозвон,недозвон,,,0,480 Temporarily Unavailable,
9252991,недозвон,недозвон,,,0,486 Busy Here,
9253072,тишина,недозвон,,"bot: Добрый день! Это компания t2, корпоративный отдел, Ольга. Минуту уделите, пожалуйста?; bot: Алло, слышно меня?; bot: Аааллооо.; bot: Что-то вас не слышно, я перезвоню.",26,200 OK,"hello_main, hello_null_1, hello_null_2, start_null_hangup"
9253092,тишина,недозвон,,"bot: Добрый день! Корпоративный отдел компании t2, меня зову Ольга. Меня слышно, да?; bot: Алло, слышно меня?; bot: Аааллооо.; bot: Что-то вас не слышно, я перезвоню.",26,200 OK,"hello_main, hello_null_1, hello_null_2, start_null_hangup"
9253499,тишина,недозвон,,"bot: Добрый день! Компания t2, меня зовут Ольга. Звоню по корпоративному договору, меня хорошо слышно?; bot: Алло, слышно меня?; bot: Аааллооо.; bot: Что-то вас не слышно, я перезвоню.",31,200 OK,"hello_main, hello_null_1, hello_null_2, start_null_hangup"
9254316,тишина,недозвон,,"bot: Добрый день! Компания t2, меня зовут Ольга. Звоню по корпоративному договору, меня хорошо слышно?; bot: Алло, слышно меня?; bot: Аааллооо.; bot: Что-то вас не слышно, я перезвоню.",29,200 OK,"hello_main, hello_null_1, hello_null_2, start_null_hangup"
9255531,сброс на приветствии,угроза оттока не определена,,"bot: Добрый день! Это компания t2, корпоративный отдел, Ольга. Минуту уделите, пожалуйста?",9,200 OK,hello_main
9256131,тишина,недозвон,,"bot: Добрый день! Меня зовут Ольга, корпоративный отдел компании t2. Вам удобно сейчас минуту уделить?; bot: Алло, слышно меня?; bot: Аааллооо.; bot: Что-то вас не слышно, я перезвоню.",30,200 OK,"hello_main, hello_null_1, hello_null_2, start_null_hangup"
9258324,недозвон,недозвон,,,0,500 Internal Server Error,
9258363,недозвон,недозвон,,,0,404 Not Found,
9258514,недозвон,недозвон,,,0,480 Temporarily Unavailable,
9260280,недозвон,недозвон,,,0,480 Temporarily Unavailable,
9262111,недозвон,недозвон,,,0,480 Temporarily Unavailable,
9263748,недозвон,недозвон,,,0,480 Temporarily Unavailable,
9264932,тишина,недозвон,,"bot: Добрый день! Меня зовут Ольга, корпоративный отдел компании t2. Вам удобно сейчас минуту уделить?; bot: Алло, слышно меня?; bot: Аааллооо.; bot: Что-то вас не слышно, я перезвоню.",27,200 OK,"hello_main, hello_null_1, hello_null_2, start_null_hangup"
9266862,недозвон,недозвон,,,0,486 Busy Here,
9267954,недозвон,недозвон,,,0,480 Temporarily Unavailable,
9282578,недозвон,недозвон,,,0,480 Temporarily Unavailable,
9289893,недозвон,недозвон,,,0,404 Not Found,
9293858,недозвон,недозвон,,,0,404 Not Found,
9294339,недозвон,недозвон,,,0,487 Request Terminated,
9296283,тишина,недозвон,,"bot: Добрый день! Меня зовут Ольга, корпоративный отдел компании t2. Вам удобно сейчас минуту уделить?; bot: Алло, слышно меня?; bot: Аааллооо.; bot: Что-то вас не слышно, я перезвоню.",34,200 OK,"hello_main, hello_null_1, hello_null_2, start_null_hangup"
9297413,недозвон,недозвон,,,0,487 Request Terminated,
9297545,недозвон,недозвон,,,0,480 Temporarily Unavailable,
9302837,тишина,недозвон,,"bot: Добрый день! Корпоративный отдел компании t2, меня зову Ольга. Меня слышно, да?; bot: Алло, слышно меня?; bot: Аааллооо.; bot: Что-то вас не слышно, я перезвоню.",26,200 OK,"hello_main, hello_null_1, hello_null_2, start_null_hangup"
9305369,недозвон,недозвон,,,0,404 Not Found,
9305681,тишина,недозвон,,"bot: Добрый день! Корпоративный отдел компании t2, меня зову Ольга. Меня слышно, да?; bot: Алло, слышно меня?; bot: Аааллооо.; bot: Что-то вас не слышно, я перезвоню.",25,200 OK,"hello_main, hello_null_1, hello_null_2, start_null_hangup"
9305684,тишина,недозвон,,"bot: Добрый день! Корпоративный отдел компании t2, меня зову Ольга. Меня слышно, да?; bot: Алло, слышно меня?; bot: Аааллооо.; bot: Что-то вас не слышно, я перезвоню.",26,200 OK,"hello_main, hello_null_1, hello_null_2, start_null_hangup"
9336627,недозвон,недозвон,,,0,480 Temporarily Unavailable,
9339477,недозвон,недозвон,,,0,486 Busy Here,
9354062,тишина,недозвон,,"bot: Добрый день! Это компания t2, корпоративный отдел, Ольга. Минуту уделите, пожалуйста?; bot: Алло, слышно меня?; bot: Аааллооо.; bot: Что-то вас не слышно, я перезвоню.",35,200 OK,"hello_main, hello_null_1, hello_null_2, start_null_hangup"
9390920,недозвон,недозвон,,,0,480 Temporarily Unavailable,
9392237,тишина,недозвон,,"bot: Добрый день! Это компания t2, корпоративный отдел, Ольга. Минуту уделите, пожалуйста?; bot: Алло, слышно меня?; bot: Аааллооо.; bot: Что-то вас не слышно, я перезвоню.",26,200 OK,"hello_main, hello_null_1, hello_null_2, start_null_hangup"
9411532,тишина,недозвон,,"bot: Добрый день! Меня зовут Ольга, корпоративный отдел компании t2. Вам удобно сейчас минуту уделить?; bot: Алло, слышно меня?; bot: Аааллооо.; bot: Что-то вас не слышно, я перезвоню.",26,200 OK,"hello_main, hello_null_1, hello_null_2, start_null_hangup"
9417616,сброс на приветствии,угроза оттока не определена,,"bot: Добрый день! Это компания t2, корпоративный отдел, Ольга. Минуту уделите, пожалуйста?",10,200 OK,hello_main
9423586,тишина,недозвон,,"bot: Добрый день! Это компания t2, корпоративный отдел, Ольга. Минуту уделите, пожалуйста?; bot: Алло, слышно меня?; bot: Аааллооо.; bot: Что-то вас не слышно, я перезвоню.",28,200 OK,"hello_main, hello_null_1, hello_null_2, start_null_hangup"
9434075,недозвон,недозвон,,,0,487 Request Terminated,
9442616,тишина,недозвон,,"bot: Добрый день! Компания t2, меня зовут Ольга. Звоню по корпоративному договору, меня хорошо слышно?; bot: Алло, слышно меня?; bot: Аааллооо.; bot: Что-то вас не слышно, я перезвоню.",30,200 OK,"hello_main, hello_null_1, hello_null_2, start_null_hangup"
9442643,тишина,недозвон,,"bot: Добрый день! Компания t2, меня зовут Ольга. Звоню по корпоративному договору, меня хорошо слышно?; bot: Алло, слышно меня?; bot: Аааллооо.; bot: Что-то вас не слышно, я перезвоню.",27,200 OK,"hello_main, hello_null_1, hello_null_2, start_null_hangup"
9448455,недозвон,недозвон,,,0,480 Temporarily Unavailable,
9451610,недозвон,недозвон,,,0,487 Request Terminated,
9452191,сброс на приветствии,угроза оттока не определена,,"bot: Добрый день! Меня зовут Ольга, корпоративный отдел компании t2. Вам удобно сейчас минуту уделить?",3,200 OK,hello_main
9452288,сброс на приветствии,угроза оттока не определена,,"bot: Добрый день! Корпоративный отдел компании t2, меня зову Ольга. Меня слышно, да?",6,200 OK,hello_main
9453937,сброс на приветствии,угроза оттока не определена,,"bot: Добрый день! Компания t2, меня зовут Ольга. Звоню по корпоративному договору, меня хорошо слышно?",7,200 OK,hello_main
9454834,тишина,недозвон,,"bot: Добрый день! Компания t2, меня зовут Ольга. Звоню по корпоративному договору, меня хорошо слышно?; bot: Алло, слышно меня?; bot: Аааллооо.; bot: Что-то вас не слышно, я перезвоню.",26,200 OK,"hello_main, hello_null_1, hello_null_2, start_null_hangup"
9455315,недозвон,недозвон,,,0,480 Temporarily Unavailable,
9459860,недозвон,недозвон,,,0,480 Temporarily Unavailable,
9463135,недозвон,недозвон,,,0,486 Busy Here,
9470671,тишина,недозвон,,"bot: Добрый день! Это компания t2, корпоративный отдел, Ольга. Минуту уделите, пожалуйста?; bot: Алло, слышно меня?; bot: Аааллооо.; bot: Что-то вас не слышно, я перезвоню.",26,200 OK,"hello_main, hello_null_1, hello_null_2, start_null_hangup"
9475893,недозвон,недозвон,,,0,480 Temporarily Unavailable,
9480003,недозвон,недозвон,,,0,480 Temporarily Unavailable,
9497791,недозвон,недозвон,,,0,480 Temporarily Unavailable,
9510354,недозвон,недозвон,,,0,480 Temporarily Unavailable,
9513245,недозвон,недозвон,,,0,480 Temporarily Unavailable,
9516427,тишина,недозвон,,"bot: Добрый день! Это компания t2, корпоративный отдел, Ольга. Минуту уделите, пожалуйста?",12,200 OK,hello_main
9519722,недозвон,недозвон,,,0,480 Temporarily Unavailable,
9520080,недозвон,недозвон,,,0,480 Temporarily Unavailable,
9521948,сброс на приветствии,угроза оттока не определена,,"bot: Добрый день! Это компания t2, корпоративный отдел, Ольга. Минуту уделите, пожалуйста?",5,200 OK,hello_main
9531949,тишина,недозвон,,"bot: Добрый день! Корпоративный отдел компании t2, меня зову Ольга. Меня слышно, да?; bot: Алло, слышно меня?; bot: Аааллооо.; bot: Что-то вас не слышно, я перезвоню.",25,200 OK,"hello_main, hello_null_1, hello_null_2, start_null_hangup"
9536208,,недозвон,,,0,487 Request Terminated,
9551934,тишина,недозвон,,"bot: Добрый день! Меня зовут Ольга, корпоративный отдел компании t2. Вам удобно сейчас минуту уделить?; bot: Алло, слышно меня?; bot: Аааллооо.; bot: Что-то вас не слышно, я перезвоню.",26,200 OK,"hello_main, hello_null_1, hello_null_2, start_null_hangup"
9576349,тишина,недозвон,,"bot: Добрый день! Корпоративный отдел компании t2, меня зову Ольга. Меня слышно, да?; bot: Алло, слышно меня?; bot: Аааллооо.; bot: Что-то вас не слышно, я перезвоню.",25,200 OK,"hello_main, hello_null_1, hello_null_2, start_null_hangup"
10011187,тишина,недозвон,,"bot: Добрый день! Компания t2, меня зовут Ольга. Звоню по корпоративному договору, меня хорошо слышно?; bot: Алло, слышно меня?; bot: Аааллооо.; bot: Что-то вас не слышно, я перезвоню.",32,200 OK,"hello_main, hello_null_1, hello_null_2, start_null_hangup"
10013900,недозвон,недозвон,,,0,480 Temporarily Unavailable,
10021937,недозвон,недозвон,,,0,480 Temporarily Unavailable,
10022506,недозвон,недозвон,,,0,404 Not Found,
10022894,недозвон,недозвон,,,0,480 Temporarily Unavailable,
10023995,сброс на приветствии,угроза оттока не определена,,"bot: Добрый день! Меня зовут Ольга, корпоративный отдел компании t2. Вам удобно сейчас минуту уделить?",7,200 OK,hello_main
10025062,недозвон,недозвон,,,0,404 Not Found,
10025070,недозвон,недозвон,,,0,480 Temporarily Unavailable,
10025755,недозвон,недозвон,,,0,486 Busy Here,
10026966,недозвон,недозвон,,,0,480 Temporarily Unavailable,
10027201,тишина,недозвон,,"bot: Добрый день! Корпоративный отдел компании t2, меня зову Ольга. Меня слышно, да?; bot: Алло, слышно меня?; bot: Аааллооо.; bot: Что-то вас не слышно, я перезвоню.",31,200 OK,"hello_main, hello_null_1, hello_null_2, start_null_hangup"
10027202,тишина,недозвон,,"bot: Добрый день! Меня зовут Ольга, корпоративный отдел компании t2. Вам удобно сейчас минуту уделить?; bot: Алло, слышно меня?; bot: Аааллооо.; bot: Что-то вас не слышно, я перезвоню.",27,200 OK,"hello_main, hello_null_1, hello_null_2, start_null_hangup"
10027203,недозвон,недозвон,,,0,480 Temporarily Unavailable,
10027991,недозвон,недозвон,,,0,480 Temporarily Unavailable,
10029090,недозвон,недозвон,,,0,404 Not Found,
10030832,недозвон,недозвон,,,0,480 Temporarily Unavailable,
10031553,тишина,недозвон,,"bot: Добрый день! Это компания t2, корпоративный отдел, Ольга. Минуту уделите, пожалуйста?; bot: Алло, слышно меня?; bot: Аааллооо.; bot: Что-то вас не слышно, я перезвоню.",25,200 OK,"hello_main, hello_null_1, hello_null_2, start_null_hangup"
